date,commodity,food_price,inflation_annual_avg,inflation_12m,central_bank_rate,rainfall,temperature,temperature_max,temperature_min,humidity,wind_speed,food_price_lag_1,food_price_lag_3,food_price_lag_6,food_price_lag_12,food_price_change_1m,food_price_ma_3,food_price_ma_6,central_bank_rate_change_1m,target_food_price_next_month,target_date
2018-12-01,Bananas,10.0,4.69,5.71,9.0,2.113506954720328,24.146886060964768,30.01334418467002,19.406097070139086,68.98363302752291,3.786693696359874,,,,,,10.0,10.0,,10.0,2019-01-01
2021-01-01,Bananas,10.0,5.74,5.69,7.0,0.7919354838709679,23.90754838709677,30.62400000000001,18.40103225806452,63.9471612903226,3.8561290322580617,8.0,10.0,,,2.0,9.333333333333334,9.5,-2.0,18.75,2021-02-01
2021-02-01,Bananas,18.75,5.16,5.78,7.0,1.0442857142857147,24.79950000000001,31.69057142857141,19.06357142857143,59.52299999999998,3.674142857142858,10.0,10.0,,,8.75,12.25,11.35,0.0,10.0,2021-03-01
2021-03-01,Bananas,10.0,5.17,5.9,7.0,1.7911612903225802,25.173806451612897,31.998322580645176,19.61935483870968,59.83787096774194,4.444709677419353,18.75,8.0,,,-8.75,12.916666666666666,11.125,0.0,10.0,2021-04-01
2021-04-01,Bananas,10.0,4.66,5.76,7.0,2.957933333333333,24.55046666666667,30.21866666666668,20.13686666666666,69.45406666666668,4.395666666666665,10.0,10.0,10.0,,0.0,12.916666666666666,11.125,0.0,12.395,2021-05-01
2021-05-01,Bananas,12.395,5.2,5.87,7.0,4.084645161290321,23.198838709677418,28.791161290322574,18.890903225806447,71.30193548387098,4.230838709677419,10.0,18.75,10.0,,2.395,10.798333333333332,11.524166666666666,0.0,10.0,2021-06-01
2021-06-01,Bananas,10.0,5.35,6.32,7.0,0.9444,22.28393333333332,28.215866666666678,17.62313333333334,68.38119999999999,4.6206666666666685,12.395,10.0,8.0,,-2.395,10.798333333333332,11.8575,0.0,10.0,2021-07-01
2021-07-01,Bananas,10.0,5.53,6.55,7.0,1.0405161290322589,21.831161290322573,27.556000000000008,17.353354838709674,66.38948387096771,4.6970967741935485,10.0,10.0,10.0,,0.0,10.798333333333332,11.8575,0.0,10.0,2021-08-01
2021-08-01,Bananas,10.0,5.71,6.57,7.0,0.8192258064516129,22.778129032258075,29.13645161290323,17.586645161290317,62.746903225806456,4.781161290322578,10.0,12.395,18.75,,0.0,10.0,10.399166666666666,0.0,10.0,2021-09-01
2021-09-01,Bananas,10.0,5.35,6.91,7.0,0.8566000000000005,23.6962,30.353733333333302,18.39033333333334,61.80706666666668,5.1367999999999965,10.0,10.0,10.0,,0.0,10.0,10.399166666666666,0.0,10.0,2021-10-01
2021-10-01,Bananas,10.0,6.07,6.45,7.0,0.9926451612903228,24.777870967741944,31.445612903225797,19.28006451612903,59.91716129032259,4.692838709677422,10.0,10.0,10.0,10.0,0.0,10.0,10.399166666666666,0.0,10.0,2021-11-01
2021-11-01,Bananas,10.0,6.1,5.8,7.0,2.353666666666667,25.23273333333333,31.71406666666668,20.02933333333334,61.54279999999998,4.274666666666668,10.0,10.0,12.395,10.0,0.0,10.0,10.0,0.0,10.0,2021-12-01
2021-12-01,Bananas,10.0,5.62,5.73,7.0,3.16367741935484,23.442774193548384,29.09103225806451,19.034,72.45916129032256,4.153032258064515,10.0,10.0,10.0,8.0,0.0,10.0,10.0,0.0,10.0,2022-01-01
2022-01-01,Bananas,10.0,6.08,5.39,7.0,1.0556129032258066,23.976,30.78348387096775,18.405548387096765,61.97374193548387,3.780967741935484,10.0,10.0,10.0,10.0,0.0,10.0,10.0,0.0,20.0,2022-02-01
2022-02-01,Bananas,20.0,6.23,5.08,7.0,0.751928571428572,25.41328571428572,32.26628571428571,19.74971428571427,57.56485714285712,3.527714285714285,10.0,10.0,10.0,18.75,10.0,13.333333333333334,11.666666666666666,0.0,10.0,2022-03-01
2023-01-01,Bananas,10.0,7.95,8.98,8.75,0.4614193548387098,24.429354838709678,31.497419354838705,18.43832258064516,57.50322580645159,4.315354838709677,10.0,20.0,10.0,12.395,0.0,10.0,11.666666666666666,1.75,17.5,2023-02-01
2023-02-01,Bananas,17.5,8.3,9.23,8.75,0.2490714285714285,25.779071428571427,33.53999999999999,19.067071428571435,51.11364285714282,4.3248571428571445,10.0,10.0,10.0,10.0,7.5,12.5,12.916666666666666,0.0,10.805,2023-03-01
2023-03-01,Bananas,10.805,8.59,9.19,9.5,2.4013548387096764,25.384516129032253,31.94077419354838,20.057032258064517,60.971677419354855,4.06658064516129,17.5,10.0,10.0,10.0,-6.695,12.768333333333333,13.050833333333337,0.75,12.72,2023-04-01
2023-04-01,Bananas,12.72,8.71,7.9,9.5,7.197333333333333,23.745999999999984,29.0422,19.674599999999984,74.81580000000002,3.944533333333332,10.805,10.0,20.0,10.0,1.915000000000001,13.675,11.8375,0.0,10.485,2023-05-01
2023-05-01,Bananas,10.485,8.78,8.03,9.5,4.442903225806452,23.30825806451613,29.11400000000001,18.91664516129032,73.83045161290323,4.281419354838708,12.72,17.5,10.0,10.0,-2.235000000000001,11.336666666666666,11.918333333333331,0.0,10.005,2023-06-01
2023-06-01,Bananas,10.005,8.77,7.88,10.5,2.095133333333332,22.743266666666667,28.554933333333327,18.20666666666667,71.06640000000003,4.183399999999999,10.485,10.805,10.0,10.0,-0.4800000000000004,11.07,11.919166666666667,1.0,18.75,2023-07-01
2023-07-01,Bananas,18.75,8.68,7.28,10.5,1.2007741935483869,22.377032258064503,28.50600000000001,17.540967741935482,68.09154838709676,4.793741935483872,10.005,12.72,10.0,10.0,8.745000000000001,13.079999999999998,13.3775,0.0,15.0,2023-08-01
2023-08-01,Bananas,15.0,8.52,6.73,10.5,1.2456129032258063,22.88574193548387,29.28122580645161,17.85677419354839,66.17167741935486,5.026322580645161,18.75,10.485,17.5,10.0,-3.75,14.585,12.960833333333332,0.0,10.0,2023-09-01
2023-09-01,Bananas,10.0,8.32,6.78,10.5,1.2512666666666667,24.303266666666666,30.885133333333325,19.023200000000013,63.47546666666668,4.6887333333333325,15.0,10.005,10.805,10.0,-5.0,14.583333333333334,12.826666666666666,0.0,12.26,2023-10-01
2023-10-01,Bananas,12.26,8.1,6.92,10.5,2.628645161290323,24.625612903225804,31.094258064516087,19.54954838709677,65.34103225806454,4.684000000000001,10.0,18.75,12.72,20.0,2.26,12.42,12.75,0.0,15.505,2023-11-01
2023-11-01,Bananas,15.505,7.87,6.8,10.5,9.33346666666667,23.02306666666667,27.941599999999973,19.267866666666663,78.72493333333331,3.671533333333332,12.26,15.0,10.485,10.0,3.244999999999999,12.588333333333331,13.586666666666666,0.0,16.5,2023-12-01
2023-12-01,Bananas,16.5,7.67,6.63,12.5,1.8227741935483872,23.924580645161296,29.33877419354839,19.554838709677423,73.56464516129034,3.545483870967744,15.505,10.0,10.005,10.0,0.995000000000001,14.755,14.669166666666667,2.0,16.015,2024-01-01
2024-01-01,Bananas,16.015,7.5,6.85,12.5,2.3723225806451618,24.25774193548387,29.788000000000004,19.716064516129023,69.22432258064514,3.1272903225806448,16.5,12.26,18.75,10.0,-0.4849999999999994,16.006666666666664,14.213333333333331,0.0,10.05,2024-02-01
2024-02-01,Bananas,10.05,7.26,6.31,13.0,2.0566896551724128,25.350689655172413,31.520551724137945,20.212275862068964,66.31717241379307,3.741241379310345,16.015,15.505,15.0,17.5,-5.965,14.188333333333333,13.388333333333334,0.5,10.45,2024-03-01
2024-03-01,Bananas,10.45,6.97,5.7,13.0,2.327935483870968,25.79329032258065,31.81593548387097,20.99567741935485,66.56761290322584,4.041161290322585,10.05,16.5,10.0,10.805,0.3999999999999986,12.171666666666669,13.463333333333331,0.0,20.0,2024-04-01
2024-04-01,Bananas,20.0,6.73,5.0,13.0,8.986199999999998,23.79073333333333,28.397533333333328,20.36040000000001,78.19506666666669,3.6072,10.45,16.015,12.26,12.72,9.55,13.5,14.753333333333332,0.0,20.0,2024-05-01
2024-05-01,Bananas,20.0,6.49,5.1,13.0,4.229612903225806,23.623419354838685,28.854064516129032,19.470129032258058,74.99767741935482,4.029419354838709,20.0,10.05,15.505,10.485,0.0,16.816666666666666,15.5025,0.0,10.0,2024-06-01
2024-06-01,Bananas,10.0,4.64,6.22,13.0,1.2621333333333329,22.826733333333344,28.75386666666668,17.97533333333332,68.3048,4.3918,20.0,10.45,16.5,10.005,-10.0,16.666666666666668,14.419166666666667,0.0,20.0,2024-07-01
2024-07-01,Bananas,20.0,5.97,4.31,13.0,1.594709677419355,22.666129032258063,28.35070967741936,18.120193548387093,68.32929032258063,4.065354838709677,10.0,20.0,16.015,18.75,10.0,16.666666666666668,15.083333333333334,0.0,15.0,2024-08-01
2024-08-01,Bananas,15.0,5.77,4.36,12.75,0.9360000000000004,23.02948387096774,29.357999999999997,18.00567741935484,65.19645161290319,4.680645161290326,20.0,20.0,10.05,15.0,-5.0,15.0,15.908333333333331,-0.25,10.0,2024-09-01
2024-09-01,Bananas,10.0,5.5,3.56,12.75,0.904266666666667,24.14846666666667,31.002266666666657,18.607,61.10273333333333,4.912733333333333,15.0,10.0,10.45,10.0,-5.0,15.0,15.833333333333334,0.0,20.0,2024-10-01
2024-10-01,Bananas,20.0,5.14,2.72,12.0,0.8206451612903226,25.090645161290325,31.86322580645161,19.57612903225806,60.61277419354836,4.586064516129031,10.0,20.0,20.0,12.26,10.0,15.0,15.833333333333334,-0.75,20.0,2024-11-01
2024-11-01,Bananas,20.0,4.81,2.75,12.0,5.397466666666665,24.418533333333343,29.939933333333343,20.20926666666666,70.95033333333329,3.6839333333333326,20.0,15.0,20.0,15.505,0.0,16.666666666666668,15.833333333333334,0.0,20.0,2024-12-01
2024-12-01,Bananas,20.0,4.5,2.99,11.25,1.8755483870967744,24.34948387096775,30.476387096774182,19.31638709677419,66.94780645161289,3.624516129032257,20.0,10.0,10.0,16.5,0.0,20.0,17.5,-0.75,20.0,2025-01-01
2025-01-01,Bananas,20.0,4.21,3.28,11.25,0.7796774193548389,25.158451612903228,32.159225806451616,19.218838709677406,57.03458064516127,3.969612903225807,20.0,20.0,20.0,16.015,0.0,20.0,17.5,0.0,20.0,2025-02-01
2025-02-01,Bananas,20.0,3.98,3.45,10.75,0.1199999999999999,25.695428571428565,33.249857142857124,19.149,54.62171428571431,4.577000000000001,20.0,20.0,15.0,10.05,0.0,20.0,18.33333333333333,-0.5,20.0,2025-03-01
2025-03-01,Bananas,20.0,3.81,3.62,10.75,2.4451612903225803,25.729548387096774,31.886129032258072,20.82825806451615,63.927096774193565,3.830387096774193,20.0,20.0,10.0,10.45,0.0,20.0,20.0,0.0,20.0,2025-04-01
2025-04-01,Bananas,20.0,3.74,4.11,10.0,5.220666666666667,24.250733333333333,29.64446666666668,20.16893333333333,73.82386666666672,3.7092000000000014,20.0,20.0,20.0,20.0,0.0,20.0,20.0,-0.75,20.0,2025-05-01
2025-05-01,Bananas,20.0,3.63,3.75,10.0,4.08264516129032,23.566774193548387,28.9805806451613,19.4305806451613,73.60451612903228,4.216258064516128,20.0,20.0,20.0,20.0,0.0,20.0,20.0,0.0,20.0,2025-06-01
2025-06-01,Bananas,20.0,3.56,3.82,9.75,2.105666666666667,22.760866666666672,28.411133333333336,18.32386666666668,70.13126666666663,4.3168,20.0,20.0,20.0,10.0,0.0,20.0,20.0,-0.25,20.0,2025-07-01
2025-07-01,Bananas,20.0,3.55,4.15,9.75,1.677806451612903,22.34941935483871,28.219612903225794,17.61896774193549,67.3152903225806,4.499483870967742,20.0,20.0,20.0,20.0,0.0,20.0,20.0,0.0,20.0,2025-08-01
2025-08-01,Bananas,20.0,3.56,4.53,9.5,4.021999999999999,22.03522580645161,27.794451612903234,17.444258064516138,68.66664516129035,4.260129032258064,20.0,20.0,20.0,15.0,0.0,20.0,20.0,-0.25,15.0,2025-09-01
2025-09-01,Bananas,15.0,3.65,4.58,9.5,0.9335333333333332,23.50606666666667,30.20480000000001,17.999266666666667,62.95826666666672,4.427266666666666,20.0,20.0,20.0,10.0,-5.0,18.33333333333333,19.166666666666668,0.0,19.165,2025-10-01
2025-10-01,Bananas,19.165,3.8,4.56,9.25,2.074903225806452,24.370193548387096,30.639741935483865,19.28787096774194,62.97761290322581,4.31516129032258,15.0,20.0,20.0,20.0,4.164999999999999,18.055,19.0275,-0.25,20.0,2025-11-01
2025-11-01,Bananas,20.0,3.94,4.46,9.25,1.0433333333333334,24.573666666666664,30.835266666666666,19.537066666666654,65.35886666666669,4.259733333333332,19.165,20.0,20.0,20.0,0.8350000000000009,18.055,19.0275,0.0,10.0,2025-12-01
2025-12-01,Bananas,10.0,4.07,4.49,9.0,1.8190322580645149,25.00529032258064,31.20554838709679,19.921161290322583,63.28716129032258,3.802903225806451,20.0,15.0,20.0,20.0,-10.0,16.388333333333332,17.360833333333332,-0.25,10.0,2026-01-01
2026-01-01,Bananas,10.0,4.16,4.4,9.0,1.145822580645162,24.324359375000025,30.912066028225794,18.84784173387096,62.25724697580647,3.792182963709665,10.0,19.165,20.0,20.0,0.0,13.333333333333334,15.694166666666666,0.0,10.0,2026-02-01
2026-02-01,Bananas,10.0,4.23,4.25,8.75,0.8548126154556672,25.384638912407667,32.41319515855911,19.4430963092672,58.030784848368256,3.961852101293102,10.0,20.0,20.0,20.0,0.0,10.0,14.027499999999998,-0.25,20.0,2026-03-01
2026-03-01,Bananas,20.0,4.29,4.39,8.75,2.038562357124712,25.623604267208552,32.159948691897334,20.32225654051306,61.7244211328422,4.11545948691897,10.0,10.0,15.0,20.0,10.0,13.333333333333334,14.860833333333332,0.0,20.0,2026-04-01
2026-04-01,Bananas,20.0,4.42,5.59,8.75,5.932325000000009,24.13787371794871,29.4320878205128,20.085883333333346,73.47075320512826,3.949292948717952,20.0,10.0,19.165,20.0,0.0,16.666666666666668,15.0,0.0,9.89,2026-05-01
2026-05-01,Bananas,9.89,4.66,6.68,8.75,4.067935483870966,23.4403436950146,28.97188914956016,19.169278592375367,73.17871788856294,4.220569501466271,20.0,10.0,20.0,20.0,-10.11,16.63,13.315,0.0,15.0,2026-06-01
2026-06-01,Bananas,15.0,4.88,6.41,8.75,1.601358260869567,22.64871652173913,28.488699130434828,18.015693913043457,69.15025217391297,4.422414492753631,9.89,20.0,10.0,20.0,5.109999999999999,14.963333333333331,14.148333333333332,0.0,20.0,2026-07-01
2026-07-01,Bananas,20.0,5.08,6.49,9.784965034965037,1.390702052785923,22.23961524926686,28.102879765395908,17.588340175953082,67.44304222873895,4.551488563049847,15.0,20.0,10.0,20.0,5.0,14.963333333333331,15.815,1.034965034965035,20.0,2026-08-01
2021-01-01,Beans (dolichos),8325.0,5.74,5.69,7.0,0.7919354838709679,23.90754838709677,30.62400000000001,18.40103225806452,63.9471612903226,3.8561290322580617,,,,,,8325.0,8325.0,,9000.0,2021-02-01
2021-02-01,Beans (dolichos),9000.0,5.16,5.78,7.0,1.0442857142857147,24.79950000000001,31.69057142857141,19.06357142857143,59.52299999999998,3.674142857142858,8325.0,,,,675.0,8662.5,8662.5,0.0,9000.0,2021-03-01
2021-03-01,Beans (dolichos),9000.0,5.17,5.9,7.0,1.7911612903225802,25.173806451612897,31.998322580645176,19.61935483870968,59.83787096774194,4.444709677419353,9000.0,,,,0.0,8775.0,8775.0,0.0,8775.0,2021-04-01
2021-04-01,Beans (dolichos),8775.0,4.66,5.76,7.0,2.957933333333333,24.55046666666667,30.21866666666668,20.13686666666666,69.45406666666668,4.395666666666665,9000.0,8325.0,,,-225.0,8925.0,8775.0,0.0,7551.0,2021-05-01
2021-05-01,Beans (dolichos),7551.0,5.2,5.87,7.0,4.084645161290321,23.198838709677418,28.791161290322574,18.890903225806447,71.30193548387098,4.230838709677419,8775.0,9000.0,,,-1224.0,8442.0,8530.2,0.0,8424.0,2021-06-01
2021-06-01,Beans (dolichos),8424.0,5.35,6.32,7.0,0.9444,22.28393333333332,28.215866666666678,17.62313333333334,68.38119999999999,4.6206666666666685,7551.0,9000.0,,,873.0,8250.0,8512.5,0.0,8025.0,2021-07-01
2021-09-01,Beans (dolichos),8606.5,5.35,6.91,7.0,0.8566000000000005,23.6962,30.353733333333302,18.39033333333334,61.80706666666668,5.1367999999999965,8025.0,7551.0,9000.0,,581.5,8351.833333333334,8396.916666666666,0.0,8249.0,2021-10-01
2021-10-01,Beans (dolichos),8249.0,6.07,6.45,7.0,0.9926451612903228,24.777870967741944,31.445612903225797,19.28006451612903,59.91716129032259,4.692838709677422,8606.5,8424.0,9000.0,,-357.5,8293.5,8271.75,0.0,8100.0,2021-11-01
2021-11-01,Beans (dolichos),8100.0,6.1,5.8,7.0,2.353666666666667,25.23273333333333,31.71406666666668,20.02933333333334,61.54279999999998,4.274666666666668,8249.0,8025.0,8775.0,,-149.0,8318.5,8159.25,0.0,8550.0,2021-12-01
2021-12-01,Beans (dolichos),8550.0,5.62,5.73,7.0,3.16367741935484,23.442774193548384,29.09103225806451,19.034,72.45916129032256,4.153032258064515,8100.0,8606.5,7551.0,,450.0,8299.666666666666,8325.75,0.0,8001.0,2022-01-01
2022-01-01,Beans (dolichos),8001.0,6.08,5.39,7.0,1.0556129032258066,23.976,30.78348387096775,18.405548387096765,61.97374193548387,3.780967741935484,8550.0,8249.0,8424.0,,-549.0,8217.0,8255.25,0.0,7762.5,2022-02-01
2022-02-01,Beans (dolichos),7762.5,6.23,5.08,7.0,0.751928571428572,25.41328571428572,32.26628571428571,19.74971428571427,57.56485714285712,3.527714285714285,8001.0,8100.0,8025.0,8325.0,-238.5,8104.5,8211.5,0.0,7200.0,2022-03-01
2022-03-01,Beans (dolichos),7200.0,6.29,5.56,7.0,0.9250967741935486,26.167612903225805,33.591612903225816,19.94232258064516,54.837935483870965,4.3436774193548375,7762.5,8550.0,8606.5,9000.0,-562.5,7654.5,7977.083333333333,0.0,7200.0,2022-04-01
2022-04-01,Beans (dolichos),7200.0,6.05,6.47,9.563291139240508,2.7596666666666665,25.13853333333333,31.40686666666665,20.203266666666657,64.05233333333332,4.33646666666667,7200.0,8001.0,8249.0,9000.0,0.0,7387.5,7802.25,2.5632911392405067,8820.0,2022-05-01
2022-05-01,Beans (dolichos),8820.0,6.16,7.08,9.570552147239264,2.486967741935484,23.872903225806446,29.77129032258064,19.268516129032268,68.47270967741939,4.5590322580645175,7200.0,7762.5,8100.0,8775.0,1620.0,7740.0,7922.25,0.0072610079987569,9999.0,2022-06-01
2022-06-01,Beans (dolichos),9999.0,6.29,7.91,9.760670731707316,1.2656000000000005,22.705800000000007,28.840666666666664,17.832266666666662,64.76066666666671,4.906466666666667,8820.0,7200.0,8550.0,7551.0,1179.0,8673.0,8163.75,0.1901185844680526,10459.5,2022-07-01
2022-07-01,Beans (dolichos),10459.5,6.45,8.32,9.784965034965037,1.6142580645161289,21.69451612903225,27.7987741935484,16.916645161290322,66.00006451612902,4.918193548387095,9999.0,7200.0,8001.0,8424.0,460.5,9759.5,8573.5,0.0242943032577187,11039.4,2022-08-01
2022-08-01,Beans (dolichos),11039.4,6.61,8.53,9.530821917808218,1.6161935483870968,22.14103225806452,28.39174193548388,17.18245161290323,64.63374193548387,4.733870967741937,10459.5,8820.0,7762.5,8025.0,579.8999999999996,10499.3,9119.65,-0.2541431171568167,11238.6,2022-09-01
2022-09-01,Beans (dolichos),11238.6,6.81,9.18,9.66546762589928,3.597333333333333,22.768933333333333,29.142666666666663,17.681600000000003,65.41580000000003,4.821066666666665,11039.4,9999.0,7200.0,8606.5,199.20000000000076,10912.5,9792.75,0.1346457080910621,12391.2,2022-10-01
2022-10-01,Beans (dolichos),12391.2,7.48,9.59,9.49822695035461,0.6903225806451612,23.904774193548374,30.98670967741936,18.17722580645161,59.52890322580646,4.805741935483872,11238.6,10459.5,7200.0,8249.0,1152.6000000000004,11556.4,10657.95,-0.1672406755446704,12587.0,2022-11-01
2022-11-01,Beans (dolichos),12587.0,7.38,9.48,8.75,2.975200000000001,23.739,29.523866666666667,19.328000000000003,69.0702,4.057933333333334,12391.2,11039.4,8820.0,8100.0,195.79999999999927,12072.266666666668,11285.783333333333,-0.74822695035461,12860.5,2022-12-01
2022-12-01,Beans (dolichos),12860.5,7.66,9.06,9.855,1.1950967741935483,24.37070967741937,30.68529032258063,19.27883870967742,64.15438709677423,3.945419354838709,12587.0,11238.6,9999.0,8550.0,273.5,12612.9,11762.7,1.1050000000000004,14009.5,2023-01-01
2023-01-01,Beans (dolichos),14009.5,7.95,8.98,8.75,0.4614193548387098,24.429354838709678,31.497419354838705,18.43832258064516,57.50322580645159,4.315354838709677,12860.5,12391.2,10459.5,8001.0,1149.0,13152.333333333334,12354.366666666669,-1.1050000000000004,14400.0,2023-02-01
2023-02-01,Beans (dolichos),14400.0,8.3,9.23,8.75,0.2490714285714285,25.779071428571427,33.53999999999999,19.067071428571435,51.11364285714282,4.3248571428571445,14009.5,12587.0,11039.4,7762.5,390.5,13756.666666666666,12914.466666666667,0.0,14460.0,2023-03-01
2023-03-01,Beans (dolichos),14460.0,8.59,9.19,9.5,2.4013548387096764,25.384516129032253,31.94077419354838,20.057032258064517,60.971677419354855,4.06658064516129,14400.0,12860.5,11238.6,7200.0,60.0,14289.833333333334,13451.366666666669,0.75,14850.0,2023-04-01
2023-04-01,Beans (dolichos),14850.0,8.71,7.9,9.5,7.197333333333333,23.745999999999984,29.0422,19.674599999999984,74.81580000000002,3.944533333333332,14460.0,14009.5,12391.2,7200.0,390.0,14570.0,13861.166666666666,0.0,14883.225,2023-05-01
2023-05-01,Beans (dolichos),14883.225,8.78,8.03,9.5,4.442903225806452,23.30825806451613,29.11400000000001,18.91664516129032,73.83045161290323,4.281419354838708,14850.0,14400.0,12587.0,8820.0,33.225000000000364,14731.075,14243.870833333334,0.0,14458.0,2023-06-01
2023-06-01,Beans (dolichos),14458.0,8.77,7.88,10.5,2.095133333333332,22.743266666666667,28.554933333333327,18.20666666666667,71.06640000000003,4.183399999999999,14883.225,14460.0,12860.5,9999.0,-425.2250000000004,14730.408333333333,14510.120833333334,1.0,14495.0,2023-07-01
2023-12-01,Beans (dolichos),15498.0,7.67,6.63,12.5,1.8227741935483872,23.924580645161296,29.33877419354839,19.554838709677423,73.56464516129034,3.545483870967744,13500.0,14458.0,14460.0,11238.6,1998.0,14497.666666666666,14614.0375,2.0,15717.0,2024-01-01
2024-01-01,Beans (dolichos),15717.0,7.5,6.85,12.5,2.3723225806451618,24.25774193548387,29.788000000000004,19.716064516129023,69.22432258064514,3.1272903225806448,15498.0,14495.0,14850.0,12391.2,219.0,14905.0,14758.5375,0.0,16342.2,2024-02-01
2024-04-01,Beans (dolichos),14342.85,6.73,5.0,13.0,8.986199999999998,23.79073333333333,28.397533333333328,20.36040000000001,78.19506666666669,3.6072,16342.2,15498.0,14458.0,12860.5,-1999.3500000000004,15467.35,14982.508333333331,0.5,9600.0,2024-05-01
2024-05-01,Beans (dolichos),9600.0,6.49,5.1,13.0,4.229612903225806,23.623419354838685,28.854064516129032,19.470129032258058,74.99767741935482,4.029419354838709,14342.85,15717.0,14495.0,14009.5,-4742.85,13428.35,14166.675,0.0,9600.0,2024-06-01
2024-06-01,Beans (dolichos),9600.0,4.64,6.22,13.0,1.2621333333333329,22.826733333333344,28.75386666666668,17.97533333333332,68.3048,4.3918,9600.0,16342.2,13500.0,14400.0,0.0,11180.95,13516.674999999996,0.0,7471.0,2024-07-01
2024-07-01,Beans (dolichos),7471.0,5.97,4.31,13.0,1.594709677419355,22.666129032258063,28.35070967741936,18.120193548387093,68.32929032258063,4.065354838709677,9600.0,14342.85,15498.0,14460.0,-2129.0,8890.333333333334,12178.841666666667,0.0,4500.0,2024-08-01
2024-12-01,Beans (dolichos),10066.5,4.5,2.99,11.25,1.8755483870967744,24.34948387096775,30.476387096774182,19.31638709677419,66.94780645161289,3.624516129032257,4500.0,9600.0,16342.2,14883.225,5566.5,7345.833333333333,9263.391666666666,-1.75,7785.9,2025-01-01
2025-01-01,Beans (dolichos),7785.9,4.21,3.28,11.25,0.7796774193548389,25.158451612903228,32.159225806451616,19.218838709677406,57.03458064516127,3.969612903225807,10066.5,7471.0,14342.85,14458.0,-2280.6000000000004,7450.8,8170.566666666667,0.0,7340.04,2025-02-01
2025-05-01,Beans (dolichos),7340.85,3.63,3.75,10.0,4.08264516129032,23.566774193548387,28.9805806451613,19.4305806451613,73.60451612903228,4.216258064516128,7340.04,10066.5,9600.0,13500.0,0.8100000000004002,7488.93,7417.381666666667,-1.25,7492.5,2025-06-01
2025-06-01,Beans (dolichos),7492.5,3.56,3.82,9.75,2.105666666666667,22.760866666666672,28.411133333333336,18.32386666666668,70.13126666666663,4.3168,7340.85,7785.9,7471.0,15498.0,151.64999999999964,7391.13,7420.965,-0.25,6875.1,2025-07-01
2025-07-01,Beans (dolichos),6875.1,3.55,4.15,9.75,1.677806451612903,22.34941935483871,28.219612903225794,17.61896774193549,67.3152903225806,4.499483870967742,7492.5,7340.04,4500.0,15717.0,-617.3999999999996,7236.150000000001,7816.815,0.0,7875.0,2025-08-01
2026-01-01,Beans (dolichos),8051.0,4.16,4.4,9.0,1.145822580645162,24.324359375000025,30.912066028225794,18.84784173387096,62.25724697580647,3.792182963709665,5700.0,6875.1,7340.04,9600.0,2351.0,7208.666666666667,7222.408333333333,-0.75,10250.1,2026-02-01
2026-02-01,Beans (dolichos),10250.1,4.23,4.25,8.75,0.8548126154556672,25.384638912407667,32.41319515855911,19.4430963092672,58.030784848368256,3.961852101293102,8051.0,7875.0,7340.85,9600.0,2199.1000000000004,8000.366666666666,7707.283333333333,-0.25,13500.0,2026-03-01
2006-01-01,Beans (dry),39.0,9.36,8.39,9.29639175257732,1.145822580645162,24.324359375000025,30.912066028225794,18.84784173387096,62.25724697580647,3.792182963709665,,,,,,39.0,39.0,,42.0,2006-02-01
2006-02-01,Beans (dry),42.0,9.01,9.39,9.258021390374331,0.8548126154556672,25.384638912407667,32.41319515855911,19.4430963092672,58.030784848368256,3.961852101293102,39.0,,,,3.0,40.5,40.5,-0.038370362202988,47.0,2006-03-01
2006-03-01,Beans (dry),47.0,8.61,8.85,9.425,2.038562357124712,25.623604267208552,32.159948691897334,20.32225654051306,61.7244211328422,4.11545948691897,42.0,,,,5.0,42.66666666666666,42.66666666666666,0.1669786096256693,53.0,2006-04-01
2006-04-01,Beans (dry),53.0,7.77,5.44,9.563291139240508,5.932325000000009,24.13787371794871,29.4320878205128,20.085883333333346,73.47075320512826,3.949292948717952,47.0,39.0,,,6.0,47.333333333333336,45.25,0.1382911392405059,51.0,2006-05-01
2006-05-01,Beans (dry),51.0,6.95,4.47,9.570552147239264,4.067935483870966,23.4403436950146,28.97188914956016,19.169278592375367,73.17871788856294,4.220569501466271,53.0,42.0,,,-2.0,50.333333333333336,46.4,0.0072610079987569,53.0,2006-06-01
2006-06-01,Beans (dry),53.0,6.33,4.28,9.75,1.601358260869567,22.64871652173913,28.488699130434828,18.015693913043457,69.15025217391297,4.422414492753631,51.0,47.0,,,2.0,52.333333333333336,47.5,0.1794478527607363,51.0,2006-07-01
2006-07-01,Beans (dry),51.0,5.73,4.16,9.75,1.390702052785923,22.23961524926686,28.102879765395908,17.588340175953082,67.44304222873895,4.551488563049847,53.0,53.0,39.0,,-2.0,51.66666666666666,49.5,0.0,42.0,2006-08-01
2006-08-01,Beans (dry),42.0,5.57,4.92,10.0,1.6585132743362836,22.63473822437915,28.83926862689127,17.679948044533276,65.71090322580628,4.687057950328296,51.0,51.0,42.0,,-9.0,48.66666666666666,49.5,0.25,42.0,2006-09-01
2006-09-01,Beans (dry),42.0,5.7,5.93,10.0,1.2264899082568816,23.801374311926637,30.47250275229354,18.42163058103977,62.58260917431189,4.797434862385318,42.0,53.0,47.0,,0.0,45.0,48.66666666666666,0.0,44.0,2006-10-01
2006-10-01,Beans (dry),44.0,5.94,6.55,10.0,1.5743422939068117,24.63259976105142,31.214093189964142,19.309915770609344,62.01451493428921,4.589507168458783,42.0,51.0,53.0,,2.0,42.66666666666666,47.16666666666666,0.0,44.0,2006-11-01
2006-11-01,Beans (dry),44.0,6.12,6.64,10.0,3.966923999999996,24.30208533333333,30.160939333333395,19.715588,68.43798066666668,4.012504666666667,44.0,42.0,51.0,,0.0,43.333333333333336,46.0,0.0,44.0,2006-12-01
2006-12-01,Beans (dry),44.0,6.39,7.98,10.0,2.113506954720328,24.146886060964768,30.01334418467002,19.406097070139086,68.98363302752291,3.786693696359874,44.0,42.0,53.0,,0.0,44.0,44.5,0.0,37.0,2007-01-01
2007-01-01,Beans (dry),37.0,6.08,4.63,10.0,1.145822580645162,24.324359375000025,30.912066028225794,18.84784173387096,62.25724697580647,3.792182963709665,44.0,44.0,51.0,39.0,-7.0,41.66666666666666,42.16666666666666,0.0,30.0,2007-02-01
2007-02-01,Beans (dry),30.0,5.55,3.02,10.0,0.8548126154556672,25.384638912407667,32.41319515855911,19.4430963092672,58.030784848368256,3.961852101293102,37.0,44.0,42.0,42.0,-7.0,37.0,40.16666666666666,0.0,23.0,2007-03-01
2007-03-01,Beans (dry),23.0,4.99,2.19,10.0,2.038562357124712,25.623604267208552,32.159948691897334,20.32225654051306,61.7244211328422,4.11545948691897,30.0,44.0,42.0,47.0,-7.0,30.0,37.0,0.0,30.0,2007-04-01
2007-04-01,Beans (dry),30.0,4.69,1.85,10.0,5.932325000000009,24.13787371794871,29.4320878205128,20.085883333333346,73.47075320512826,3.949292948717952,23.0,37.0,44.0,53.0,7.0,27.666666666666668,34.666666666666664,0.0,34.0,2007-05-01
2007-05-01,Beans (dry),34.0,4.47,1.96,10.0,4.067935483870966,23.4403436950146,28.97188914956016,19.169278592375367,73.17871788856294,4.220569501466271,30.0,30.0,44.0,51.0,4.0,29.0,33.0,0.0,35.0,2007-06-01
2007-06-01,Beans (dry),35.0,4.46,4.07,8.5,1.601358260869567,22.64871652173913,28.488699130434828,18.015693913043457,69.15025217391297,4.422414492753631,34.0,23.0,44.0,53.0,1.0,33.0,31.5,-1.5,35.0,2007-07-01
2007-07-01,Beans (dry),35.0,4.57,5.48,8.5,1.390702052785923,22.23961524926686,28.102879765395908,17.588340175953082,67.44304222873895,4.551488563049847,35.0,30.0,37.0,51.0,0.0,34.666666666666664,31.166666666666668,0.0,35.0,2007-08-01
2007-08-01,Beans (dry),35.0,4.6,5.3,8.75,1.6585132743362836,22.63473822437915,28.83926862689127,17.679948044533276,65.71090322580628,4.687057950328296,35.0,34.0,30.0,42.0,0.0,35.0,32.0,0.25,35.0,2007-09-01
2007-09-01,Beans (dry),35.0,4.57,5.53,8.75,1.2264899082568816,23.801374311926637,30.47250275229354,18.42163058103977,62.58260917431189,4.797434862385318,35.0,35.0,23.0,42.0,0.0,35.0,34.0,0.0,35.0,2007-10-01
2007-10-01,Beans (dry),35.0,4.48,5.38,8.75,1.5743422939068117,24.63259976105142,31.214093189964142,19.309915770609344,62.01451493428921,4.589507168458783,35.0,35.0,30.0,44.0,0.0,35.0,34.833333333333336,0.0,40.0,2007-11-01
2007-11-01,Beans (dry),40.0,4.45,6.08,8.75,3.966923999999996,24.30208533333333,30.160939333333395,19.715588,68.43798066666668,4.012504666666667,35.0,35.0,34.0,44.0,5.0,36.66666666666666,35.833333333333336,0.0,50.0,2007-12-01
2007-12-01,Beans (dry),50.0,4.27,5.7,8.75,2.113506954720328,24.146886060964768,30.01334418467002,19.406097070139086,68.98363302752291,3.786693696359874,40.0,35.0,35.0,44.0,10.0,41.66666666666666,38.333333333333336,0.0,55.0,2008-01-01
2008-01-01,Beans (dry),55.0,4.69,9.4,8.75,1.145822580645162,24.324359375000025,30.912066028225794,18.84784173387096,62.25724697580647,3.792182963709665,50.0,35.0,35.0,37.0,5.0,48.333333333333336,41.66666666666666,0.0,60.0,2008-02-01
2008-02-01,Beans (dry),60.0,5.32,10.58,8.75,0.8548126154556672,25.384638912407667,32.41319515855911,19.4430963092672,58.030784848368256,3.961852101293102,55.0,40.0,35.0,30.0,5.0,55.0,45.833333333333336,0.0,60.0,2008-03-01
2008-03-01,Beans (dry),60.0,6.13,11.9,8.75,2.038562357124712,25.623604267208552,32.159948691897334,20.32225654051306,61.7244211328422,4.11545948691897,60.0,50.0,35.0,23.0,0.0,58.333333333333336,50.0,0.0,40.0,2008-04-01
2008-04-01,Beans (dry),40.0,7.32,16.12,8.75,5.932325000000009,24.13787371794871,29.4320878205128,20.085883333333346,73.47075320512826,3.949292948717952,60.0,55.0,35.0,30.0,-20.0,53.333333333333336,50.833333333333336,0.0,50.0,2008-05-01
2008-05-01,Beans (dry),50.0,8.7,18.61,8.75,4.067935483870966,23.4403436950146,28.97188914956016,19.169278592375367,73.17871788856294,4.220569501466271,40.0,60.0,40.0,34.0,10.0,50.0,52.5,0.0,55.0,2008-06-01
2008-06-01,Beans (dry),55.0,9.86,17.87,10.0,1.601358260869567,22.64871652173913,28.488699130434828,18.015693913043457,69.15025217391297,4.422414492753631,50.0,60.0,50.0,35.0,5.0,48.333333333333336,53.333333333333336,1.25,70.0,2008-07-01
2008-07-01,Beans (dry),70.0,10.83,17.12,9.0,1.390702052785923,22.23961524926686,28.102879765395908,17.588340175953082,67.44304222873895,4.551488563049847,55.0,40.0,55.0,35.0,15.0,58.333333333333336,55.833333333333336,-1.0,70.0,2008-08-01
2008-08-01,Beans (dry),70.0,11.92,18.33,9.0,1.6585132743362836,22.63473822437915,28.83926862689127,17.679948044533276,65.71090322580628,4.687057950328296,70.0,50.0,60.0,35.0,0.0,65.0,57.5,0.0,70.0,2008-09-01
2008-09-01,Beans (dry),70.0,13.02,18.73,9.0,1.2264899082568816,23.801374311926637,30.47250275229354,18.42163058103977,62.58260917431189,4.797434862385318,70.0,55.0,60.0,35.0,0.0,70.0,59.16666666666666,0.0,80.0,2008-10-01
2008-10-01,Beans (dry),80.0,14.13,18.74,9.0,1.5743422939068117,24.63259976105142,31.214093189964142,19.309915770609344,62.01451493428921,4.589507168458783,70.0,70.0,40.0,35.0,10.0,73.33333333333333,65.83333333333333,0.0,80.0,2008-11-01
2008-11-01,Beans (dry),80.0,15.25,19.54,9.0,3.966923999999996,24.30208533333333,30.160939333333395,19.715588,68.43798066666668,4.012504666666667,80.0,70.0,50.0,40.0,0.0,76.66666666666667,70.83333333333333,0.0,65.0,2008-12-01
2008-12-01,Beans (dry),65.0,16.27,17.83,8.5,2.113506954720328,24.146886060964768,30.01334418467002,19.406097070139086,68.98363302752291,3.786693696359874,80.0,70.0,55.0,50.0,-15.0,75.0,72.5,-0.5,65.0,2009-01-01
2009-01-01,Beans (dry),65.0,16.56,13.22,8.5,1.145822580645162,24.324359375000025,30.912066028225794,18.84784173387096,62.25724697580647,3.792182963709665,65.0,80.0,70.0,55.0,0.0,70.0,71.66666666666667,0.0,65.0,2009-02-01
2009-02-01,Beans (dry),65.0,16.87,14.69,8.5,0.8548126154556672,25.384638912407667,32.41319515855911,19.4430963092672,58.030784848368256,3.961852101293102,65.0,80.0,70.0,60.0,0.0,65.0,70.83333333333333,0.0,65.0,2009-03-01
2009-03-01,Beans (dry),65.0,17.07,14.6,8.25,2.038562357124712,25.623604267208552,32.159948691897334,20.32225654051306,61.7244211328422,4.11545948691897,65.0,65.0,70.0,60.0,0.0,65.0,70.0,-0.25,70.0,2009-04-01
2009-04-01,Beans (dry),70.0,16.72,12.42,8.25,5.932325000000009,24.13787371794871,29.4320878205128,20.085883333333346,73.47075320512826,3.949292948717952,65.0,65.0,80.0,40.0,5.0,66.66666666666667,68.33333333333333,0.0,75.0,2009-05-01
2009-05-01,Beans (dry),75.0,15.93,9.61,8.0,4.067935483870966,23.4403436950146,28.97188914956016,19.169278592375367,73.17871788856294,4.220569501466271,70.0,65.0,80.0,50.0,5.0,70.0,67.5,-0.25,80.0,2009-06-01
2009-06-01,Beans (dry),80.0,15.11,8.6,8.0,1.601358260869567,22.64871652173913,28.488699130434828,18.015693913043457,69.15025217391297,4.422414492753631,75.0,65.0,65.0,55.0,5.0,75.0,70.0,0.0,70.0,2009-07-01
2009-07-01,Beans (dry),70.0,14.35,8.44,7.75,1.390702052785923,22.23961524926686,28.102879765395908,17.588340175953082,67.44304222873895,4.551488563049847,80.0,70.0,65.0,70.0,-10.0,75.0,70.83333333333333,-0.25,60.0,2009-08-01
2009-08-01,Beans (dry),60.0,13.42,7.36,7.75,1.6585132743362836,22.63473822437915,28.83926862689127,17.679948044533276,65.71090322580628,4.687057950328296,70.0,75.0,65.0,70.0,-10.0,70.0,70.0,0.0,60.0,2009-09-01
2009-09-01,Beans (dry),60.0,12.41,6.74,7.75,1.2264899082568816,23.801374311926637,30.47250275229354,18.42163058103977,62.58260917431189,4.797434862385318,60.0,80.0,65.0,70.0,0.0,63.333333333333336,69.16666666666667,0.0,60.0,2009-10-01
2009-10-01,Beans (dry),60.0,11.42,6.62,7.75,1.5743422939068117,24.63259976105142,31.214093189964142,19.309915770609344,62.01451493428921,4.589507168458783,60.0,70.0,70.0,80.0,0.0,60.0,67.5,0.0,60.0,2009-11-01
2009-11-01,Beans (dry),60.0,10.24,5.0,7.0,3.966923999999996,24.30208533333333,30.160939333333395,19.715588,68.43798066666668,4.012504666666667,60.0,60.0,75.0,80.0,0.0,60.0,65.0,-0.75,60.0,2009-12-01
2009-12-01,Beans (dry),60.0,9.24,5.32,7.0,2.113506954720328,24.146886060964768,30.01334418467002,19.406097070139086,68.98363302752291,3.786693696359874,60.0,60.0,80.0,65.0,0.0,60.0,61.66666666666666,0.0,60.0,2010-01-01
2010-01-01,Beans (dry),60.0,8.64,5.95,7.0,1.145822580645162,24.324359375000025,30.912066028225794,18.84784173387096,62.25724697580647,3.792182963709665,60.0,60.0,70.0,65.0,0.0,60.0,60.0,0.0,50.0,2010-02-01
2010-02-01,Beans (dry),50.0,7.88,5.18,7.0,0.8548126154556672,25.384638912407667,32.41319515855911,19.4430963092672,58.030784848368256,3.961852101293102,60.0,60.0,60.0,65.0,-10.0,56.66666666666666,58.333333333333336,0.0,50.0,2010-03-01
2010-03-01,Beans (dry),50.0,7.03,3.97,6.75,2.038562357124712,25.623604267208552,32.159948691897334,20.32225654051306,61.7244211328422,4.11545948691897,50.0,60.0,60.0,65.0,0.0,53.333333333333336,56.66666666666666,-0.25,45.0,2010-04-01
2010-04-01,Beans (dry),45.0,6.32,3.66,6.75,5.932325000000009,24.13787371794871,29.4320878205128,20.085883333333346,73.47075320512826,3.949292948717952,50.0,60.0,60.0,70.0,-5.0,48.333333333333336,54.16666666666666,0.0,45.0,2010-05-01
2010-05-01,Beans (dry),45.0,5.85,3.88,6.75,4.067935483870966,23.4403436950146,28.97188914956016,19.169278592375367,73.17871788856294,4.220569501466271,45.0,50.0,60.0,75.0,0.0,46.66666666666666,51.66666666666666,0.0,40.0,2010-06-01
2010-06-01,Beans (dry),40.0,5.43,3.49,6.75,1.601358260869567,22.64871652173913,28.488699130434828,18.015693913043457,69.15025217391297,4.422414492753631,45.0,50.0,60.0,80.0,-5.0,43.333333333333336,48.333333333333336,0.0,45.0,2010-07-01
2010-07-01,Beans (dry),45.0,5.03,3.57,6.0,1.390702052785923,22.23961524926686,28.102879765395908,17.588340175953082,67.44304222873895,4.551488563049847,40.0,45.0,60.0,70.0,5.0,43.333333333333336,45.833333333333336,-0.75,50.0,2010-08-01
2010-08-01,Beans (dry),50.0,4.69,3.22,6.0,1.6585132743362836,22.63473822437915,28.83926862689127,17.679948044533276,65.71090322580628,4.687057950328296,45.0,45.0,50.0,60.0,5.0,45.0,45.833333333333336,0.0,50.0,2010-09-01
2010-09-01,Beans (dry),50.0,4.4,3.21,6.0,1.2264899082568816,23.801374311926637,30.47250275229354,18.42163058103977,62.58260917431189,4.797434862385318,50.0,40.0,50.0,60.0,0.0,48.333333333333336,45.833333333333336,0.0,60.0,2010-10-01
2010-10-01,Beans (dry),60.0,4.12,3.18,6.0,1.5743422939068117,24.63259976105142,31.214093189964142,19.309915770609344,62.01451493428921,4.589507168458783,50.0,45.0,45.0,60.0,10.0,53.333333333333336,48.333333333333336,0.0,60.0,2010-11-01
2010-11-01,Beans (dry),60.0,4.02,3.84,6.0,3.966923999999996,24.30208533333333,30.160939333333395,19.715588,68.43798066666668,4.012504666666667,60.0,50.0,45.0,60.0,0.0,56.66666666666666,50.833333333333336,0.0,60.0,2010-12-01
2010-12-01,Beans (dry),60.0,3.96,4.51,6.0,2.113506954720328,24.146886060964768,30.01334418467002,19.406097070139086,68.98363302752291,3.786693696359874,60.0,50.0,40.0,60.0,0.0,60.0,54.16666666666666,0.0,60.0,2011-01-01
2011-01-01,Beans (dry),60.0,3.93,5.42,5.75,1.145822580645162,24.324359375000025,30.912066028225794,18.84784173387096,62.25724697580647,3.792182963709665,60.0,60.0,45.0,60.0,0.0,60.0,56.66666666666666,-0.25,70.0,2011-02-01
2011-02-01,Beans (dry),70.0,4.05,6.54,5.75,0.8548126154556672,25.384638912407667,32.41319515855911,19.4430963092672,58.030784848368256,3.961852101293102,60.0,60.0,50.0,50.0,10.0,63.333333333333336,60.0,0.0,70.0,2011-03-01
2011-03-01,Beans (dry),70.0,4.49,9.19,6.0,2.038562357124712,25.623604267208552,32.159948691897334,20.32225654051306,61.7244211328422,4.11545948691897,70.0,60.0,50.0,50.0,0.0,66.66666666666667,63.333333333333336,0.25,80.0,2011-04-01
2011-04-01,Beans (dry),80.0,5.2,12.05,6.0,5.932325000000009,24.13787371794871,29.4320878205128,20.085883333333346,73.47075320512826,3.949292948717952,70.0,60.0,60.0,45.0,10.0,73.33333333333333,66.66666666666667,0.0,85.0,2011-05-01
2011-05-01,Beans (dry),85.0,5.96,12.95,6.0,4.067935483870966,23.4403436950146,28.97188914956016,19.169278592375367,73.17871788856294,4.220569501466271,80.0,70.0,60.0,45.0,5.0,78.33333333333333,70.83333333333333,0.0,85.0,2011-06-01
2011-06-01,Beans (dry),85.0,6.88,14.48,6.25,1.601358260869567,22.64871652173913,28.488699130434828,18.015693913043457,69.15025217391297,4.422414492753631,85.0,70.0,60.0,40.0,0.0,83.33333333333333,75.0,0.25,85.0,2011-07-01
2011-07-01,Beans (dry),85.0,7.88,15.53,6.25,1.390702052785923,22.23961524926686,28.102879765395908,17.588340175953082,67.44304222873895,4.551488563049847,85.0,80.0,60.0,45.0,0.0,85.0,79.16666666666667,0.0,86.0,2011-08-01
2011-08-01,Beans (dry),86.0,9.0,16.67,6.25,1.6585132743362836,22.63473822437915,28.83926862689127,17.679948044533276,65.71090322580628,4.687057950328296,85.0,85.0,70.0,50.0,1.0,85.33333333333333,81.83333333333333,0.0,75.0,2011-09-01
2011-09-01,Beans (dry),75.0,10.18,17.32,7.0,1.2264899082568816,23.801374311926637,30.47250275229354,18.42163058103977,62.58260917431189,4.797434862385318,86.0,85.0,70.0,50.0,-11.0,82.0,82.66666666666667,0.75,77.47,2011-10-01
2011-10-01,Beans (dry),77.47,11.49,18.91,11.0,1.5743422939068117,24.63259976105142,31.214093189964142,19.309915770609344,62.01451493428921,4.589507168458783,75.0,85.0,80.0,60.0,2.469999999999999,79.49,82.245,4.0,76.53,2011-11-01
2011-11-01,Beans (dry),76.53,12.82,19.72,16.5,3.966923999999996,24.30208533333333,30.160939333333395,19.715588,68.43798066666668,4.012504666666667,77.47,86.0,85.0,60.0,-0.9399999999999976,76.33333333333333,80.83333333333333,5.5,96.27,2011-12-01
2011-12-01,Beans (dry),96.27,14.02,18.93,18.0,2.113506954720328,24.146886060964768,30.01334418467002,19.406097070139086,68.98363302752291,3.786693696359874,76.53,75.0,85.0,60.0,19.739999999999995,83.42333333333333,82.71166666666666,1.5,72.0,2012-01-01
2012-01-01,Beans (dry),72.0,15.1,18.31,18.0,1.145822580645162,24.324359375000025,30.912066028225794,18.84784173387096,62.25724697580647,3.792182963709665,96.27,77.47,85.0,60.0,-24.27,81.60000000000001,80.545,0.0,72.0,2012-02-01
2012-02-01,Beans (dry),72.0,15.93,16.69,18.0,0.8548126154556672,25.384638912407667,32.41319515855911,19.4430963092672,58.030784848368256,3.961852101293102,72.0,76.53,86.0,70.0,0.0,80.08999999999999,78.21166666666666,0.0,74.31,2012-03-01
2012-03-01,Beans (dry),74.31,16.45,15.61,18.0,2.038562357124712,25.623604267208552,32.159948691897334,20.32225654051306,61.7244211328422,4.11545948691897,72.0,96.27,75.0,70.0,2.3100000000000023,72.77,78.09666666666666,0.0,78.35,2012-04-01
2012-04-01,Beans (dry),78.35,16.5,13.06,18.0,5.932325000000009,24.13787371794871,29.4320878205128,20.085883333333346,73.47075320512826,3.949292948717952,74.31,72.0,77.47,80.0,4.039999999999992,74.88666666666667,78.24333333333334,0.0,77.86,2012-05-01
2012-05-01,Beans (dry),77.86,16.4,12.22,18.0,4.067935483870966,23.4403436950146,28.97188914956016,19.169278592375367,73.17871788856294,4.220569501466271,78.35,72.0,76.53,85.0,-0.4899999999999949,76.83999999999999,78.46499999999999,0.0,83.0,2012-06-01
2012-06-01,Beans (dry),83.0,15.97,10.05,18.0,1.601358260869567,22.64871652173913,28.488699130434828,18.015693913043457,69.15025217391297,4.422414492753631,77.86,74.31,96.27,85.0,5.140000000000001,79.73666666666666,76.25333333333333,0.0,82.0,2012-07-01
2012-07-01,Beans (dry),82.0,15.27,7.74,16.5,1.390702052785923,22.23961524926686,28.102879765395908,17.588340175953082,67.44304222873895,4.551488563049847,83.0,78.35,72.0,85.0,-1.0,80.95333333333333,77.92,-1.5,81.0,2012-08-01
2012-08-01,Beans (dry),81.0,14.33,6.09,16.5,1.6585132743362836,22.63473822437915,28.83926862689127,17.679948044533276,65.71090322580628,4.687057950328296,82.0,77.86,72.0,86.0,-1.0,82.0,79.42,0.0,84.0,2012-09-01
2012-09-01,Beans (dry),84.0,13.29,5.32,13.0,1.2264899082568816,23.801374311926637,30.47250275229354,18.42163058103977,62.58260917431189,4.797434862385318,81.0,83.0,74.31,75.0,3.0,82.33333333333333,81.035,-3.5,80.0,2012-10-01
2012-10-01,Beans (dry),80.0,12.04,4.14,13.0,1.5743422939068117,24.63259976105142,31.214093189964142,19.309915770609344,62.01451493428921,4.589507168458783,84.0,82.0,78.35,77.47,-4.0,81.66666666666667,81.31,0.0,81.0,2012-11-01
2012-11-01,Beans (dry),81.0,10.67,3.25,11.0,3.966923999999996,24.30208533333333,30.160939333333395,19.715588,68.43798066666668,4.012504666666667,80.0,81.0,77.86,76.53,1.0,81.66666666666667,81.83333333333333,-2.0,77.0,2012-12-01
2012-12-01,Beans (dry),77.0,9.38,3.2,11.0,2.113506954720328,24.146886060964768,30.01334418467002,19.406097070139086,68.98363302752291,3.786693696359874,81.0,84.0,83.0,96.27,-4.0,79.33333333333333,80.83333333333333,0.0,60.0,2013-01-01
2013-01-01,Beans (dry),60.0,8.2,3.67,9.5,1.145822580645162,24.324359375000025,30.912066028225794,18.84784173387096,62.25724697580647,3.792182963709665,77.0,80.0,82.0,72.0,-17.0,72.66666666666667,77.16666666666667,-1.5,65.6,2013-02-01
2013-02-01,Beans (dry),65.6,7.24,4.45,9.5,0.8548126154556672,25.384638912407667,32.41319515855911,19.4430963092672,58.030784848368256,3.961852101293102,60.0,81.0,81.0,72.0,5.599999999999994,67.53333333333333,74.60000000000001,0.0,67.0,2013-03-01
2013-03-01,Beans (dry),67.0,6.33,4.11,9.5,2.038562357124712,25.623604267208552,32.159948691897334,20.32225654051306,61.7244211328422,4.11545948691897,65.6,77.0,84.0,74.31,1.4000000000000057,64.2,71.76666666666667,0.0,73.0,2013-04-01
2013-04-01,Beans (dry),73.0,5.61,4.14,9.5,5.932325000000009,24.13787371794871,29.4320878205128,20.085883333333346,73.47075320512826,3.949292948717952,67.0,60.0,80.0,78.35,6.0,68.53333333333333,70.60000000000001,0.0,76.0,2013-05-01
2013-05-01,Beans (dry),76.0,4.96,4.05,8.5,4.067935483870966,23.4403436950146,28.97188914956016,19.169278592375367,73.17871788856294,4.220569501466271,73.0,65.6,81.0,77.86,3.0,72.0,69.76666666666667,-1.0,75.0,2013-06-01
2013-06-01,Beans (dry),75.0,4.56,4.91,8.5,1.601358260869567,22.64871652173913,28.488699130434828,18.015693913043457,69.15025217391297,4.422414492753631,76.0,67.0,77.0,83.0,-1.0,74.66666666666667,69.43333333333334,0.0,71.0,2013-07-01
2013-07-01,Beans (dry),71.0,4.44,6.03,8.5,1.390702052785923,22.23961524926686,28.102879765395908,17.588340175953082,67.44304222873895,4.551488563049847,75.0,73.0,60.0,82.0,-4.0,74.0,71.26666666666667,0.0,74.0,2013-08-01
2013-08-01,Beans (dry),74.0,4.5,6.67,8.5,1.6585132743362836,22.63473822437915,28.83926862689127,17.679948044533276,65.71090322580628,4.687057950328296,71.0,76.0,65.6,81.0,3.0,73.33333333333333,72.66666666666667,0.0,78.0,2013-09-01
2013-09-01,Beans (dry),78.0,4.75,8.29,8.5,1.2264899082568816,23.801374311926637,30.47250275229354,18.42163058103977,62.58260917431189,4.797434862385318,74.0,75.0,67.0,84.0,4.0,74.33333333333333,74.5,0.0,77.0,2013-10-01
2013-10-01,Beans (dry),77.0,5.05,7.76,8.5,1.5743422939068117,24.63259976105142,31.214093189964142,19.309915770609344,62.01451493428921,4.589507168458783,78.0,71.0,73.0,80.0,-1.0,76.33333333333333,75.16666666666667,0.0,78.0,2013-11-01
2013-11-01,Beans (dry),78.0,5.39,7.36,8.5,3.966923999999996,24.30208533333333,30.160939333333395,19.715588,68.43798066666668,4.012504666666667,77.0,74.0,76.0,81.0,1.0,77.66666666666667,75.5,0.0,73.0,2013-12-01
2013-12-01,Beans (dry),73.0,5.72,7.15,8.5,2.113506954720328,24.146886060964768,30.01334418467002,19.406097070139086,68.98363302752291,3.786693696359874,78.0,78.0,75.0,77.0,-5.0,76.0,75.16666666666667,0.0,74.0,2014-01-01
2014-01-01,Beans (dry),74.0,6.01,7.21,8.5,1.145822580645162,24.324359375000025,30.912066028225794,18.84784173387096,62.25724697580647,3.792182963709665,73.0,77.0,71.0,60.0,1.0,75.0,75.66666666666667,0.0,78.75,2014-02-01
2014-02-01,Beans (dry),78.75,6.21,6.86,8.5,0.8548126154556672,25.384638912407667,32.41319515855911,19.4430963092672,58.030784848368256,3.961852101293102,74.0,78.0,74.0,65.6,4.75,75.25,76.45833333333333,0.0,79.0,2014-03-01
2014-03-01,Beans (dry),79.0,6.39,6.27,8.5,2.038562357124712,25.623604267208552,32.159948691897334,20.32225654051306,61.7244211328422,4.11545948691897,78.75,73.0,78.0,67.0,0.25,77.25,76.625,0.0,80.0,2014-04-01
2014-04-01,Beans (dry),80.0,6.58,6.41,8.5,5.932325000000009,24.13787371794871,29.4320878205128,20.085883333333346,73.47075320512826,3.949292948717952,79.0,74.0,77.0,73.0,1.0,79.25,77.125,0.0,81.0,2014-05-01
2014-05-01,Beans (dry),81.0,6.85,7.3,8.5,4.067935483870966,23.4403436950146,28.97188914956016,19.169278592375367,73.17871788856294,4.220569501466271,80.0,78.75,78.0,76.0,1.0,80.0,77.625,0.0,81.0,2014-06-01
2014-06-01,Beans (dry),81.0,7.05,7.39,8.5,1.601358260869567,22.64871652173913,28.488699130434828,18.015693913043457,69.15025217391297,4.422414492753631,81.0,79.0,73.0,75.0,0.0,80.66666666666667,78.95833333333333,0.0,77.0,2014-07-01
2014-07-01,Beans (dry),77.0,7.19,7.67,8.5,1.390702052785923,22.23961524926686,28.102879765395908,17.588340175953082,67.44304222873895,4.551488563049847,81.0,80.0,74.0,71.0,-4.0,79.66666666666667,79.45833333333333,0.0,75.0,2014-08-01
2014-08-01,Beans (dry),75.0,7.33,8.36,8.5,1.6585132743362836,22.63473822437915,28.83926862689127,17.679948044533276,65.71090322580628,4.687057950328296,77.0,81.0,78.75,74.0,-2.0,77.66666666666667,78.83333333333333,0.0,72.5,2014-09-01
2014-09-01,Beans (dry),72.5,7.19,6.6,8.5,1.2264899082568816,23.801374311926637,30.47250275229354,18.42163058103977,62.58260917431189,4.797434862385318,75.0,81.0,79.0,78.0,-2.5,74.83333333333333,77.75,0.0,72.5,2014-10-01
2014-10-01,Beans (dry),72.5,7.08,6.43,8.5,1.5743422939068117,24.63259976105142,31.214093189964142,19.309915770609344,62.01451493428921,4.589507168458783,72.5,77.0,80.0,77.0,0.0,73.33333333333333,76.5,0.0,76.0,2014-11-01
2014-11-01,Beans (dry),76.0,6.97,6.09,8.5,3.966923999999996,24.30208533333333,30.160939333333395,19.715588,68.43798066666668,4.012504666666667,72.5,75.0,81.0,78.0,3.5,73.66666666666667,75.66666666666667,0.0,66.0,2014-12-01
2014-12-01,Beans (dry),66.0,6.88,6.02,8.5,2.113506954720328,24.146886060964768,30.01334418467002,19.406097070139086,68.98363302752291,3.786693696359874,76.0,72.5,81.0,73.0,-10.0,71.5,73.16666666666667,0.0,85.19999999999999,2015-01-01
2015-01-01,Beans (dry),85.19999999999999,6.74,5.53,8.5,1.145822580645162,24.324359375000025,30.912066028225794,18.84784173387096,62.25724697580647,3.792182963709665,66.0,72.5,77.0,74.0,19.19999999999999,75.73333333333333,74.53333333333333,0.0,84.65,2015-02-01
2015-02-01,Beans (dry),84.65,6.63,5.61,8.5,0.8548126154556672,25.384638912407667,32.41319515855911,19.4430963092672,58.030784848368256,3.961852101293102,85.19999999999999,76.0,75.0,78.75,-0.549999999999983,78.61666666666666,76.14166666666667,0.0,84.15,2015-03-01
2015-03-01,Beans (dry),84.15,6.63,6.31,8.5,2.038562357124712,25.623604267208552,32.159948691897334,20.32225654051306,61.7244211328422,4.11545948691897,84.65,66.0,72.5,79.0,-0.5,84.66666666666667,78.08333333333333,0.0,87.45,2015-04-01
2015-04-01,Beans (dry),87.45,6.69,7.08,8.5,5.932325000000009,24.13787371794871,29.4320878205128,20.085883333333346,73.47075320512826,3.949292948717952,84.15,85.19999999999999,72.5,80.0,3.299999999999997,85.41666666666667,80.575,0.0,91.5,2015-05-01
2015-05-01,Beans (dry),91.5,6.65,6.87,8.5,4.067935483870966,23.4403436950146,28.97188914956016,19.169278592375367,73.17871788856294,4.220569501466271,87.45,84.65,76.0,81.0,4.049999999999997,87.7,83.15833333333333,0.0,95.0,2015-06-01
2015-06-01,Beans (dry),95.0,6.63,7.03,9.760670731707316,1.601358260869567,22.64871652173913,28.488699130434828,18.015693913043457,69.15025217391297,4.422414492753631,91.5,84.15,66.0,81.0,3.5,91.31666666666666,87.99166666666667,1.2606707317073162,96.0,2015-07-01
2015-07-01,Beans (dry),96.0,6.54,6.62,11.5,1.390702052785923,22.23961524926686,28.102879765395908,17.588340175953082,67.44304222873895,4.551488563049847,95.0,87.45,85.19999999999999,77.0,1.0,94.16666666666669,89.79166666666667,1.7393292682926838,93.5,2015-08-01
2015-08-01,Beans (dry),93.5,6.34,5.84,11.5,1.6585132743362836,22.63473822437915,28.83926862689127,17.679948044533276,65.71090322580628,4.687057950328296,96.0,91.5,84.65,75.0,-2.5,94.83333333333331,91.26666666666668,0.0,92.5,2015-09-01
2015-09-01,Beans (dry),92.5,6.29,5.97,11.5,1.2264899082568816,23.801374311926637,30.47250275229354,18.42163058103977,62.58260917431189,4.797434862385318,93.5,95.0,84.15,72.5,-1.0,94.0,92.65833333333336,0.0,91.5,2015-10-01
2015-10-01,Beans (dry),91.5,6.31,6.72,11.5,1.5743422939068117,24.63259976105142,31.214093189964142,19.309915770609344,62.01451493428921,4.589507168458783,92.5,96.0,87.45,72.5,-1.0,92.5,93.33333333333331,0.0,91.0,2015-11-01
2015-11-01,Beans (dry),91.0,6.42,7.32,11.5,3.966923999999996,24.30208533333333,30.160939333333395,19.715588,68.43798066666668,4.012504666666667,91.5,93.5,91.5,76.0,-0.5,91.66666666666669,93.25,0.0,89.535,2015-12-01
2015-12-01,Beans (dry),89.535,6.58,8.01,11.5,2.113506954720328,24.146886060964768,30.01334418467002,19.406097070139086,68.98363302752291,3.786693696359874,91.0,92.5,95.0,66.0,-1.4650000000000034,90.67833333333331,92.33916666666666,0.0,81.5,2016-01-01
2016-01-01,Beans (dry),81.5,6.77,7.78,11.5,1.145822580645162,24.324359375000025,30.912066028225794,18.84784173387096,62.25724697580647,3.792182963709665,89.535,91.5,96.0,85.19999999999999,-8.034999999999997,87.34499999999998,89.9225,0.0,80.5,2016-02-01
2016-02-01,Beans (dry),80.5,6.87,6.84,11.5,0.8548126154556672,25.384638912407667,32.41319515855911,19.4430963092672,58.030784848368256,3.961852101293102,81.5,91.0,93.5,84.65,-1.0,83.845,87.75583333333333,0.0,81.58500000000001,2016-03-01
2016-03-01,Beans (dry),81.58500000000001,6.88,6.45,11.5,2.038562357124712,25.623604267208552,32.159948691897334,20.32225654051306,61.7244211328422,4.11545948691897,80.5,89.535,92.5,84.15,1.085000000000008,81.19500000000001,85.93666666666667,0.0,71.0,2016-04-01
2016-04-01,Beans (dry),71.0,6.72,5.27,11.5,5.932325000000009,24.13787371794871,29.4320878205128,20.085883333333346,73.47075320512826,3.949292948717952,81.58500000000001,81.5,91.5,87.45,-10.585000000000008,77.69500000000001,82.52,0.0,84.5,2016-05-01
2016-05-01,Beans (dry),84.5,6.59,5.0,10.5,4.067935483870966,23.4403436950146,28.97188914956016,19.169278592375367,73.17871788856294,4.220569501466271,71.0,80.5,91.0,91.5,13.5,79.02833333333334,81.43666666666667,-1.0,81.5,2016-06-01
2016-06-01,Beans (dry),81.5,6.46,5.8,10.5,1.601358260869567,22.64871652173913,28.488699130434828,18.015693913043457,69.15025217391297,4.422414492753631,84.5,81.58500000000001,89.535,95.0,-3.0,79.0,80.09750000000001,0.0,84.5,2016-07-01
2016-07-01,Beans (dry),84.5,6.44,6.4,10.5,1.390702052785923,22.23961524926686,28.102879765395908,17.588340175953082,67.44304222873895,4.551488563049847,81.5,71.0,81.5,96.0,3.0,83.5,80.59750000000001,0.0,85.5,2016-08-01
2016-08-01,Beans (dry),85.5,6.47,6.26,10.0,1.6585132743362836,22.63473822437915,28.83926862689127,17.679948044533276,65.71090322580628,4.687057950328296,84.5,84.5,80.5,93.5,1.0,83.83333333333333,81.43083333333334,-0.5,87.5,2016-09-01
2016-09-01,Beans (dry),87.5,6.5,6.34,10.0,1.2264899082568816,23.801374311926637,30.47250275229354,18.42163058103977,62.58260917431189,4.797434862385318,85.5,81.5,81.58500000000001,92.5,2.0,85.83333333333333,82.41666666666667,0.0,92.0,2016-10-01
2016-10-01,Beans (dry),92.0,6.48,6.47,10.0,1.5743422939068117,24.63259976105142,31.214093189964142,19.309915770609344,62.01451493428921,4.589507168458783,87.5,84.5,71.0,91.5,4.5,88.33333333333333,85.91666666666667,0.0,93.0,2016-11-01
2016-11-01,Beans (dry),93.0,6.43,6.68,10.0,3.966923999999996,24.30208533333333,30.160939333333395,19.715588,68.43798066666668,4.012504666666667,92.0,85.5,84.5,91.0,1.0,90.83333333333331,87.33333333333333,0.0,95.0,2016-12-01
2016-12-01,Beans (dry),95.0,6.3,6.35,10.0,2.113506954720328,24.146886060964768,30.01334418467002,19.406097070139086,68.98363302752291,3.786693696359874,93.0,87.5,81.5,89.535,2.0,93.33333333333331,89.58333333333333,0.0,94.5,2017-01-01
2017-01-01,Beans (dry),94.5,6.26,6.99,10.0,1.145822580645162,24.324359375000025,30.912066028225794,18.84784173387096,62.25724697580647,3.792182963709665,95.0,92.0,84.5,81.5,-0.5,94.16666666666669,91.25,0.0,98.5,2017-02-01
2017-02-01,Beans (dry),98.5,6.43,9.04,10.0,0.8548126154556672,25.384638912407667,32.41319515855911,19.4430963092672,58.030784848368256,3.961852101293102,94.5,93.0,85.5,80.5,4.0,96.0,93.41666666666669,0.0,102.6,2017-03-01
2017-03-01,Beans (dry),102.6,6.76,10.28,10.0,2.038562357124712,25.623604267208552,32.159948691897334,20.32225654051306,61.7244211328422,4.11545948691897,98.5,95.0,87.5,81.58500000000001,4.099999999999994,98.53333333333336,95.93333333333334,0.0,122.15,2017-04-01
2017-04-01,Beans (dry),122.15,7.2,11.48,10.0,5.932325000000009,24.13787371794871,29.4320878205128,20.085883333333346,73.47075320512826,3.949292948717952,102.6,94.5,92.0,71.0,19.55000000000001,107.75,100.95833333333331,0.0,122.05,2017-05-01
2017-05-01,Beans (dry),122.05,7.84,11.7,10.0,4.067935483870966,23.4403436950146,28.97188914956016,19.169278592375367,73.17871788856294,4.220569501466271,122.15,98.5,93.0,84.5,-0.1000000000000085,115.6,105.8,0.0,123.15,2017-06-01
2017-06-01,Beans (dry),123.15,8.13,9.21,10.0,1.601358260869567,22.64871652173913,28.488699130434828,18.015693913043457,69.15025217391297,4.422414492753631,122.05,102.6,95.0,81.5,1.1000000000000083,122.45,110.49166666666666,0.0,119.0,2017-07-01
2017-07-01,Beans (dry),119.0,8.21,7.47,10.0,1.390702052785923,22.23961524926686,28.102879765395908,17.588340175953082,67.44304222873895,4.551488563049847,123.15,122.15,94.5,84.5,-4.150000000000006,121.4,114.575,0.0,117.4,2017-08-01
2017-08-01,Beans (dry),117.4,8.36,8.04,10.0,1.6585132743362836,22.63473822437915,28.83926862689127,17.679948044533276,65.71090322580628,4.687057950328296,119.0,122.05,98.5,85.5,-1.5999999999999943,119.85,117.725,0.0,108.4,2017-09-01
2017-09-01,Beans (dry),108.4,8.4,7.06,10.0,1.2264899082568816,23.801374311926637,30.47250275229354,18.42163058103977,62.58260917431189,4.797434862385318,117.4,123.15,102.6,87.5,-9.0,114.93333333333334,118.69166666666666,0.0,107.8,2017-10-01
2017-10-01,Beans (dry),107.8,8.33,5.72,10.0,1.5743422939068117,24.63259976105142,31.214093189964142,19.309915770609344,62.01451493428921,4.589507168458783,108.4,119.0,122.15,92.0,-0.6000000000000085,111.2,116.3,0.0,118.25,2017-11-01
2017-11-01,Beans (dry),118.25,8.15,4.73,10.0,3.966923999999996,24.30208533333333,30.160939333333395,19.715588,68.43798066666668,4.012504666666667,107.8,117.4,122.05,93.0,10.450000000000005,111.48333333333332,115.66666666666669,0.0,117.15,2017-12-01
2017-12-01,Beans (dry),117.15,7.98,4.5,10.0,2.113506954720328,24.146886060964768,30.01334418467002,19.406097070139086,68.98363302752291,3.786693696359874,118.25,108.4,123.15,95.0,-1.0999999999999943,114.40000000000002,114.66666666666669,0.0,109.3,2018-01-01
2018-01-01,Beans (dry),109.3,7.79,4.83,10.0,1.145822580645162,24.324359375000025,30.912066028225794,18.84784173387096,62.25724697580647,3.792182963709665,117.15,107.8,119.0,94.5,-7.850000000000008,114.9,113.05,0.0,104.15,2018-02-01
2018-02-01,Beans (dry),104.15,7.4,4.46,10.0,0.8548126154556672,25.384638912407667,32.41319515855911,19.4430963092672,58.030784848368256,3.961852101293102,109.3,118.25,117.4,98.5,-5.149999999999992,110.2,110.84166666666664,0.0,99.76,2018-03-01
2018-03-01,Beans (dry),99.76,6.89,4.18,9.5,2.038562357124712,25.623604267208552,32.159948691897334,20.32225654051306,61.7244211328422,4.11545948691897,104.15,117.15,108.4,102.6,-4.390000000000015,104.40333333333332,109.40166666666669,-0.5,100.6,2018-04-01
2018-04-01,Beans (dry),100.6,6.24,3.73,9.5,5.932325000000009,24.13787371794871,29.4320878205128,20.085883333333346,73.47075320512826,3.949292948717952,99.76,109.3,107.8,122.15,0.8400000000000034,101.50333333333332,108.20166666666668,0.0,89.75,2018-05-01
2018-05-01,Beans (dry),89.75,5.61,3.95,9.5,4.067935483870966,23.4403436950146,28.97188914956016,19.169278592375367,73.17871788856294,4.220569501466271,100.6,104.15,118.25,122.05,-10.849999999999994,96.70333333333332,103.45166666666668,0.0,90.4,2018-06-01
2018-06-01,Beans (dry),90.4,5.2,4.28,9.5,1.601358260869567,22.64871652173913,28.488699130434828,18.015693913043457,69.15025217391297,4.422414492753631,89.75,99.76,117.15,123.15,0.6500000000000057,93.58333333333331,98.99333333333333,0.0,84.8,2018-07-01
2018-07-01,Beans (dry),84.8,4.95,4.35,9.0,1.390702052785923,22.23961524926686,28.102879765395908,17.588340175953082,67.44304222873895,4.551488563049847,90.4,100.6,109.3,119.0,-5.6000000000000085,88.31666666666666,94.90999999999998,-0.5,83.45,2018-08-01
2018-08-01,Beans (dry),83.45,4.63,4.04,9.0,1.6585132743362836,22.63473822437915,28.83926862689127,17.679948044533276,65.71090322580628,4.687057950328296,84.8,89.75,104.15,117.4,-1.3499999999999943,86.21666666666665,91.46,0.0,78.35,2018-09-01
2018-09-01,Beans (dry),78.35,4.53,5.7,9.0,1.2264899082568816,23.801374311926637,30.47250275229354,18.42163058103977,62.58260917431189,4.797434862385318,83.45,90.4,99.76,108.4,-5.1000000000000085,82.2,87.89166666666667,0.0,78.0,2018-10-01
2018-10-01,Beans (dry),78.0,4.53,5.53,9.0,1.5743422939068117,24.63259976105142,31.214093189964142,19.309915770609344,62.01451493428921,4.589507168458783,78.35,84.8,100.6,107.8,-0.3499999999999943,79.93333333333334,84.125,0.0,79.0,2018-11-01
2018-11-01,Beans (dry),79.0,4.59,5.58,9.0,3.966923999999996,24.30208533333333,30.160939333333395,19.715588,68.43798066666668,4.012504666666667,78.0,83.45,89.75,118.25,1.0,78.45,82.33333333333333,0.0,84.0,2018-12-01
2018-12-01,Beans (dry),84.0,4.69,5.71,9.0,2.113506954720328,24.146886060964768,30.01334418467002,19.406097070139086,68.98363302752291,3.786693696359874,79.0,78.35,90.4,117.15,5.0,80.33333333333333,81.26666666666667,0.0,91.0,2019-01-01
2019-01-01,Beans (dry),91.0,4.68,4.7,9.0,1.145822580645162,24.324359375000025,30.912066028225794,18.84784173387096,62.25724697580647,3.792182963709665,84.0,78.0,84.8,109.3,7.0,84.66666666666667,82.3,0.0,83.25,2019-02-01
2019-02-01,Beans (dry),83.25,4.65,4.14,9.0,0.8548126154556672,25.384638912407667,32.41319515855911,19.4430963092672,58.030784848368256,3.961852101293102,91.0,79.0,83.45,104.15,-7.75,86.08333333333333,82.26666666666667,0.0,83.0,2019-03-01
2019-03-01,Beans (dry),83.0,4.67,4.35,9.0,2.038562357124712,25.623604267208552,32.159948691897334,20.32225654051306,61.7244211328422,4.11545948691897,83.25,84.0,78.35,99.76,-0.25,85.75,83.04166666666667,0.0,94.6,2019-04-01
2019-04-01,Beans (dry),94.6,4.91,6.58,9.0,5.932325000000009,24.13787371794871,29.4320878205128,20.085883333333346,73.47075320512826,3.949292948717952,83.0,91.0,78.0,100.6,11.599999999999994,86.95,85.80833333333334,0.0,100.25,2019-05-01
2019-05-01,Beans (dry),100.25,5.04,4.49,9.0,4.067935483870966,23.4403436950146,28.97188914956016,19.169278592375367,73.17871788856294,4.220569501466271,94.6,83.25,79.0,89.75,5.650000000000006,92.61666666666667,89.35000000000001,0.0,98.9,2019-06-01
2019-06-01,Beans (dry),98.9,5.16,5.7,9.0,1.601358260869567,22.64871652173913,28.488699130434828,18.015693913043457,69.15025217391297,4.422414492753631,100.25,83.0,84.0,90.4,-1.3499999999999943,97.91666666666669,91.83333333333331,0.0,109.2,2019-07-01
2019-07-01,Beans (dry),109.2,5.32,6.27,9.0,1.390702052785923,22.23961524926686,28.102879765395908,17.588340175953082,67.44304222873895,4.551488563049847,98.9,94.6,91.0,84.8,10.299999999999995,102.78333333333336,94.86666666666667,0.0,107.6,2019-08-01
2019-08-01,Beans (dry),107.6,5.4,5.0,9.0,1.6585132743362836,22.63473822437915,28.83926862689127,17.679948044533276,65.71090322580628,4.687057950328296,109.2,100.25,83.25,83.45,-1.6000000000000083,105.23333333333336,98.925,0.0,103.85,2019-09-01
2019-09-01,Beans (dry),103.85,5.24,3.83,9.66546762589928,1.2264899082568816,23.801374311926637,30.47250275229354,18.42163058103977,62.58260917431189,4.797434862385318,107.6,98.9,83.0,78.35,-3.75,106.88333333333333,102.4,0.6654676258992804,99.95,2019-10-01
2019-10-01,Beans (dry),99.95,5.19,4.95,9.0,1.5743422939068117,24.63259976105142,31.214093189964142,19.309915770609344,62.01451493428921,4.589507168458783,103.85,109.2,94.6,78.0,-3.899999999999992,103.8,103.29166666666669,-0.6654676258992804,100.15,2019-11-01
2019-11-01,Beans (dry),100.15,5.19,5.56,8.5,3.966923999999996,24.30208533333333,30.160939333333395,19.715588,68.43798066666668,4.012504666666667,99.95,107.6,100.25,79.0,0.2000000000000028,101.31666666666668,103.27500000000002,-0.5,105.45,2019-12-01
2019-12-01,Beans (dry),105.45,5.2,5.82,8.5,2.113506954720328,24.146886060964768,30.01334418467002,19.406097070139086,68.98363302752291,3.786693696359874,100.15,103.85,98.9,84.0,5.299999999999997,101.85,104.36666666666667,0.0,99.0,2020-01-01
2020-01-01,Beans (dry),99.0,5.29,5.78,8.25,3.2701935483870974,23.60412903225807,28.77154838709675,19.35529032258064,73.46929032258063,3.2082580645161287,105.45,99.95,109.2,91.0,-6.450000000000003,101.53333333333336,102.66666666666669,-0.25,98.25,2020-02-01
2020-02-01,Beans (dry),98.25,5.72,7.17,8.25,1.6263448275862071,24.61186206896552,30.679103448275864,19.608068965517248,68.74165517241379,3.686758620689656,99.0,100.15,107.6,83.25,-0.75,100.9,101.10833333333336,0.0,102.05,2020-03-01
2020-03-01,Beans (dry),102.05,5.84,5.84,7.25,3.2350967741935475,24.84987096774193,30.23058064516128,20.64161290322581,71.2899354838709,3.228451612903227,98.25,105.45,103.85,83.0,3.799999999999997,99.76666666666668,100.80833333333334,-1.0,105.5,2020-04-01
2020-04-01,Beans (dry),105.5,6.03,6.01,7.0,6.638266666666667,23.80839999999999,28.794733333333333,20.000866666666663,76.1050666666667,3.737133333333333,102.05,99.0,99.95,94.6,3.450000000000003,101.93333333333334,101.73333333333336,-0.25,101.65,2020-05-01
2020-05-01,Beans (dry),101.65,6.18,5.33,7.0,3.5555483870967715,22.740387096774185,28.01116129032259,18.55232258064516,76.60490322580648,4.357612903225808,105.5,98.25,100.15,100.25,-3.8499999999999934,103.06666666666668,101.98333333333332,0.0,107.15,2020-06-01
2020-06-01,Beans (dry),107.15,6.16,4.59,7.0,2.925,22.1216,27.42179999999999,17.97633333333334,73.09906666666664,4.386866666666666,101.65,102.05,105.45,98.9,5.5,104.76666666666668,102.26666666666668,0.0,103.3,2020-07-01
2020-07-01,Beans (dry),103.3,6.01,4.36,7.0,1.1607741935483868,21.746645161290303,27.348451612903222,17.263483870967733,69.00019354838713,4.76709677419355,107.15,105.5,99.0,109.2,-3.850000000000009,104.03333333333336,102.98333333333332,0.0,107.2,2020-08-01
2020-08-01,Beans (dry),107.2,5.87,4.36,7.0,1.148967741935485,22.58664516129032,28.680645161290336,17.6783870967742,66.53012903225807,4.602903225806449,103.3,101.65,98.25,107.6,3.9000000000000057,105.88333333333333,104.475,0.0,102.75,2020-09-01
2020-09-01,Beans (dry),102.75,5.79,4.2,7.0,2.1509333333333327,23.448933333333347,29.976133333333348,18.263400000000004,63.81860000000003,4.657733333333332,107.2,107.15,102.05,103.85,-4.450000000000003,104.41666666666669,104.59166666666668,0.0,103.95,2020-10-01
2020-10-01,Beans (dry),103.95,5.67,4.84,7.0,1.995225806451612,24.48909677419355,30.951548387096786,19.27116129032258,62.59077419354838,4.635225806451613,102.75,103.3,105.5,99.95,1.2000000000000028,104.63333333333333,104.33333333333331,0.0,101.95,2020-11-01
2020-11-01,Beans (dry),101.95,5.53,5.33,7.0,3.388066666666667,24.062600000000007,29.8674,19.524666666666665,70.20353333333333,4.013600000000001,103.95,107.2,101.65,100.15,-2.0,102.88333333333333,104.38333333333334,0.0,104.15,2020-12-01
2020-12-01,Beans (dry),104.15,5.41,5.62,7.0,2.4519999999999995,24.30006451612901,30.639741935483883,18.973419354838725,63.864258064516136,3.8647741935483855,101.95,102.75,107.15,105.45,2.200000000000003,103.35,103.88333333333333,0.0,100.0,2021-01-01
2021-01-01,Beans (dry),100.0,5.74,5.69,7.0,0.7919354838709679,23.90754838709677,30.62400000000001,18.40103225806452,63.9471612903226,3.8561290322580617,104.15,103.95,103.3,99.0,-4.150000000000006,102.03333333333336,103.33333333333331,0.0,112.71,2021-02-01
2021-02-01,Beans (dry),112.71,5.16,5.78,7.0,1.0442857142857147,24.79950000000001,31.69057142857141,19.06357142857143,59.52299999999998,3.674142857142858,100.0,101.95,107.2,98.25,12.710000000000008,105.62,104.25166666666668,0.0,100.29,2021-03-01
2021-03-01,Beans (dry),100.29,5.17,5.9,7.0,1.7911612903225802,25.173806451612897,31.998322580645176,19.61935483870968,59.83787096774194,4.444709677419353,112.71,104.15,102.75,102.05,-12.420000000000002,104.33333333333331,103.84166666666664,0.0,105.265,2021-04-01
2021-04-01,Beans (dry),105.265,4.66,5.76,7.0,2.957933333333333,24.55046666666667,30.21866666666668,20.13686666666666,69.45406666666668,4.395666666666665,100.29,100.0,103.95,105.5,4.974999999999994,106.08833333333332,104.06083333333332,0.0,100.63,2021-05-01
2021-05-01,Beans (dry),100.63,5.2,5.87,7.0,4.084645161290321,23.198838709677418,28.791161290322574,18.890903225806447,71.30193548387098,4.230838709677419,105.265,112.71,101.95,101.65,-4.635000000000005,102.06166666666668,103.84083333333336,0.0,111.025,2021-06-01
2021-06-01,Beans (dry),111.025,5.35,6.32,7.0,0.9444,22.28393333333332,28.215866666666678,17.62313333333334,68.38119999999999,4.6206666666666685,100.63,100.29,104.15,107.15,10.39500000000001,105.64,104.98666666666666,0.0,102.0,2021-07-01
2021-07-01,Beans (dry),102.0,5.53,6.55,7.0,1.0405161290322589,21.831161290322573,27.556000000000008,17.353354838709674,66.38948387096771,4.6970967741935485,111.025,105.265,100.0,103.3,-9.025000000000006,104.55166666666666,105.32,0.0,105.0,2021-08-01
2021-08-01,Beans (dry),105.0,5.71,6.57,7.0,0.8192258064516129,22.778129032258075,29.13645161290323,17.586645161290317,62.746903225806456,4.781161290322578,102.0,100.63,112.71,107.2,3.0,106.00833333333333,104.035,0.0,110.835,2021-09-01
2021-09-01,Beans (dry),110.835,5.35,6.91,7.0,0.8566000000000005,23.6962,30.353733333333302,18.39033333333334,61.80706666666668,5.1367999999999965,105.0,111.025,100.29,102.75,5.835000000000008,105.945,105.7925,0.0,106.15,2021-10-01
2021-10-01,Beans (dry),106.15,6.07,6.45,7.0,0.9926451612903228,24.777870967741944,31.445612903225797,19.28006451612903,59.91716129032259,4.692838709677422,110.835,102.0,105.265,103.95,-4.685000000000002,107.32833333333332,105.94,0.0,102.0,2021-11-01
2021-11-01,Beans (dry),102.0,6.1,5.8,7.0,2.353666666666667,25.23273333333333,31.71406666666668,20.02933333333334,61.54279999999998,4.274666666666668,106.15,105.0,100.63,101.95,-4.150000000000006,106.32833333333332,106.16833333333334,0.0,110.0,2021-12-01
2021-12-01,Beans (dry),110.0,5.62,5.73,7.0,3.16367741935484,23.442774193548384,29.09103225806451,19.034,72.45916129032256,4.153032258064515,102.0,110.835,111.025,104.15,8.0,106.05,105.9975,0.0,115.75,2022-01-01
2022-01-01,Beans (dry),115.75,6.08,5.39,7.0,1.0556129032258066,23.976,30.78348387096775,18.405548387096765,61.97374193548387,3.780967741935484,110.0,106.15,102.0,100.0,5.75,109.25,108.28916666666667,0.0,105.38,2022-02-01
2022-02-01,Beans (dry),105.38,6.23,5.08,7.0,0.751928571428572,25.41328571428572,32.26628571428571,19.74971428571427,57.56485714285712,3.527714285714285,115.75,102.0,105.0,112.71,-10.370000000000005,110.37666666666668,108.3525,0.0,125.0,2022-03-01
2023-01-01,Beans (dry),135.57,7.95,8.98,8.75,0.4614193548387098,24.429354838709678,31.497419354838705,18.43832258064516,57.50322580645159,4.315354838709677,136.0,105.38,102.0,100.63,-0.4300000000000068,132.19,121.28333333333336,1.75,140.20999999999998,2023-02-01
2023-02-01,Beans (dry),140.20999999999998,8.3,9.23,8.75,0.2490714285714285,25.779071428571427,33.53999999999999,19.067071428571435,51.11364285714282,4.3248571428571445,135.57,125.0,110.0,111.025,4.639999999999986,137.26,126.31833333333334,0.0,147.14499999999998,2023-03-01
2023-03-01,Beans (dry),147.14499999999998,8.59,9.19,9.5,2.4013548387096764,25.384516129032253,31.94077419354838,20.057032258064517,60.971677419354855,4.06658064516129,140.20999999999998,136.0,115.75,102.0,6.935000000000002,140.975,131.55083333333332,0.75,170.0,2023-04-01
2023-04-01,Beans (dry),170.0,8.71,7.9,9.5,7.197333333333333,23.745999999999984,29.0422,19.674599999999984,74.81580000000002,3.944533333333332,147.14499999999998,135.57,105.38,105.0,22.855000000000015,152.45166666666665,142.32083333333333,0.0,168.51,2023-05-01
2023-05-01,Beans (dry),168.51,8.78,8.03,9.5,4.442903225806452,23.30825806451613,29.11400000000001,18.91664516129032,73.83045161290323,4.281419354838708,170.0,140.20999999999998,125.0,110.835,-1.490000000000009,161.885,149.5725,0.0,190.0,2023-06-01
2023-06-01,Beans (dry),190.0,8.77,7.88,10.5,2.095133333333332,22.743266666666667,28.554933333333327,18.20666666666667,71.06640000000003,4.183399999999999,168.51,147.14499999999998,136.0,106.15,21.49000000000001,176.17,158.5725,1.0,195.345,2023-07-01
2023-07-01,Beans (dry),195.345,8.68,7.28,10.5,1.2007741935483869,22.377032258064503,28.50600000000001,17.540967741935482,68.09154838709676,4.793741935483872,190.0,170.0,135.57,102.0,5.344999999999999,184.6183333333333,168.535,0.0,190.0,2023-08-01
2023-08-01,Beans (dry),190.0,8.52,6.73,10.5,1.2456129032258063,22.88574193548387,29.28122580645161,17.85677419354839,66.17167741935486,5.026322580645161,195.345,168.51,140.20999999999998,110.0,-5.344999999999999,191.78166666666667,176.83333333333334,0.0,188.75,2023-09-01
2023-09-01,Beans (dry),188.75,8.32,6.78,10.5,1.2512666666666667,24.303266666666666,30.885133333333325,19.023200000000013,63.47546666666668,4.6887333333333325,190.0,190.0,147.14499999999998,115.75,-1.25,191.365,183.7675,0.0,180.0,2023-10-01
2023-10-01,Beans (dry),180.0,8.1,6.92,10.5,2.628645161290323,24.625612903225804,31.094258064516087,19.54954838709677,65.34103225806454,4.684000000000001,188.75,195.345,170.0,105.38,-8.75,186.25,185.43416666666667,0.0,194.62,2023-11-01
2023-11-01,Beans (dry),194.62,7.87,6.8,10.5,9.33346666666667,23.02306666666667,27.941599999999973,19.267866666666663,78.72493333333331,3.671533333333332,180.0,190.0,168.51,125.0,14.620000000000005,187.79,189.78583333333336,0.0,188.95,2023-12-01
2023-12-01,Beans (dry),188.95,7.67,6.63,12.5,1.8227741935483872,23.924580645161296,29.33877419354839,19.554838709677423,73.56464516129034,3.545483870967744,194.62,188.75,190.0,136.0,-5.670000000000016,187.85666666666663,189.6108333333333,2.0,182.5,2024-01-01
2024-01-01,Beans (dry),182.5,7.5,6.85,12.5,2.3723225806451618,24.25774193548387,29.788000000000004,19.716064516129023,69.22432258064514,3.1272903225806448,188.95,180.0,195.345,135.57,-6.449999999999989,188.69,187.47,0.0,190.0,2024-02-01
2024-02-01,Beans (dry),190.0,7.26,6.31,13.0,2.0566896551724128,25.350689655172413,31.520551724137945,20.212275862068964,66.31717241379307,3.741241379310345,182.5,194.62,190.0,140.20999999999998,7.5,187.15,187.47,0.5,180.0,2024-03-01
2024-03-01,Beans (dry),180.0,6.97,5.7,13.0,2.327935483870968,25.79329032258065,31.81593548387097,20.99567741935485,66.56761290322584,4.041161290322585,190.0,188.95,188.75,147.14499999999998,-10.0,184.16666666666663,186.01166666666663,0.0,160.0,2024-04-01
2024-04-01,Beans (dry),160.0,6.73,5.0,13.0,8.986199999999998,23.79073333333333,28.397533333333328,20.36040000000001,78.19506666666669,3.6072,180.0,182.5,180.0,170.0,-20.0,176.66666666666666,182.6783333333333,0.0,165.0,2024-05-01
2024-05-01,Beans (dry),165.0,6.49,5.1,13.0,4.229612903225806,23.623419354838685,28.854064516129032,19.470129032258058,74.99767741935482,4.029419354838709,160.0,190.0,194.62,168.51,5.0,168.33333333333334,177.74166666666667,0.0,145.82,2024-06-01
2024-06-01,Beans (dry),145.82,4.64,6.22,13.0,1.2621333333333329,22.826733333333344,28.75386666666668,17.97533333333332,68.3048,4.3918,165.0,180.0,188.95,190.0,-19.180000000000007,156.94,170.5533333333333,0.0,142.86,2024-07-01
2024-07-01,Beans (dry),142.86,5.97,4.31,13.0,1.594709677419355,22.666129032258063,28.35070967741936,18.120193548387093,68.32929032258063,4.065354838709677,145.82,160.0,182.5,195.345,-2.9599999999999795,151.22666666666666,163.94666666666666,0.0,141.92000000000002,2024-08-01
2024-08-01,Beans (dry),141.92000000000002,5.77,4.36,12.75,0.9360000000000004,23.02948387096774,29.357999999999997,18.00567741935484,65.19645161290319,4.680645161290326,142.86,165.0,190.0,190.0,-0.9399999999999976,143.53333333333333,155.9333333333333,-0.25,147.5,2024-09-01
2024-09-01,Beans (dry),147.5,5.5,3.56,12.75,0.904266666666667,24.14846666666667,31.002266666666657,18.607,61.10273333333333,4.912733333333333,141.92000000000002,145.82,180.0,188.75,5.579999999999984,144.09333333333333,150.51666666666668,0.0,130.0,2024-10-01
2024-10-01,Beans (dry),130.0,5.14,2.72,12.0,0.8206451612903226,25.090645161290325,31.86322580645161,19.57612903225806,60.61277419354836,4.586064516129031,147.5,142.86,160.0,180.0,-17.5,139.80666666666667,145.51666666666668,-0.75,147.14,2024-11-01
2024-11-01,Beans (dry),147.14,4.81,2.75,12.0,5.397466666666665,24.418533333333343,29.939933333333343,20.20926666666666,70.95033333333329,3.6839333333333326,130.0,141.92000000000002,165.0,194.62,17.139999999999986,141.54666666666665,142.54,0.0,137.5,2024-12-01
2024-12-01,Beans (dry),137.5,4.5,2.99,11.25,1.8755483870967744,24.34948387096775,30.476387096774182,19.31638709677419,66.94780645161289,3.624516129032257,147.14,147.5,145.82,188.95,-9.639999999999986,138.21333333333334,141.15333333333334,-0.75,126.665,2025-01-01
2025-01-01,Beans (dry),126.665,4.21,3.28,11.25,0.7796774193548389,25.158451612903228,32.159225806451616,19.218838709677406,57.03458064516127,3.969612903225807,137.5,130.0,142.86,182.5,-10.835000000000008,137.10166666666666,138.45416666666665,0.0,141.66500000000002,2025-02-01
2025-02-01,Beans (dry),141.66500000000002,3.98,3.45,10.75,0.1199999999999999,25.695428571428565,33.249857142857124,19.149,54.62171428571431,4.577000000000001,126.665,147.14,141.92000000000002,190.0,15.000000000000028,135.27666666666667,138.41166666666666,-0.5,150.0,2025-03-01
2025-03-01,Beans (dry),150.0,3.81,3.62,10.75,2.4451612903225803,25.729548387096774,31.886129032258072,20.82825806451615,63.927096774193565,3.830387096774193,141.66500000000002,137.5,147.5,180.0,8.33499999999998,139.44333333333336,138.82833333333335,0.0,137.5,2025-04-01
2025-04-01,Beans (dry),137.5,3.74,4.11,10.0,5.220666666666667,24.250733333333333,29.64446666666668,20.16893333333333,73.82386666666672,3.7092000000000014,150.0,126.665,130.0,160.0,-12.5,143.055,140.07833333333335,-0.75,133.73000000000002,2025-05-01
2025-05-01,Beans (dry),133.73000000000002,3.63,3.75,10.0,4.08264516129032,23.566774193548387,28.9805806451613,19.4305806451613,73.60451612903228,4.216258064516128,137.5,141.66500000000002,147.14,165.0,-3.769999999999982,140.41,137.84333333333333,0.0,145.01,2025-06-01
2025-06-01,Beans (dry),145.01,3.56,3.82,9.75,2.105666666666667,22.760866666666672,28.411133333333336,18.32386666666668,70.13126666666663,4.3168,133.73000000000002,150.0,137.5,145.82,11.279999999999973,138.74666666666667,139.095,-0.25,140.0,2025-07-01
2025-07-01,Beans (dry),140.0,3.55,4.15,9.75,1.677806451612903,22.34941935483871,28.219612903225794,17.61896774193549,67.3152903225806,4.499483870967742,145.01,137.5,126.665,142.86,-5.009999999999991,139.58,141.3175,0.0,100.0,2025-08-01
2025-08-01,Beans (dry),100.0,3.56,4.53,9.5,4.021999999999999,22.03522580645161,27.794451612903234,17.444258064516138,68.66664516129035,4.260129032258064,140.0,133.73000000000002,141.66500000000002,141.92000000000002,-40.0,128.33666666666667,134.3733333333333,-0.25,127.5,2025-09-01
2025-09-01,Beans (dry),127.5,3.65,4.58,9.5,0.9335333333333332,23.50606666666667,30.20480000000001,17.999266666666667,62.95826666666672,4.427266666666666,100.0,145.01,150.0,147.5,27.5,122.5,130.6233333333333,0.0,122.065,2025-10-01
2025-10-01,Beans (dry),122.065,3.8,4.56,9.25,2.074903225806452,24.370193548387096,30.639741935483865,19.28787096774194,62.97761290322581,4.31516129032258,127.5,140.0,137.5,130.0,-5.435000000000002,116.52166666666666,128.05083333333334,-0.25,121.665,2025-11-01
2025-11-01,Beans (dry),121.665,3.94,4.46,9.25,1.0433333333333334,24.573666666666664,30.835266666666666,19.537066666666654,65.35886666666669,4.259733333333332,122.065,100.0,133.73000000000002,147.14,-0.4000000000000057,123.74333333333334,126.04,0.0,110.715,2025-12-01
2025-12-01,Beans (dry),110.715,4.07,4.49,9.0,1.8190322580645149,25.00529032258064,31.20554838709679,19.921161290322583,63.28716129032258,3.802903225806451,121.665,127.5,145.01,137.5,-10.949999999999989,118.14833333333333,120.32416666666668,-0.25,114.94,2026-01-01
2026-01-01,Beans (dry),114.94,4.16,4.4,9.0,1.145822580645162,24.324359375000025,30.912066028225794,18.84784173387096,62.25724697580647,3.792182963709665,110.715,122.065,140.0,126.665,4.224999999999994,115.77333333333333,116.1475,0.0,119.16,2026-02-01
2026-02-01,Beans (dry),119.16,4.23,4.25,8.75,0.8548126154556672,25.384638912407667,32.41319515855911,19.4430963092672,58.030784848368256,3.961852101293102,114.94,121.665,100.0,141.66500000000002,4.219999999999999,114.93833333333332,119.34083333333332,-0.25,125.85,2026-03-01
2026-03-01,Beans (dry),125.85,4.29,4.39,8.75,2.038562357124712,25.623604267208552,32.159948691897334,20.32225654051306,61.7244211328422,4.11545948691897,119.16,110.715,127.5,150.0,6.689999999999998,119.98333333333332,119.06583333333332,0.0,122.5,2026-04-01
2026-04-01,Beans (dry),122.5,4.42,5.59,8.75,5.932325000000009,24.13787371794871,29.4320878205128,20.085883333333346,73.47075320512826,3.949292948717952,125.85,114.94,122.065,137.5,-3.3499999999999943,122.50333333333332,119.13833333333334,0.0,123.17,2026-05-01
2026-05-01,Beans (dry),123.17,4.66,6.68,8.75,4.067935483870966,23.4403436950146,28.97188914956016,19.169278592375367,73.17871788856294,4.220569501466271,122.5,119.16,121.665,133.73000000000002,0.6700000000000017,123.84,119.38916666666664,0.0,127.78,2026-06-01
2026-06-01,Beans (dry),127.78,4.88,6.41,8.75,1.601358260869567,22.64871652173913,28.488699130434828,18.015693913043457,69.15025217391297,4.422414492753631,123.17,125.85,110.715,145.01,4.609999999999999,124.48333333333336,122.23333333333332,0.0,118.335,2026-07-01
2026-07-01,Beans (dry),118.335,5.08,6.49,9.784965034965037,1.390702052785923,22.23961524926686,28.102879765395908,17.588340175953082,67.44304222873895,4.551488563049847,127.78,122.5,114.94,140.0,-9.444999999999991,123.09499999999998,122.79916666666668,1.034965034965035,115.0,2026-08-01
2021-01-01,Beans (rosecoco),7200.0,5.74,5.69,7.0,0.7919354838709679,23.90754838709677,30.62400000000001,18.40103225806452,63.9471612903226,3.8561290322580617,,,,,,7200.0,7200.0,,7267.5,2021-02-01
2021-02-01,Beans (rosecoco),7267.5,5.16,5.78,7.0,1.0442857142857147,24.79950000000001,31.69057142857141,19.06357142857143,59.52299999999998,3.674142857142858,7200.0,,,,67.5,7233.75,7233.75,0.0,7200.0,2021-03-01
2021-03-01,Beans (rosecoco),7200.0,5.17,5.9,7.0,1.7911612903225802,25.173806451612897,31.998322580645176,19.61935483870968,59.83787096774194,4.444709677419353,7267.5,,,,-67.5,7222.5,7222.5,0.0,7650.0,2021-04-01
2021-04-01,Beans (rosecoco),7650.0,4.66,5.76,7.0,2.957933333333333,24.55046666666667,30.21866666666668,20.13686666666666,69.45406666666668,4.395666666666665,7200.0,7200.0,,,450.0,7372.5,7329.375,0.0,8100.0,2021-05-01
2021-05-01,Beans (rosecoco),8100.0,5.2,5.87,7.0,4.084645161290321,23.198838709677418,28.791161290322574,18.890903225806447,71.30193548387098,4.230838709677419,7650.0,7267.5,,,450.0,7650.0,7483.5,0.0,8370.0,2021-06-01
2021-06-01,Beans (rosecoco),8370.0,5.35,6.32,7.0,0.9444,22.28393333333332,28.215866666666678,17.62313333333334,68.38119999999999,4.6206666666666685,8100.0,7200.0,,,270.0,8040.0,7631.25,0.0,8100.0,2021-07-01
2021-09-01,Beans (rosecoco),7200.0,5.35,6.91,7.0,0.8566000000000005,23.6962,30.353733333333302,18.39033333333334,61.80706666666668,5.1367999999999965,8100.0,8100.0,7267.5,,-900.0,7890.0,7770.0,0.0,7200.0,2021-10-01
2021-10-01,Beans (rosecoco),7200.0,6.07,6.45,7.0,0.9926451612903228,24.777870967741944,31.445612903225797,19.28006451612903,59.91716129032259,4.692838709677422,7200.0,8370.0,7200.0,,0.0,7500.0,7770.0,0.0,7299.0,2021-11-01
2021-11-01,Beans (rosecoco),7299.0,6.1,5.8,7.0,2.353666666666667,25.23273333333333,31.71406666666668,20.02933333333334,61.54279999999998,4.274666666666668,7200.0,8100.0,7650.0,,99.0,7233.0,7711.5,0.0,7200.0,2021-12-01
2021-12-01,Beans (rosecoco),7200.0,5.62,5.73,7.0,3.16367741935484,23.442774193548384,29.09103225806451,19.034,72.45916129032256,4.153032258064515,7299.0,7200.0,8100.0,,-99.0,7233.0,7561.5,0.0,6660.0,2022-01-01
2022-01-01,Beans (rosecoco),6660.0,6.08,5.39,7.0,1.0556129032258066,23.976,30.78348387096775,18.405548387096765,61.97374193548387,3.780967741935484,7200.0,7200.0,8370.0,,-540.0,7053.0,7276.5,0.0,7245.0,2022-02-01
2022-02-01,Beans (rosecoco),7245.0,6.23,5.08,7.0,0.751928571428572,25.41328571428572,32.26628571428571,19.74971428571427,57.56485714285712,3.527714285714285,6660.0,7299.0,8100.0,7200.0,585.0,7035.0,7134.0,0.0,6987.9400000000005,2022-03-01
2022-03-01,Beans (rosecoco),6987.9400000000005,6.29,5.56,7.0,0.9250967741935486,26.167612903225805,33.591612903225816,19.94232258064516,54.837935483870965,4.3436774193548375,7245.0,7200.0,7200.0,7267.5,-257.0599999999995,6964.313333333334,7098.656666666667,0.0,8100.0,2022-04-01
2022-06-01,Beans (rosecoco),8812.5,6.29,7.91,9.760670731707316,1.2656000000000005,22.705800000000007,28.840666666666664,17.832266666666662,64.76066666666671,4.906466666666667,8100.0,7245.0,7299.0,7650.0,712.5,7966.813333333334,7500.906666666667,2.760670731707316,9650.0,2022-07-01
2022-07-01,Beans (rosecoco),9650.0,6.45,8.32,9.784965034965037,1.6142580645161289,21.69451612903225,27.7987741935484,16.916645161290322,66.00006451612902,4.918193548387095,8812.5,6987.9400000000005,7200.0,8100.0,837.5,8854.166666666666,7909.240000000001,0.0242943032577187,9806.065,2022-08-01
2022-08-01,Beans (rosecoco),9806.065,6.61,8.53,9.530821917808218,1.6161935483870968,22.14103225806452,28.39174193548388,17.18245161290323,64.63374193548387,4.733870967741937,9650.0,8100.0,6660.0,8370.0,156.0649999999987,9422.855,8433.584166666667,-0.2541431171568167,9977.625,2022-09-01
2022-09-01,Beans (rosecoco),9977.625,6.81,9.18,9.66546762589928,3.597333333333333,22.768933333333333,29.142666666666663,17.681600000000003,65.41580000000003,4.821066666666665,9806.065,8812.5,7245.0,8100.0,171.5600000000013,9811.23,8889.021666666667,0.1346457080910621,10998.0,2022-10-01
2023-02-01,Beans (rosecoco),11802.75,8.3,9.23,8.75,0.2490714285714285,25.779071428571427,33.53999999999999,19.067071428571435,51.11364285714282,4.3248571428571445,10998.0,9806.065,8100.0,7200.0,804.75,10926.125,10174.49,-0.9154676258992804,12762.0,2023-03-01
2023-03-01,Beans (rosecoco),12762.0,8.59,9.19,9.5,2.4013548387096764,25.384516129032253,31.94077419354838,20.057032258064517,60.971677419354855,4.06658064516129,11802.75,9977.625,8812.5,7299.0,959.25,11854.25,10832.74,0.75,13741.5,2023-04-01
2023-04-01,Beans (rosecoco),13741.5,8.71,7.9,9.5,7.197333333333333,23.745999999999984,29.0422,19.674599999999984,74.81580000000002,3.944533333333332,12762.0,10998.0,9650.0,7200.0,979.5,12768.75,11514.656666666668,0.0,14268.0,2023-05-01
2023-05-01,Beans (rosecoco),14268.0,8.78,8.03,9.5,4.442903225806452,23.30825806451613,29.11400000000001,18.91664516129032,73.83045161290323,4.281419354838708,13741.5,11802.75,9806.065,6660.0,526.5,13590.5,12258.3125,0.0,14593.0,2023-06-01
2023-08-01,Beans (rosecoco),13500.0,8.52,6.73,10.5,1.2456129032258063,22.88574193548387,29.28122580645161,17.85677419354839,66.17167741935486,5.026322580645161,14593.0,13741.5,10998.0,6987.9400000000005,-1093.0,14120.333333333334,13444.541666666666,1.0,13500.0,2023-09-01
2023-09-01,Beans (rosecoco),13500.0,8.32,6.78,10.5,1.2512666666666667,24.303266666666666,30.885133333333325,19.023200000000013,63.47546666666668,4.6887333333333325,13500.0,14268.0,11802.75,8100.0,0.0,13864.333333333334,13727.416666666666,0.0,14000.0,2023-10-01
2023-12-01,Beans (rosecoco),12600.0,7.67,6.63,12.5,1.8227741935483872,23.924580645161296,29.33877419354839,19.554838709677423,73.56464516129034,3.545483870967744,14000.0,13500.0,13741.5,9650.0,-1400.0,13366.666666666666,13743.5,2.0,12600.0,2024-01-01
2024-01-01,Beans (rosecoco),12600.0,7.5,6.85,12.5,2.3723225806451618,24.25774193548387,29.788000000000004,19.716064516129023,69.22432258064514,3.1272903225806448,12600.0,13500.0,14268.0,9806.065,0.0,13066.666666666666,13465.5,0.0,10600.2,2024-02-01
2024-02-01,Beans (rosecoco),10600.2,7.26,6.31,13.0,2.0566896551724128,25.350689655172413,31.520551724137945,20.212275862068964,66.31717241379307,3.741241379310345,12600.0,14000.0,14593.0,9977.625,-1999.7999999999995,11933.4,12800.033333333333,0.5,13446.9,2024-03-01
2024-03-01,Beans (rosecoco),13446.9,6.97,5.7,13.0,2.327935483870968,25.79329032258065,31.81593548387097,20.99567741935485,66.56761290322584,4.041161290322585,10600.2,12600.0,13500.0,10998.0,2846.699999999999,12215.7,12791.183333333332,0.0,13121.1,2024-04-01
2024-04-01,Beans (rosecoco),13121.1,6.73,5.0,13.0,8.986199999999998,23.79073333333333,28.397533333333328,20.36040000000001,78.19506666666669,3.6072,13446.9,12600.0,13500.0,11802.75,-325.7999999999993,12389.4,12728.033333333333,0.0,13350.0,2024-05-01
2024-05-01,Beans (rosecoco),13350.0,6.49,5.1,13.0,4.229612903225806,23.623419354838685,28.854064516129032,19.470129032258058,74.99767741935482,4.029419354838709,13121.1,10600.2,14000.0,12762.0,228.89999999999964,13306.0,12619.7,0.0,13350.0,2024-06-01
2024-06-01,Beans (rosecoco),13350.0,4.64,6.22,13.0,1.2621333333333329,22.826733333333344,28.75386666666668,17.97533333333332,68.3048,4.3918,13350.0,13446.9,12600.0,13741.5,0.0,13273.7,12744.7,0.0,8333.0,2024-07-01
2024-12-01,Beans (rosecoco),10950.3,4.5,2.99,11.25,1.8755483870967744,24.34948387096775,30.476387096774182,19.31638709677419,66.94780645161289,3.624516129032257,13500.0,13350.0,13446.9,13500.0,-2549.7000000000007,10927.766666666668,12100.733333333332,-1.75,10600.2,2025-01-01
2025-01-01,Beans (rosecoco),10600.2,4.21,3.28,11.25,0.7796774193548389,25.158451612903228,32.159225806451616,19.218838709677406,57.03458064516127,3.969612903225807,10950.3,8333.0,13121.1,13500.0,-350.09999999999854,11683.5,11680.583333333334,0.0,11899.8,2025-02-01
2025-05-01,Beans (rosecoco),12682.8,3.63,3.75,10.0,4.08264516129032,23.566774193548387,28.9805806451613,19.4305806451613,73.60451612903228,4.216258064516128,11899.8,10950.3,13350.0,12600.0,783.0,11727.6,11327.683333333334,-1.25,14231.25,2025-06-01
2025-06-01,Beans (rosecoco),14231.25,3.56,3.82,9.75,2.105666666666667,22.760866666666672,28.411133333333336,18.32386666666668,70.13126666666663,4.3168,12682.8,10600.2,8333.0,12600.0,1548.4500000000007,12937.95,12310.725,-0.25,9349.2,2025-07-01
2026-01-01,Beans (rosecoco),9800.0,4.16,4.4,9.0,1.145822580645162,24.324359375000025,30.912066028225794,18.84784173387096,62.25724697580647,3.792182963709665,10300.0,14231.25,10600.2,13121.1,-500.0,9816.4,11377.175,-0.75,11600.0,2026-02-01
2026-04-01,Beans (rosecoco),10125.0,4.42,5.59,8.75,5.932325000000009,24.13787371794871,29.4320878205128,20.085883333333346,73.47075320512826,3.949292948717952,11600.0,10300.0,12682.8,13350.0,-1475.0,10508.333333333334,10900.908333333333,-0.25,9900.0,2026-05-01
2021-01-01,Cowpeas,4950.0,5.74,5.69,7.0,0.7919354838709679,23.90754838709677,30.62400000000001,18.40103225806452,63.9471612903226,3.8561290322580617,,,,,,4950.0,4950.0,,5925.0,2021-02-01
2021-02-01,Cowpeas,5925.0,5.16,5.78,7.0,1.0442857142857147,24.79950000000001,31.69057142857141,19.06357142857143,59.52299999999998,3.674142857142858,4950.0,,,,975.0,5437.5,5437.5,0.0,7200.0,2021-03-01
2021-03-01,Cowpeas,7200.0,5.17,5.9,7.0,1.7911612903225802,25.173806451612897,31.998322580645176,19.61935483870968,59.83787096774194,4.444709677419353,5925.0,,,,1275.0,6025.0,6025.0,0.0,6602.0,2021-04-01
2021-04-01,Cowpeas,6602.0,4.66,5.76,7.0,2.957933333333333,24.55046666666667,30.21866666666668,20.13686666666666,69.45406666666668,4.395666666666665,7200.0,4950.0,,,-598.0,6575.666666666667,6169.25,0.0,7497.0,2021-05-01
2021-05-01,Cowpeas,7497.0,5.2,5.87,7.0,4.084645161290321,23.198838709677418,28.791161290322574,18.890903225806447,71.30193548387098,4.230838709677419,6602.0,5925.0,,,895.0,7099.666666666667,6434.8,0.0,7875.0,2021-06-01
2021-06-01,Cowpeas,7875.0,5.35,6.32,7.0,0.9444,22.28393333333332,28.215866666666678,17.62313333333334,68.38119999999999,4.6206666666666685,7497.0,7200.0,,,378.0,7324.666666666667,6674.833333333333,0.0,5736.0,2021-07-01
2021-09-01,Cowpeas,6300.0,5.35,6.91,7.0,0.8566000000000005,23.6962,30.353733333333302,18.39033333333334,61.80706666666668,5.1367999999999965,5736.0,7497.0,5925.0,,564.0,6637.0,6868.333333333333,0.0,8100.0,2021-10-01
2021-10-01,Cowpeas,8100.0,6.07,6.45,7.0,0.9926451612903228,24.777870967741944,31.445612903225797,19.28006451612903,59.91716129032259,4.692838709677422,6300.0,7875.0,7200.0,,1800.0,6712.0,7018.333333333333,0.0,8100.0,2021-11-01
2021-11-01,Cowpeas,8100.0,6.1,5.8,7.0,2.353666666666667,25.23273333333333,31.71406666666668,20.02933333333334,61.54279999999998,4.274666666666668,8100.0,5736.0,6602.0,,0.0,7500.0,7268.0,0.0,8527.0,2021-12-01
2021-12-01,Cowpeas,8527.0,5.62,5.73,7.0,3.16367741935484,23.442774193548384,29.09103225806451,19.034,72.45916129032256,4.153032258064515,8100.0,6300.0,7497.0,,427.0,8242.333333333334,7439.666666666667,0.0,8578.0,2022-01-01
2022-01-01,Cowpeas,8578.0,6.08,5.39,7.0,1.0556129032258066,23.976,30.78348387096775,18.405548387096765,61.97374193548387,3.780967741935484,8527.0,8100.0,7875.0,,51.0,8401.666666666666,7556.833333333333,0.0,7875.0,2022-02-01
2022-02-01,Cowpeas,7875.0,6.23,5.08,7.0,0.751928571428572,25.41328571428572,32.26628571428571,19.74971428571427,57.56485714285712,3.527714285714285,8578.0,8100.0,5736.0,4950.0,-703.0,8326.666666666666,7913.333333333333,0.0,8096.25,2022-03-01
2022-03-01,Cowpeas,8096.25,6.29,5.56,7.0,0.9250967741935486,26.167612903225805,33.591612903225816,19.94232258064516,54.837935483870965,4.3436774193548375,7875.0,8527.0,6300.0,5925.0,221.25,8183.083333333333,8212.708333333334,0.0,8662.5,2022-04-01
2022-04-01,Cowpeas,8662.5,6.05,6.47,9.563291139240508,2.7596666666666665,25.13853333333333,31.40686666666665,20.203266666666657,64.05233333333332,4.33646666666667,8096.25,8578.0,8100.0,7200.0,566.25,8211.25,8306.458333333334,2.5632911392405067,8901.0,2022-05-01
2022-05-01,Cowpeas,8901.0,6.16,7.08,9.570552147239264,2.486967741935484,23.872903225806446,29.77129032258064,19.268516129032268,68.47270967741939,4.5590322580645175,8662.5,7875.0,8100.0,6602.0,238.5,8553.25,8439.958333333334,0.0072610079987569,9225.0,2022-06-01
2022-06-01,Cowpeas,9225.0,6.29,7.91,9.760670731707316,1.2656000000000005,22.705800000000007,28.840666666666664,17.832266666666662,64.76066666666671,4.906466666666667,8901.0,8096.25,8527.0,7497.0,324.0,8929.5,8556.291666666666,0.1901185844680526,9675.0,2022-07-01
2022-07-01,Cowpeas,9675.0,6.45,8.32,9.784965034965037,1.6142580645161289,21.69451612903225,27.7987741935484,16.916645161290322,66.00006451612902,4.918193548387095,9225.0,8662.5,8578.0,7875.0,450.0,9267.0,8739.125,0.0242943032577187,9135.0,2022-08-01
2022-08-01,Cowpeas,9135.0,6.61,8.53,9.530821917808218,1.6161935483870968,22.14103225806452,28.39174193548388,17.18245161290323,64.63374193548387,4.733870967741937,9675.0,8901.0,7875.0,5736.0,-540.0,9345.0,8949.125,-0.2541431171568167,9999.0,2022-09-01
2022-09-01,Cowpeas,9999.0,6.81,9.18,9.66546762589928,3.597333333333333,22.768933333333333,29.142666666666663,17.681600000000003,65.41580000000003,4.821066666666665,9135.0,9225.0,8096.25,6300.0,864.0,9603.0,9266.25,0.1346457080910621,11997.0,2022-10-01
2022-10-01,Cowpeas,11997.0,7.48,9.59,9.49822695035461,0.6903225806451612,23.904774193548374,30.98670967741936,18.17722580645161,59.52890322580646,4.805741935483872,9999.0,9675.0,8662.5,8100.0,1998.0,10377.0,9822.0,-0.1672406755446704,12002.0,2022-11-01
2022-11-01,Cowpeas,12002.0,7.38,9.48,8.75,2.975200000000001,23.739,29.523866666666667,19.328000000000003,69.0702,4.057933333333334,11997.0,9135.0,8901.0,8100.0,5.0,11332.666666666666,10338.833333333334,-0.74822695035461,11100.0,2022-12-01
2022-12-01,Cowpeas,11100.0,7.66,9.06,9.855,1.1950967741935483,24.37070967741937,30.68529032258063,19.27883870967742,64.15438709677423,3.945419354838709,12002.0,9999.0,9225.0,8527.0,-902.0,11699.666666666666,10651.333333333334,1.1050000000000004,13050.0,2023-01-01
2023-01-01,Cowpeas,13050.0,7.95,8.98,8.75,0.4614193548387098,24.429354838709678,31.497419354838705,18.43832258064516,57.50322580645159,4.315354838709677,11100.0,11997.0,9675.0,8578.0,1950.0,12050.666666666666,11213.833333333334,-1.1050000000000004,10260.0,2023-02-01
2023-02-01,Cowpeas,10260.0,8.3,9.23,8.75,0.2490714285714285,25.779071428571427,33.53999999999999,19.067071428571435,51.11364285714282,4.3248571428571445,13050.0,12002.0,9135.0,7875.0,-2790.0,11470.0,11401.333333333334,0.0,10069.0,2023-03-01
2023-03-01,Cowpeas,10069.0,8.59,9.19,9.5,2.4013548387096764,25.384516129032253,31.94077419354838,20.057032258064517,60.971677419354855,4.06658064516129,10260.0,11100.0,9999.0,8096.25,-191.0,11126.333333333334,11413.0,0.75,11205.0,2023-04-01
2023-04-01,Cowpeas,11205.0,8.71,7.9,9.5,7.197333333333333,23.745999999999984,29.0422,19.674599999999984,74.81580000000002,3.944533333333332,10069.0,13050.0,11997.0,8662.5,1136.0,10511.333333333334,11281.0,0.0,10335.06,2023-05-01
2023-05-01,Cowpeas,10335.06,8.78,8.03,9.5,4.442903225806452,23.30825806451613,29.11400000000001,18.91664516129032,73.83045161290323,4.281419354838708,11205.0,10260.0,12002.0,8901.0,-869.9399999999987,10536.353333333334,11003.176666666666,0.0,8578.0,2023-06-01
2023-06-01,Cowpeas,8578.0,8.77,7.88,10.5,2.095133333333332,22.743266666666667,28.554933333333327,18.20666666666667,71.06640000000003,4.183399999999999,10335.06,10069.0,11100.0,9225.0,-1757.0600000000013,10039.353333333334,10582.843333333332,1.0,7046.5,2023-07-01
2023-07-01,Cowpeas,7046.5,8.68,7.28,10.5,1.2007741935483869,22.377032258064503,28.50600000000001,17.540967741935482,68.09154838709676,4.793741935483872,8578.0,11205.0,13050.0,9675.0,-1531.5,8653.186666666666,9582.26,0.0,9000.0,2023-08-01
2023-08-01,Cowpeas,9000.0,8.52,6.73,10.5,1.2456129032258063,22.88574193548387,29.28122580645161,17.85677419354839,66.17167741935486,5.026322580645161,7046.5,10335.06,10260.0,9135.0,1953.5,8208.166666666666,9372.26,0.0,9000.0,2023-09-01
2023-09-01,Cowpeas,9000.0,8.32,6.78,10.5,1.2512666666666667,24.303266666666666,30.885133333333325,19.023200000000013,63.47546666666668,4.6887333333333325,9000.0,8578.0,10069.0,9999.0,0.0,8348.833333333334,9194.093333333332,0.0,9000.0,2023-10-01
2023-12-01,Cowpeas,10948.5,7.67,6.63,12.5,1.8227741935483872,23.924580645161296,29.33877419354839,19.554838709677423,73.56464516129034,3.545483870967744,9000.0,9000.0,10335.06,12002.0,1948.5,9649.5,8928.833333333334,2.0,9000.0,2024-01-01
2024-01-01,Cowpeas,9000.0,7.5,6.85,12.5,2.3723225806451618,24.25774193548387,29.788000000000004,19.716064516129023,69.22432258064514,3.1272903225806448,10948.5,9000.0,8578.0,11100.0,-1948.5,9649.5,8999.166666666666,0.0,6797.25,2024-02-01
2024-02-01,Cowpeas,6797.25,7.26,6.31,13.0,2.0566896551724128,25.350689655172413,31.520551724137945,20.212275862068964,66.31717241379307,3.741241379310345,9000.0,9000.0,7046.5,13050.0,-2202.75,8915.25,8957.625,0.5,6000.3,2024-03-01
2024-03-01,Cowpeas,6000.3,6.97,5.7,13.0,2.327935483870968,25.79329032258065,31.81593548387097,20.99567741935485,66.56761290322584,4.041161290322585,6797.25,10948.5,9000.0,10260.0,-796.9499999999998,7265.849999999999,8457.675000000001,0.0,7825.0,2024-04-01
2024-04-01,Cowpeas,7825.0,6.73,5.0,13.0,8.986199999999998,23.79073333333333,28.397533333333328,20.36040000000001,78.19506666666669,3.6072,6000.3,9000.0,9000.0,10069.0,1824.7,6874.183333333333,8261.841666666667,0.0,7014.5,2024-05-01
2024-05-01,Cowpeas,7014.5,6.49,5.1,13.0,4.229612903225806,23.623419354838685,28.854064516129032,19.470129032258058,74.99767741935482,4.029419354838709,7825.0,6797.25,9000.0,11205.0,-810.5,6946.599999999999,7930.925,0.0,6500.0,2024-06-01
2024-06-01,Cowpeas,6500.0,4.64,6.22,13.0,1.2621333333333329,22.826733333333344,28.75386666666668,17.97533333333332,68.3048,4.3918,7014.5,6000.3,10948.5,10335.06,-514.5,7113.166666666667,7189.508333333334,0.0,7240.0,2024-07-01
2024-07-01,Cowpeas,7240.0,5.97,4.31,13.0,1.594709677419355,22.666129032258063,28.35070967741936,18.120193548387093,68.32929032258063,4.065354838709677,6500.0,7825.0,9000.0,8578.0,740.0,6918.166666666667,6896.175,0.0,4500.0,2024-08-01
2024-08-01,Cowpeas,4500.0,5.77,4.36,12.75,0.9360000000000004,23.02948387096774,29.357999999999997,18.00567741935484,65.19645161290319,4.680645161290326,7240.0,7014.5,6797.25,7046.5,-2740.0,6080.0,6513.3,-0.25,5400.0,2024-09-01
2024-09-01,Cowpeas,5400.0,5.5,3.56,12.75,0.904266666666667,24.14846666666667,31.002266666666657,18.607,61.10273333333333,4.912733333333333,4500.0,6500.0,6000.3,9000.0,900.0,5713.333333333333,6413.25,0.0,6750.0,2024-10-01
2024-10-01,Cowpeas,6750.0,5.14,2.72,12.0,0.8206451612903226,25.090645161290325,31.86322580645161,19.57612903225806,60.61277419354836,4.586064516129031,5400.0,7240.0,7825.0,9000.0,1350.0,5550.0,6234.083333333333,-0.75,7650.0,2024-11-01
2024-11-01,Cowpeas,7650.0,4.81,2.75,12.0,5.397466666666665,24.418533333333343,29.939933333333343,20.20926666666666,70.95033333333329,3.6839333333333326,6750.0,4500.0,7014.5,9000.0,900.0,6600.0,6340.0,0.0,8050.05,2024-12-01
2024-12-01,Cowpeas,8050.05,4.5,2.99,11.25,1.8755483870967744,24.34948387096775,30.476387096774182,19.31638709677419,66.94780645161289,3.624516129032257,7650.0,5400.0,6500.0,10948.5,400.0500000000002,7483.349999999999,6598.341666666667,-0.75,9333.45,2025-01-01
2025-01-01,Cowpeas,9333.45,4.21,3.28,11.25,0.7796774193548389,25.158451612903228,32.159225806451616,19.218838709677406,57.03458064516127,3.969612903225807,8050.05,6750.0,7240.0,9000.0,1283.4000000000003,8344.5,6947.25,0.0,9037.465,2025-02-01
2025-02-01,Cowpeas,9037.465,3.98,3.45,10.75,0.1199999999999999,25.695428571428565,33.249857142857124,19.149,54.62171428571431,4.577000000000001,9333.45,7650.0,4500.0,6797.25,-295.9850000000006,8806.988333333333,7703.494166666666,-0.5,9000.0,2025-03-01
2025-05-01,Cowpeas,9450.0,3.63,3.75,10.0,4.08264516129032,23.566774193548387,28.9805806451613,19.4305806451613,73.60451612903228,4.216258064516128,9000.0,9333.45,6750.0,7825.0,450.0,9162.488333333333,8753.494166666665,-0.75,8943.75,2025-06-01
2025-06-01,Cowpeas,8943.75,3.56,3.82,9.75,2.105666666666667,22.760866666666672,28.411133333333336,18.32386666666668,70.13126666666663,4.3168,9450.0,9037.465,7650.0,7014.5,-506.25,9131.25,8969.119166666665,-0.25,6699.6,2025-07-01
2025-07-01,Cowpeas,6699.6,3.55,4.15,9.75,1.677806451612903,22.34941935483871,28.219612903225794,17.61896774193549,67.3152903225806,4.499483870967742,8943.75,9000.0,8050.05,6500.0,-2244.15,8364.449999999999,8744.044166666667,0.0,2100.42,2025-08-01
2025-08-01,Cowpeas,2100.42,3.56,4.53,9.5,4.021999999999999,22.03522580645161,27.794451612903234,17.444258064516138,68.66664516129035,4.260129032258064,6699.6,9450.0,9333.45,7240.0,-4599.18,5914.59,7538.539166666666,-0.25,7200.0,2025-09-01
2025-09-01,Cowpeas,7200.0,3.65,4.58,9.5,0.9335333333333332,23.50606666666667,30.20480000000001,17.999266666666667,62.95826666666672,4.427266666666666,2100.42,8943.75,9037.465,4500.0,5099.58,5333.34,7232.294999999999,0.0,7433.5,2025-10-01
2026-04-01,Cowpeas,7950.0,4.42,5.59,8.75,5.932325000000009,24.13787371794871,29.4320878205128,20.085883333333346,73.47075320512826,3.949292948717952,9800.0,7200.0,8943.75,7650.0,-1850.0,8394.5,6863.920000000001,-0.75,8100.0,2026-05-01
2021-01-01,Maize,45.835,5.74,5.69,7.0,0.7919354838709679,23.90754838709677,30.62400000000001,18.40103225806452,63.9471612903226,3.8561290322580617,52.0,,,,-6.164999999999999,48.9175,48.9175,,46.665,2021-02-01
2021-02-01,Maize,46.665,5.16,5.78,7.0,1.0442857142857147,24.79950000000001,31.69057142857141,19.06357142857143,59.52299999999998,3.674142857142858,45.835,,,,0.8299999999999983,48.16666666666666,48.16666666666666,0.0,47.72,2021-03-01
2021-03-01,Maize,47.72,5.17,5.9,7.0,1.7911612903225802,25.173806451612897,31.998322580645176,19.61935483870968,59.83787096774194,4.444709677419353,46.665,52.0,,,1.0549999999999995,46.74,48.055,0.0,46.120000000000005,2021-04-01
2021-04-01,Maize,46.120000000000005,4.66,5.76,7.0,2.957933333333333,24.55046666666667,30.21866666666668,20.13686666666666,69.45406666666668,4.395666666666665,47.72,45.835,,,-1.5999999999999943,46.835,47.668,0.0,42.5,2021-05-01
2021-05-01,Maize,42.5,5.2,5.87,7.0,4.084645161290321,23.198838709677418,28.791161290322574,18.890903225806447,71.30193548387098,4.230838709677419,46.120000000000005,46.665,,,-3.620000000000005,45.446666666666665,46.80666666666667,0.0,48.29,2021-06-01
2021-06-01,Maize,48.29,5.35,6.32,7.0,0.9444,22.28393333333332,28.215866666666678,17.62313333333334,68.38119999999999,4.6206666666666685,42.5,47.72,52.0,,5.789999999999999,45.63666666666666,46.18833333333333,0.0,50.0,2021-07-01
2021-07-01,Maize,50.0,5.53,6.55,7.0,1.0405161290322589,21.831161290322573,27.556000000000008,17.353354838709674,66.38948387096771,4.6970967741935485,48.29,46.120000000000005,45.835,,1.7100000000000009,46.93,46.88249999999999,0.0,49.38,2021-08-01
2021-08-01,Maize,49.38,5.71,6.57,7.0,0.8192258064516129,22.778129032258075,29.13645161290323,17.586645161290317,62.746903225806456,4.781161290322578,50.0,42.5,46.665,,-0.6199999999999974,49.22333333333333,47.335,0.0,50.0,2021-09-01
2021-09-01,Maize,50.0,5.35,6.91,7.0,0.8566000000000005,23.6962,30.353733333333302,18.39033333333334,61.80706666666668,5.1367999999999965,49.38,48.29,47.72,,0.6199999999999974,49.79333333333333,47.715,0.0,50.0,2021-10-01
2021-10-01,Maize,50.0,6.07,6.45,7.0,0.9926451612903228,24.777870967741944,31.445612903225797,19.28006451612903,59.91716129032259,4.692838709677422,50.0,50.0,46.120000000000005,,0.0,49.79333333333333,48.36166666666666,0.0,50.0,2021-11-01
2021-11-01,Maize,50.0,6.1,5.8,7.0,2.353666666666667,25.23273333333333,31.71406666666668,20.02933333333334,61.54279999999998,4.274666666666668,50.0,49.38,42.5,,0.0,50.0,49.61166666666666,0.0,50.0,2021-12-01
2021-12-01,Maize,50.0,5.62,5.73,7.0,3.16367741935484,23.442774193548384,29.09103225806451,19.034,72.45916129032256,4.153032258064515,50.0,50.0,48.29,52.0,0.0,50.0,49.89666666666667,0.0,50.0,2022-01-01
2022-01-01,Maize,50.0,6.08,5.39,7.0,1.0556129032258066,23.976,30.78348387096775,18.405548387096765,61.97374193548387,3.780967741935484,50.0,50.0,50.0,45.835,0.0,50.0,49.89666666666667,0.0,45.865,2022-02-01
2023-01-01,Maize,65.0,7.95,8.98,8.75,0.4614193548387098,24.429354838709678,31.497419354838705,18.43832258064516,57.50322580645159,4.315354838709677,45.865,50.0,50.0,47.72,19.135,53.62166666666667,51.810833333333335,1.75,68.33,2023-02-01
2023-02-01,Maize,68.33,8.3,9.23,8.75,0.2490714285714285,25.779071428571427,33.53999999999999,19.067071428571435,51.11364285714282,4.3248571428571445,65.0,50.0,50.0,46.120000000000005,3.3299999999999983,59.73166666666666,54.865833333333335,0.0,68.21,2023-03-01
2023-03-01,Maize,68.21,8.59,9.19,9.5,2.4013548387096764,25.384516129032253,31.94077419354838,20.057032258064517,60.971677419354855,4.06658064516129,68.33,45.865,50.0,42.5,-0.1200000000000045,67.17999999999999,57.90083333333333,0.75,70.0,2023-04-01
2023-04-01,Maize,70.0,8.71,7.9,9.5,7.197333333333333,23.745999999999984,29.0422,19.674599999999984,74.81580000000002,3.944533333333332,68.21,65.0,50.0,48.29,1.7900000000000065,68.84666666666666,61.23416666666666,0.0,85.0,2023-05-01
2023-05-01,Maize,85.0,8.78,8.03,9.5,4.442903225806452,23.30825806451613,29.11400000000001,18.91664516129032,73.83045161290323,4.281419354838708,70.0,68.33,50.0,50.0,15.0,74.40333333333332,67.0675,0.0,75.0,2023-06-01
2023-06-01,Maize,75.0,8.77,7.88,10.5,2.095133333333332,22.743266666666667,28.554933333333327,18.20666666666667,71.06640000000003,4.183399999999999,85.0,68.21,45.865,49.38,-10.0,76.66666666666667,71.92333333333333,1.0,80.47,2023-07-01
2023-07-01,Maize,80.47,8.68,7.28,10.5,1.2007741935483869,22.377032258064503,28.50600000000001,17.540967741935482,68.09154838709676,4.793741935483872,75.0,70.0,65.0,50.0,5.469999999999999,80.15666666666667,74.50166666666667,0.0,80.0,2023-08-01
2023-08-01,Maize,80.0,8.52,6.73,10.5,1.2456129032258063,22.88574193548387,29.28122580645161,17.85677419354839,66.17167741935486,5.026322580645161,80.47,85.0,68.33,50.0,-0.4699999999999988,78.49,76.44666666666666,0.0,73.125,2023-09-01
2023-09-01,Maize,73.125,8.32,6.78,10.5,1.2512666666666667,24.303266666666666,30.885133333333325,19.023200000000013,63.47546666666668,4.6887333333333325,80.0,75.0,68.21,50.0,-6.875,77.865,77.26583333333333,0.0,70.0,2023-10-01
2023-10-01,Maize,70.0,8.1,6.92,10.5,2.628645161290323,24.625612903225804,31.094258064516087,19.54954838709677,65.34103225806454,4.684000000000001,73.125,80.47,70.0,50.0,-3.125,74.375,77.26583333333333,0.0,72.73,2023-11-01
2023-11-01,Maize,72.73,7.87,6.8,10.5,9.33346666666667,23.02306666666667,27.941599999999973,19.267866666666663,78.72493333333331,3.671533333333332,70.0,80.0,85.0,50.0,2.730000000000004,71.95166666666667,75.22083333333335,0.0,68.5,2023-12-01
2023-12-01,Maize,68.5,7.67,6.63,12.5,1.8227741935483872,23.924580645161296,29.33877419354839,19.554838709677423,73.56464516129034,3.545483870967744,72.73,73.125,75.0,45.865,-4.230000000000004,70.41000000000001,74.1375,2.0,70.0,2024-01-01
2024-01-01,Maize,70.0,7.5,6.85,12.5,2.3723225806451618,24.25774193548387,29.788000000000004,19.716064516129023,69.22432258064514,3.1272903225806448,68.5,70.0,80.47,65.0,1.5,70.41000000000001,72.3925,0.0,70.0,2024-02-01
2024-02-01,Maize,70.0,7.26,6.31,13.0,2.0566896551724128,25.350689655172413,31.520551724137945,20.212275862068964,66.31717241379307,3.741241379310345,70.0,72.73,80.0,68.33,0.0,69.5,70.72583333333334,0.5,68.75,2024-03-01
2024-03-01,Maize,68.75,6.97,5.7,13.0,2.327935483870968,25.79329032258065,31.81593548387097,20.99567741935485,66.56761290322584,4.041161290322585,70.0,68.5,73.125,68.21,-1.25,69.58333333333333,69.99666666666667,0.0,60.0,2024-04-01
2024-04-01,Maize,60.0,6.73,5.0,13.0,8.986199999999998,23.79073333333333,28.397533333333328,20.36040000000001,78.19506666666669,3.6072,68.75,70.0,70.0,70.0,-8.75,66.25,68.33,0.0,60.0,2024-05-01
2024-05-01,Maize,60.0,6.49,5.1,13.0,4.229612903225806,23.623419354838685,28.854064516129032,19.470129032258058,74.99767741935482,4.029419354838709,60.0,70.0,72.73,85.0,0.0,62.91666666666666,66.20833333333333,0.0,55.0,2024-06-01
2024-06-01,Maize,55.0,4.64,6.22,13.0,1.2621333333333329,22.826733333333344,28.75386666666668,17.97533333333332,68.3048,4.3918,60.0,68.75,68.5,75.0,-5.0,58.333333333333336,63.958333333333336,0.0,52.5,2024-07-01
2024-07-01,Maize,52.5,5.97,4.31,13.0,1.594709677419355,22.666129032258063,28.35070967741936,18.120193548387093,68.32929032258063,4.065354838709677,55.0,60.0,70.0,80.47,-2.5,55.833333333333336,61.04166666666666,0.0,52.5,2024-08-01
2024-08-01,Maize,52.5,5.77,4.36,12.75,0.9360000000000004,23.02948387096774,29.357999999999997,18.00567741935484,65.19645161290319,4.680645161290326,52.5,60.0,70.0,80.0,0.0,53.333333333333336,58.125,-0.25,50.0,2024-09-01
2024-09-01,Maize,50.0,5.5,3.56,12.75,0.904266666666667,24.14846666666667,31.002266666666657,18.607,61.10273333333333,4.912733333333333,52.5,55.0,68.75,73.125,-2.5,51.66666666666666,55.0,0.0,52.5,2024-10-01
2024-10-01,Maize,52.5,5.14,2.72,12.0,0.8206451612903226,25.090645161290325,31.86322580645161,19.57612903225806,60.61277419354836,4.586064516129031,50.0,52.5,60.0,70.0,2.5,51.66666666666666,53.75,-0.75,56.665,2024-11-01
2024-11-01,Maize,56.665,4.81,2.75,12.0,5.397466666666665,24.418533333333343,29.939933333333343,20.20926666666666,70.95033333333329,3.6839333333333326,52.5,52.5,60.0,72.73,4.164999999999999,53.055,53.19416666666667,0.0,55.5,2024-12-01
2024-12-01,Maize,55.5,4.5,2.99,11.25,1.8755483870967744,24.34948387096775,30.476387096774182,19.31638709677419,66.94780645161289,3.624516129032257,56.665,50.0,55.0,68.5,-1.1649999999999991,54.88833333333333,53.2775,-0.75,55.0,2025-01-01
2025-01-01,Maize,55.0,4.21,3.28,11.25,0.7796774193548389,25.158451612903228,32.159225806451616,19.218838709677406,57.03458064516127,3.969612903225807,55.5,52.5,52.5,70.0,-0.5,55.72166666666666,53.69416666666666,0.0,53.33,2025-02-01
2025-02-01,Maize,53.33,3.98,3.45,10.75,0.1199999999999999,25.695428571428565,33.249857142857124,19.149,54.62171428571431,4.577000000000001,55.0,56.665,52.5,70.0,-1.6700000000000017,54.60999999999999,53.83249999999999,-0.5,60.0,2025-03-01
2025-03-01,Maize,60.0,3.81,3.62,10.75,2.4451612903225803,25.729548387096774,31.886129032258072,20.82825806451615,63.927096774193565,3.830387096774193,53.33,55.5,50.0,68.75,6.670000000000002,56.10999999999999,55.49916666666667,0.0,63.33,2025-04-01
2025-04-01,Maize,63.33,3.74,4.11,10.0,5.220666666666667,24.250733333333333,29.64446666666668,20.16893333333333,73.82386666666672,3.7092000000000014,60.0,55.0,52.5,60.0,3.3299999999999983,58.88666666666666,57.30416666666667,-0.75,63.33,2025-05-01
2025-05-01,Maize,63.33,3.63,3.75,10.0,4.08264516129032,23.566774193548387,28.9805806451613,19.4305806451613,73.60451612903228,4.216258064516128,63.33,53.33,56.665,60.0,0.0,62.22,58.41499999999999,0.0,64.16499999999999,2025-06-01
2025-06-01,Maize,64.16499999999999,3.56,3.82,9.75,2.105666666666667,22.760866666666672,28.411133333333336,18.32386666666668,70.13126666666663,4.3168,63.33,60.0,55.5,55.0,0.8349999999999937,63.60833333333333,59.85916666666666,-0.25,61.25,2025-07-01
2025-07-01,Maize,61.25,3.55,4.15,9.75,1.677806451612903,22.34941935483871,28.219612903225794,17.61896774193549,67.3152903225806,4.499483870967742,64.16499999999999,63.33,55.0,52.5,-2.914999999999992,62.915,60.90083333333333,0.0,71.66499999999999,2025-08-01
2025-08-01,Maize,71.66499999999999,3.56,4.53,9.5,4.021999999999999,22.03522580645161,27.794451612903234,17.444258064516138,68.66664516129035,4.260129032258064,61.25,63.33,53.33,52.5,10.414999999999992,65.69333333333333,63.95666666666667,-0.25,60.0,2025-09-01
2025-09-01,Maize,60.0,3.65,4.58,9.5,0.9335333333333332,23.50606666666667,30.20480000000001,17.999266666666667,62.95826666666672,4.427266666666666,71.66499999999999,64.16499999999999,60.0,50.0,-11.664999999999992,64.30499999999999,63.95666666666667,0.0,57.5,2025-10-01
2025-10-01,Maize,57.5,3.8,4.56,9.25,2.074903225806452,24.370193548387096,30.639741935483865,19.28787096774194,62.97761290322581,4.31516129032258,60.0,61.25,63.33,52.5,-2.5,63.055,62.98499999999999,-0.25,60.0,2025-11-01
2025-11-01,Maize,60.0,3.94,4.46,9.25,1.0433333333333334,24.573666666666664,30.835266666666666,19.537066666666654,65.35886666666669,4.259733333333332,57.5,71.66499999999999,63.33,56.665,2.5,59.16666666666666,62.43,0.0,60.0,2025-12-01
2025-12-01,Maize,60.0,4.07,4.49,9.0,1.8190322580645149,25.00529032258064,31.20554838709679,19.921161290322583,63.28716129032258,3.802903225806451,60.0,60.0,64.16499999999999,55.5,0.0,59.16666666666666,61.735833333333325,-0.25,63.23,2026-01-01
2026-01-01,Maize,63.23,4.16,4.4,9.0,1.145822580645162,24.324359375000025,30.912066028225794,18.84784173387096,62.25724697580647,3.792182963709665,60.0,57.5,61.25,55.0,3.229999999999997,61.07666666666666,62.06583333333333,0.0,65.325,2026-02-01
2026-02-01,Maize,65.325,4.23,4.25,8.75,0.8548126154556672,25.384638912407667,32.41319515855911,19.4430963092672,58.030784848368256,3.961852101293102,63.23,60.0,71.66499999999999,53.33,2.095000000000006,62.85166666666667,61.009166666666665,-0.25,56.0,2026-03-01
2026-03-01,Maize,56.0,4.29,4.39,8.75,2.038562357124712,25.623604267208552,32.159948691897334,20.32225654051306,61.7244211328422,4.11545948691897,65.325,60.0,60.0,60.0,-9.325000000000005,61.51833333333334,60.3425,0.0,63.335,2026-04-01
2026-04-01,Maize,63.335,4.42,5.59,8.75,5.932325000000009,24.13787371794871,29.4320878205128,20.085883333333346,73.47075320512826,3.949292948717952,56.0,63.23,57.5,63.33,7.335000000000001,61.553333333333335,61.315,0.0,60.0,2026-05-01
2026-05-01,Maize,60.0,4.66,6.68,8.75,4.067935483870966,23.4403436950146,28.97188914956016,19.169278592375367,73.17871788856294,4.220569501466271,63.335,65.325,60.0,63.33,-3.335000000000001,59.778333333333336,61.315,0.0,56.88,2026-06-01
2026-06-01,Maize,56.88,4.88,6.41,8.75,1.601358260869567,22.64871652173913,28.488699130434828,18.015693913043457,69.15025217391297,4.422414492753631,60.0,56.0,60.0,64.16499999999999,-3.119999999999997,60.071666666666665,60.795,0.0,56.67,2026-07-01
2026-07-01,Maize,56.67,5.08,6.49,9.784965034965037,1.390702052785923,22.23961524926686,28.102879765395908,17.588340175953082,67.44304222873895,4.551488563049847,56.88,63.335,63.23,61.25,-0.2100000000000008,57.85,59.70166666666668,1.034965034965035,55.0,2026-08-01
2006-01-01,Maize (white),23.5,9.36,8.39,9.29639175257732,1.145822580645162,24.324359375000025,30.912066028225794,18.84784173387096,62.25724697580647,3.792182963709665,,,,,,23.5,23.5,,25.0,2006-02-01
2006-02-01,Maize (white),25.0,9.01,9.39,9.258021390374331,0.8548126154556672,25.384638912407667,32.41319515855911,19.4430963092672,58.030784848368256,3.961852101293102,23.5,,,,1.5,24.25,24.25,-0.038370362202988,24.5,2006-03-01
2006-03-01,Maize (white),24.5,8.61,8.85,9.425,2.038562357124712,25.623604267208552,32.159948691897334,20.32225654051306,61.7244211328422,4.11545948691897,25.0,,,,-0.5,24.33333333333333,24.33333333333333,0.1669786096256693,26.0,2006-04-01
2006-04-01,Maize (white),26.0,7.77,5.44,9.563291139240508,5.932325000000009,24.13787371794871,29.4320878205128,20.085883333333346,73.47075320512826,3.949292948717952,24.5,23.5,,,1.5,25.166666666666668,24.75,0.1382911392405059,23.5,2006-05-01
2006-05-01,Maize (white),23.5,6.95,4.47,9.570552147239264,4.067935483870966,23.4403436950146,28.97188914956016,19.169278592375367,73.17871788856294,4.220569501466271,26.0,25.0,,,-2.5,24.666666666666668,24.5,0.0072610079987569,22.0,2006-06-01
2006-06-01,Maize (white),22.0,6.33,4.28,9.75,1.601358260869567,22.64871652173913,28.488699130434828,18.015693913043457,69.15025217391297,4.422414492753631,23.5,24.5,,,-1.5,23.83333333333333,24.08333333333333,0.1794478527607363,22.0,2006-07-01
2006-07-01,Maize (white),22.0,5.73,4.16,9.75,1.390702052785923,22.23961524926686,28.102879765395908,17.588340175953082,67.44304222873895,4.551488563049847,22.0,26.0,23.5,,0.0,22.5,23.83333333333333,0.0,22.0,2006-08-01
2006-08-01,Maize (white),22.0,5.57,4.92,10.0,1.6585132743362836,22.63473822437915,28.83926862689127,17.679948044533276,65.71090322580628,4.687057950328296,22.0,23.5,25.0,,0.0,22.0,23.33333333333333,0.25,21.0,2006-09-01
2006-09-01,Maize (white),21.0,5.7,5.93,10.0,1.2264899082568816,23.801374311926637,30.47250275229354,18.42163058103977,62.58260917431189,4.797434862385318,22.0,22.0,24.5,,-1.0,21.666666666666668,22.75,0.0,22.0,2006-10-01
2006-10-01,Maize (white),22.0,5.94,6.55,10.0,1.5743422939068117,24.63259976105142,31.214093189964142,19.309915770609344,62.01451493428921,4.589507168458783,21.0,22.0,26.0,,1.0,21.666666666666668,22.08333333333333,0.0,24.0,2006-11-01
2006-11-01,Maize (white),24.0,6.12,6.64,10.0,3.966923999999996,24.30208533333333,30.160939333333395,19.715588,68.43798066666668,4.012504666666667,22.0,22.0,23.5,,2.0,22.33333333333333,22.166666666666668,0.0,24.0,2006-12-01
2006-12-01,Maize (white),24.0,6.39,7.98,10.0,2.113506954720328,24.146886060964768,30.01334418467002,19.406097070139086,68.98363302752291,3.786693696359874,24.0,21.0,22.0,,0.0,23.33333333333333,22.5,0.0,19.0,2007-01-01
2007-01-01,Maize (white),19.0,6.08,4.63,10.0,1.145822580645162,24.324359375000025,30.912066028225794,18.84784173387096,62.25724697580647,3.792182963709665,24.0,22.0,22.0,23.5,-5.0,22.33333333333333,22.0,0.0,20.0,2007-02-01
2007-02-01,Maize (white),20.0,5.55,3.02,10.0,0.8548126154556672,25.384638912407667,32.41319515855911,19.4430963092672,58.030784848368256,3.961852101293102,19.0,24.0,22.0,25.0,1.0,21.0,21.666666666666668,0.0,18.0,2007-03-01
2007-03-01,Maize (white),18.0,4.99,2.19,10.0,2.038562357124712,25.623604267208552,32.159948691897334,20.32225654051306,61.7244211328422,4.11545948691897,20.0,24.0,21.0,24.5,-2.0,19.0,21.166666666666668,0.0,19.0,2007-04-01
2007-04-01,Maize (white),19.0,4.69,1.85,10.0,5.932325000000009,24.13787371794871,29.4320878205128,20.085883333333346,73.47075320512826,3.949292948717952,18.0,19.0,22.0,26.0,1.0,19.0,20.666666666666668,0.0,22.0,2007-05-01
2007-05-01,Maize (white),22.0,4.47,1.96,10.0,4.067935483870966,23.4403436950146,28.97188914956016,19.169278592375367,73.17871788856294,4.220569501466271,19.0,20.0,24.0,23.5,3.0,19.666666666666668,20.33333333333333,0.0,22.0,2007-06-01
2007-06-01,Maize (white),22.0,4.46,4.07,8.5,1.601358260869567,22.64871652173913,28.488699130434828,18.015693913043457,69.15025217391297,4.422414492753631,22.0,18.0,24.0,22.0,0.0,21.0,20.0,-1.5,15.0,2007-07-01
2007-07-01,Maize (white),15.0,4.57,5.48,8.5,1.390702052785923,22.23961524926686,28.102879765395908,17.588340175953082,67.44304222873895,4.551488563049847,22.0,19.0,19.0,22.0,-7.0,19.666666666666668,19.33333333333333,0.0,15.0,2007-08-01
2007-08-01,Maize (white),15.0,4.6,5.3,8.75,1.6585132743362836,22.63473822437915,28.83926862689127,17.679948044533276,65.71090322580628,4.687057950328296,15.0,22.0,20.0,22.0,0.0,17.333333333333332,18.5,0.25,23.0,2007-09-01
2007-09-01,Maize (white),23.0,4.57,5.53,8.75,1.2264899082568816,23.801374311926637,30.47250275229354,18.42163058103977,62.58260917431189,4.797434862385318,15.0,22.0,18.0,21.0,8.0,17.666666666666668,19.33333333333333,0.0,21.0,2007-10-01
2007-10-01,Maize (white),21.0,4.48,5.38,8.75,1.5743422939068117,24.63259976105142,31.214093189964142,19.309915770609344,62.01451493428921,4.589507168458783,23.0,15.0,19.0,22.0,-2.0,19.666666666666668,19.666666666666668,0.0,22.0,2007-11-01
2007-11-01,Maize (white),22.0,4.45,6.08,8.75,3.966923999999996,24.30208533333333,30.160939333333395,19.715588,68.43798066666668,4.012504666666667,21.0,15.0,22.0,24.0,1.0,22.0,19.666666666666668,0.0,26.5,2007-12-01
2007-12-01,Maize (white),26.5,4.27,5.7,8.75,2.113506954720328,24.146886060964768,30.01334418467002,19.406097070139086,68.98363302752291,3.786693696359874,22.0,23.0,22.0,24.0,4.5,23.166666666666668,20.416666666666668,0.0,26.5,2008-01-01
2008-01-01,Maize (white),26.5,4.69,9.4,8.75,1.145822580645162,24.324359375000025,30.912066028225794,18.84784173387096,62.25724697580647,3.792182963709665,26.5,21.0,15.0,19.0,0.0,25.0,22.33333333333333,0.0,26.0,2008-02-01
2008-02-01,Maize (white),26.0,5.32,10.58,8.75,0.8548126154556672,25.384638912407667,32.41319515855911,19.4430963092672,58.030784848368256,3.961852101293102,26.5,22.0,15.0,20.0,-0.5,26.33333333333333,24.166666666666668,0.0,28.5,2008-03-01
2008-03-01,Maize (white),28.5,6.13,11.9,8.75,2.038562357124712,25.623604267208552,32.159948691897334,20.32225654051306,61.7244211328422,4.11545948691897,26.0,26.5,23.0,18.0,2.5,27.0,25.08333333333333,0.0,28.5,2008-04-01
2008-04-01,Maize (white),28.5,7.32,16.12,8.75,5.932325000000009,24.13787371794871,29.4320878205128,20.085883333333346,73.47075320512826,3.949292948717952,28.5,26.5,21.0,19.0,0.0,27.666666666666668,26.33333333333333,0.0,30.5,2008-05-01
2008-05-01,Maize (white),30.5,8.7,18.61,8.75,4.067935483870966,23.4403436950146,28.97188914956016,19.169278592375367,73.17871788856294,4.220569501466271,28.5,26.0,22.0,22.0,2.0,29.166666666666668,27.75,0.0,29.0,2008-06-01
2008-06-01,Maize (white),29.0,9.86,17.87,10.0,1.601358260869567,22.64871652173913,28.488699130434828,18.015693913043457,69.15025217391297,4.422414492753631,30.5,28.5,26.5,22.0,-1.5,29.33333333333333,28.166666666666668,1.25,30.5,2008-07-01
2008-07-01,Maize (white),30.5,10.83,17.12,9.0,1.390702052785923,22.23961524926686,28.102879765395908,17.588340175953082,67.44304222873895,4.551488563049847,29.0,28.5,26.5,15.0,1.5,30.0,28.83333333333333,-1.0,30.0,2008-08-01
2008-08-01,Maize (white),30.0,11.92,18.33,9.0,1.6585132743362836,22.63473822437915,28.83926862689127,17.679948044533276,65.71090322580628,4.687057950328296,30.5,30.5,26.0,15.0,-0.5,29.83333333333333,29.5,0.0,32.5,2008-09-01
2008-09-01,Maize (white),32.5,13.02,18.73,9.0,1.2264899082568816,23.801374311926637,30.47250275229354,18.42163058103977,62.58260917431189,4.797434862385318,30.0,29.0,28.5,23.0,2.5,31.0,30.166666666666668,0.0,34.5,2008-10-01
2008-10-01,Maize (white),34.5,14.13,18.74,9.0,1.5743422939068117,24.63259976105142,31.214093189964142,19.309915770609344,62.01451493428921,4.589507168458783,32.5,30.5,28.5,21.0,2.0,32.333333333333336,31.166666666666668,0.0,39.0,2008-11-01
2008-11-01,Maize (white),39.0,15.25,19.54,9.0,3.966923999999996,24.30208533333333,30.160939333333395,19.715588,68.43798066666668,4.012504666666667,34.5,30.0,30.5,22.0,4.5,35.333333333333336,32.583333333333336,0.0,39.5,2008-12-01
2008-12-01,Maize (white),39.5,16.27,17.83,8.5,2.113506954720328,24.146886060964768,30.01334418467002,19.406097070139086,68.98363302752291,3.786693696359874,39.0,32.5,29.0,26.5,0.5,37.66666666666666,34.333333333333336,-0.5,40.5,2009-01-01
2009-01-01,Maize (white),40.5,16.56,13.22,8.5,1.145822580645162,24.324359375000025,30.912066028225794,18.84784173387096,62.25724697580647,3.792182963709665,39.5,34.5,30.5,26.5,1.0,39.66666666666666,36.0,0.0,38.5,2009-02-01
2009-02-01,Maize (white),38.5,16.87,14.69,8.5,0.8548126154556672,25.384638912407667,32.41319515855911,19.4430963092672,58.030784848368256,3.961852101293102,40.5,39.0,30.0,26.0,-2.0,39.5,37.41666666666666,0.0,38.5,2009-03-01
2009-03-01,Maize (white),38.5,17.07,14.6,8.25,2.038562357124712,25.623604267208552,32.159948691897334,20.32225654051306,61.7244211328422,4.11545948691897,38.5,39.5,32.5,28.5,0.0,39.16666666666666,38.41666666666666,-0.25,40.0,2009-04-01
2009-04-01,Maize (white),40.0,16.72,12.42,8.25,5.932325000000009,24.13787371794871,29.4320878205128,20.085883333333346,73.47075320512826,3.949292948717952,38.5,40.5,34.5,28.5,1.5,39.0,39.333333333333336,0.0,43.0,2009-05-01
2009-05-01,Maize (white),43.0,15.93,9.61,8.0,4.067935483870966,23.4403436950146,28.97188914956016,19.169278592375367,73.17871788856294,4.220569501466271,40.0,38.5,39.0,30.5,3.0,40.5,40.0,-0.25,44.0,2009-06-01
2009-06-01,Maize (white),44.0,15.11,8.6,8.0,1.601358260869567,22.64871652173913,28.488699130434828,18.015693913043457,69.15025217391297,4.422414492753631,43.0,38.5,39.5,29.0,1.0,42.333333333333336,40.75,0.0,45.75,2009-07-01
2009-07-01,Maize (white),45.75,14.35,8.44,7.75,1.390702052785923,22.23961524926686,28.102879765395908,17.588340175953082,67.44304222873895,4.551488563049847,44.0,40.0,40.5,30.5,1.75,44.25,41.625,-0.25,43.25,2009-08-01
2009-08-01,Maize (white),43.25,13.42,7.36,7.75,1.6585132743362836,22.63473822437915,28.83926862689127,17.679948044533276,65.71090322580628,4.687057950328296,45.75,43.0,38.5,30.0,-2.5,44.333333333333336,42.41666666666666,0.0,41.5,2009-09-01
2009-09-01,Maize (white),41.5,12.41,6.74,7.75,1.2264899082568816,23.801374311926637,30.47250275229354,18.42163058103977,62.58260917431189,4.797434862385318,43.25,44.0,38.5,32.5,-1.75,43.5,42.91666666666666,0.0,42.0,2009-10-01
2009-10-01,Maize (white),42.0,11.42,6.62,7.75,1.5743422939068117,24.63259976105142,31.214093189964142,19.309915770609344,62.01451493428921,4.589507168458783,41.5,45.75,40.0,34.5,0.5,42.25,43.25,0.0,41.0,2009-11-01
2009-11-01,Maize (white),41.0,10.24,5.0,7.0,3.966923999999996,24.30208533333333,30.160939333333395,19.715588,68.43798066666668,4.012504666666667,42.0,43.25,43.0,39.0,-1.0,41.5,42.91666666666666,-0.75,39.5,2009-12-01
2009-12-01,Maize (white),39.5,9.24,5.32,7.0,2.113506954720328,24.146886060964768,30.01334418467002,19.406097070139086,68.98363302752291,3.786693696359874,41.0,41.5,44.0,39.5,-1.5,40.833333333333336,42.16666666666666,0.0,39.25,2010-01-01
2010-01-01,Maize (white),39.25,8.64,5.95,7.0,1.145822580645162,24.324359375000025,30.912066028225794,18.84784173387096,62.25724697580647,3.792182963709665,39.5,42.0,45.75,40.5,-0.25,39.91666666666666,41.083333333333336,0.0,40.75,2010-02-01
2010-02-01,Maize (white),40.75,7.88,5.18,7.0,0.8548126154556672,25.384638912407667,32.41319515855911,19.4430963092672,58.030784848368256,3.961852101293102,39.25,41.0,43.25,38.5,1.5,39.833333333333336,40.66666666666666,0.0,36.0,2010-03-01
2010-03-01,Maize (white),36.0,7.03,3.97,6.75,2.038562357124712,25.623604267208552,32.159948691897334,20.32225654051306,61.7244211328422,4.11545948691897,40.75,39.5,41.5,38.5,-4.75,38.66666666666666,39.75,-0.25,33.0,2010-04-01
2010-04-01,Maize (white),33.0,6.32,3.66,6.75,5.932325000000009,24.13787371794871,29.4320878205128,20.085883333333346,73.47075320512826,3.949292948717952,36.0,39.25,42.0,40.0,-3.0,36.583333333333336,38.25,0.0,34.25,2010-05-01
2010-05-01,Maize (white),34.25,5.85,3.88,6.75,4.067935483870966,23.4403436950146,28.97188914956016,19.169278592375367,73.17871788856294,4.220569501466271,33.0,40.75,41.0,43.0,1.25,34.416666666666664,37.125,0.0,36.0,2010-06-01
2010-06-01,Maize (white),36.0,5.43,3.49,6.75,1.601358260869567,22.64871652173913,28.488699130434828,18.015693913043457,69.15025217391297,4.422414492753631,34.25,36.0,39.5,44.0,1.75,34.416666666666664,36.54166666666666,0.0,36.75,2010-07-01
2010-07-01,Maize (white),36.75,5.03,3.57,6.0,1.390702052785923,22.23961524926686,28.102879765395908,17.588340175953082,67.44304222873895,4.551488563049847,36.0,33.0,39.25,45.75,0.75,35.666666666666664,36.125,-0.75,38.0,2010-08-01
2010-08-01,Maize (white),38.0,4.69,3.22,6.0,1.6585132743362836,22.63473822437915,28.83926862689127,17.679948044533276,65.71090322580628,4.687057950328296,36.75,34.25,40.75,43.25,1.25,36.91666666666666,35.666666666666664,0.0,38.5,2010-09-01
2010-09-01,Maize (white),38.5,4.4,3.21,6.0,1.2264899082568816,23.801374311926637,30.47250275229354,18.42163058103977,62.58260917431189,4.797434862385318,38.0,36.0,36.0,41.5,0.5,37.75,36.083333333333336,0.0,37.0,2010-10-01
2010-10-01,Maize (white),37.0,4.12,3.18,6.0,1.5743422939068117,24.63259976105142,31.214093189964142,19.309915770609344,62.01451493428921,4.589507168458783,38.5,36.75,33.0,42.0,-1.5,37.833333333333336,36.75,0.0,38.35,2010-11-01
2010-11-01,Maize (white),38.35,4.02,3.84,6.0,3.966923999999996,24.30208533333333,30.160939333333395,19.715588,68.43798066666668,4.012504666666667,37.0,38.0,34.25,41.0,1.3500000000000014,37.95,37.43333333333333,0.0,37.145,2010-12-01
2010-12-01,Maize (white),37.145,3.96,4.51,6.0,2.113506954720328,24.146886060964768,30.01334418467002,19.406097070139086,68.98363302752291,3.786693696359874,38.35,38.5,36.0,39.5,-1.2050000000000054,37.49833333333333,37.62416666666667,0.0,41.0,2011-01-01
2011-01-01,Maize (white),41.0,3.93,5.42,5.75,1.145822580645162,24.324359375000025,30.912066028225794,18.84784173387096,62.25724697580647,3.792182963709665,37.145,37.0,36.75,39.25,3.855000000000004,38.83166666666667,38.3325,-0.25,39.3,2011-02-01
2011-02-01,Maize (white),39.3,4.05,6.54,5.75,0.8548126154556672,25.384638912407667,32.41319515855911,19.4430963092672,58.030784848368256,3.961852101293102,41.0,38.35,38.0,40.75,-1.7000000000000028,39.14833333333333,38.54916666666667,0.0,41.0,2011-03-01
2011-03-01,Maize (white),41.0,4.49,9.19,6.0,2.038562357124712,25.623604267208552,32.159948691897334,20.32225654051306,61.7244211328422,4.11545948691897,39.3,37.145,38.5,36.0,1.7000000000000028,40.43333333333333,38.965833333333336,0.25,49.0,2011-04-01
2011-04-01,Maize (white),49.0,5.2,12.05,6.0,5.932325000000009,24.13787371794871,29.4320878205128,20.085883333333346,73.47075320512826,3.949292948717952,41.0,41.0,37.0,33.0,8.0,43.1,40.965833333333336,0.0,51.0,2011-05-01
2011-05-01,Maize (white),51.0,5.96,12.95,6.0,4.067935483870966,23.4403436950146,28.97188914956016,19.169278592375367,73.17871788856294,4.220569501466271,49.0,39.3,38.35,34.25,2.0,47.0,43.07416666666666,0.0,52.5,2011-06-01
2011-06-01,Maize (white),52.5,6.88,14.48,6.25,1.601358260869567,22.64871652173913,28.488699130434828,18.015693913043457,69.15025217391297,4.422414492753631,51.0,41.0,37.145,36.0,1.5,50.833333333333336,45.63333333333333,0.25,53.0,2011-07-01
2011-07-01,Maize (white),53.0,7.88,15.53,6.25,1.390702052785923,22.23961524926686,28.102879765395908,17.588340175953082,67.44304222873895,4.551488563049847,52.5,49.0,41.0,36.75,0.5,52.16666666666666,47.63333333333333,0.0,59.16,2011-08-01
2011-08-01,Maize (white),59.16,9.0,16.67,6.25,1.6585132743362836,22.63473822437915,28.83926862689127,17.679948044533276,65.71090322580628,4.687057950328296,53.0,51.0,39.3,38.0,6.159999999999997,54.88666666666666,50.94333333333333,0.0,63.61,2011-09-01
2011-09-01,Maize (white),63.61,10.18,17.32,7.0,1.2264899082568816,23.801374311926637,30.47250275229354,18.42163058103977,62.58260917431189,4.797434862385318,59.16,52.5,41.0,38.5,4.450000000000003,58.59,54.711666666666666,0.75,64.3,2011-10-01
2011-10-01,Maize (white),64.3,11.49,18.91,11.0,1.5743422939068117,24.63259976105142,31.214093189964142,19.309915770609344,62.01451493428921,4.589507168458783,63.61,53.0,49.0,37.0,0.6899999999999977,62.35666666666666,57.26166666666666,4.0,64.23,2011-11-01
2011-11-01,Maize (white),64.23,12.82,19.72,16.5,3.966923999999996,24.30208533333333,30.160939333333395,19.715588,68.43798066666668,4.012504666666667,64.3,59.16,51.0,38.35,-0.0699999999999931,64.04666666666667,59.46666666666667,5.5,60.0,2011-12-01
2011-12-01,Maize (white),60.0,14.02,18.93,18.0,2.113506954720328,24.146886060964768,30.01334418467002,19.406097070139086,68.98363302752291,3.786693696359874,64.23,63.61,52.5,37.145,-4.230000000000004,62.84333333333333,60.71666666666667,1.5,56.125,2012-01-01
2012-01-01,Maize (white),56.125,15.1,18.31,18.0,1.145822580645162,24.324359375000025,30.912066028225794,18.84784173387096,62.25724697580647,3.792182963709665,60.0,64.3,53.0,41.0,-3.875,60.11833333333334,61.2375,0.0,50.05,2012-02-01
2012-02-01,Maize (white),50.05,15.93,16.69,18.0,0.8548126154556672,25.384638912407667,32.41319515855911,19.4430963092672,58.030784848368256,3.961852101293102,56.125,64.23,59.16,39.3,-6.075000000000003,55.39166666666667,59.719166666666666,0.0,52.05,2012-03-01
2012-03-01,Maize (white),52.05,16.45,15.61,18.0,2.038562357124712,25.623604267208552,32.159948691897334,20.32225654051306,61.7244211328422,4.11545948691897,50.05,60.0,63.61,41.0,2.0,52.74166666666667,57.7925,0.0,55.335,2012-04-01
2012-04-01,Maize (white),55.335,16.5,13.06,18.0,5.932325000000009,24.13787371794871,29.4320878205128,20.085883333333346,73.47075320512826,3.949292948717952,52.05,56.125,64.3,49.0,3.285000000000004,52.47833333333333,56.29833333333334,0.0,51.625,2012-05-01
2012-05-01,Maize (white),51.625,16.4,12.22,18.0,4.067935483870966,23.4403436950146,28.97188914956016,19.169278592375367,73.17871788856294,4.220569501466271,55.335,50.05,64.23,51.0,-3.710000000000001,53.00333333333333,54.1975,0.0,55.795,2012-06-01
2012-06-01,Maize (white),55.795,15.97,10.05,18.0,1.601358260869567,22.64871652173913,28.488699130434828,18.015693913043457,69.15025217391297,4.422414492753631,51.625,52.05,60.0,52.5,4.170000000000002,54.251666666666665,53.49666666666667,0.0,59.16,2012-07-01
2012-07-01,Maize (white),59.16,15.27,7.74,16.5,1.390702052785923,22.23961524926686,28.102879765395908,17.588340175953082,67.44304222873895,4.551488563049847,55.795,55.335,56.125,53.0,3.364999999999995,55.52666666666666,54.0025,-1.5,57.075,2012-08-01
2012-08-01,Maize (white),57.075,14.33,6.09,16.5,1.6585132743362836,22.63473822437915,28.83926862689127,17.679948044533276,65.71090322580628,4.687057950328296,59.16,51.625,50.05,59.16,-2.0849999999999937,57.34333333333333,55.17333333333334,0.0,58.6,2012-09-01
2012-09-01,Maize (white),58.6,13.29,5.32,13.0,1.2264899082568816,23.801374311926637,30.47250275229354,18.42163058103977,62.58260917431189,4.797434862385318,57.075,55.795,52.05,63.61,1.5249999999999986,58.278333333333336,56.26500000000001,-3.5,64.16,2012-10-01
2012-10-01,Maize (white),64.16,12.04,4.14,13.0,1.5743422939068117,24.63259976105142,31.214093189964142,19.309915770609344,62.01451493428921,4.589507168458783,58.6,59.16,55.335,64.3,5.559999999999995,59.945,57.735833333333325,0.0,64.91,2012-11-01
2012-11-01,Maize (white),64.91,10.67,3.25,11.0,3.966923999999996,24.30208533333333,30.160939333333395,19.715588,68.43798066666668,4.012504666666667,64.16,57.075,51.625,64.23,0.75,62.556666666666665,59.94999999999999,-2.0,65.2,2012-12-01
2012-12-01,Maize (white),65.2,9.38,3.2,11.0,2.113506954720328,24.146886060964768,30.01334418467002,19.406097070139086,68.98363302752291,3.786693696359874,64.91,58.6,55.795,60.0,0.2900000000000062,64.75666666666666,61.51749999999999,0.0,64.6,2013-01-01
2013-01-01,Maize (white),64.6,8.2,3.67,9.5,1.145822580645162,24.324359375000025,30.912066028225794,18.84784173387096,62.25724697580647,3.792182963709665,65.2,64.16,59.16,56.125,-0.6000000000000085,64.90333333333334,62.42416666666666,-1.5,62.75,2013-02-01
2013-02-01,Maize (white),62.75,7.24,4.45,9.5,0.8548126154556672,25.384638912407667,32.41319515855911,19.4430963092672,58.030784848368256,3.961852101293102,64.6,64.91,57.075,50.05,-1.8499999999999943,64.18333333333334,63.370000000000005,0.0,79.0,2013-03-01
2013-03-01,Maize (white),79.0,6.33,4.11,9.5,2.038562357124712,25.623604267208552,32.159948691897334,20.32225654051306,61.7244211328422,4.11545948691897,62.75,65.2,58.6,52.05,16.25,68.78333333333333,66.77,0.0,63.8,2013-04-01
2013-04-01,Maize (white),63.8,5.61,4.14,9.5,5.932325000000009,24.13787371794871,29.4320878205128,20.085883333333346,73.47075320512826,3.949292948717952,79.0,64.6,64.16,55.335,-15.200000000000005,68.51666666666667,66.71000000000001,0.0,65.15,2013-05-01
2013-05-01,Maize (white),65.15,4.96,4.05,8.5,4.067935483870966,23.4403436950146,28.97188914956016,19.169278592375367,73.17871788856294,4.220569501466271,63.8,62.75,64.91,51.625,1.3500000000000083,69.31666666666668,66.75,-1.0,61.5,2013-06-01
2013-06-01,Maize (white),61.5,4.56,4.91,8.5,1.601358260869567,22.64871652173913,28.488699130434828,18.015693913043457,69.15025217391297,4.422414492753631,65.15,79.0,65.2,55.795,-3.6500000000000057,63.48333333333333,66.13333333333333,0.0,50.5,2013-07-01
2013-07-01,Maize (white),50.5,4.44,6.03,8.5,1.390702052785923,22.23961524926686,28.102879765395908,17.588340175953082,67.44304222873895,4.551488563049847,61.5,63.8,64.6,59.16,-11.0,59.05,63.78333333333334,0.0,63.2,2013-08-01
2013-08-01,Maize (white),63.2,4.5,6.67,8.5,1.6585132743362836,22.63473822437915,28.83926862689127,17.679948044533276,65.71090322580628,4.687057950328296,50.5,65.15,62.75,57.075,12.700000000000005,58.4,63.85833333333334,0.0,55.375,2013-09-01
2013-09-01,Maize (white),55.375,4.75,8.29,8.5,1.2264899082568816,23.801374311926637,30.47250275229354,18.42163058103977,62.58260917431189,4.797434862385318,63.2,61.5,79.0,58.6,-7.825000000000003,56.35833333333333,59.92083333333333,0.0,60.69,2013-10-01
2013-10-01,Maize (white),60.69,5.05,7.76,8.5,1.5743422939068117,24.63259976105142,31.214093189964142,19.309915770609344,62.01451493428921,4.589507168458783,55.375,50.5,63.8,64.16,5.314999999999998,59.755,59.4025,0.0,61.17,2013-11-01
2013-11-01,Maize (white),61.17,5.39,7.36,8.5,3.966923999999996,24.30208533333333,30.160939333333395,19.715588,68.43798066666668,4.012504666666667,60.69,63.2,65.15,64.91,0.480000000000004,59.07833333333334,58.73916666666667,0.0,60.385000000000005,2013-12-01
2013-12-01,Maize (white),60.385000000000005,5.72,7.15,8.5,2.113506954720328,24.146886060964768,30.01334418467002,19.406097070139086,68.98363302752291,3.786693696359874,61.17,55.375,61.5,65.2,-0.7849999999999966,60.748333333333335,58.553333333333335,0.0,56.68,2014-01-01
2014-01-01,Maize (white),56.68,6.01,7.21,8.5,1.145822580645162,24.324359375000025,30.912066028225794,18.84784173387096,62.25724697580647,3.792182963709665,60.385000000000005,60.69,50.5,64.6,-3.705000000000005,59.41166666666667,59.583333333333336,0.0,53.98,2014-02-01
2014-02-01,Maize (white),53.98,6.21,6.86,8.5,0.8548126154556672,25.384638912407667,32.41319515855911,19.4430963092672,58.030784848368256,3.961852101293102,56.68,61.17,63.2,62.75,-2.699999999999996,57.01500000000001,58.046666666666674,0.0,48.16,2014-03-01
2014-03-01,Maize (white),48.16,6.39,6.27,8.5,2.038562357124712,25.623604267208552,32.159948691897334,20.32225654051306,61.7244211328422,4.11545948691897,53.98,60.385000000000005,55.375,79.0,-5.820000000000007,52.94,56.84416666666667,0.0,50.35,2014-04-01
2014-04-01,Maize (white),50.35,6.58,6.41,8.5,5.932325000000009,24.13787371794871,29.4320878205128,20.085883333333346,73.47075320512826,3.949292948717952,48.16,56.68,60.69,63.8,2.190000000000005,50.830000000000005,55.12083333333334,0.0,51.335,2014-05-01
2014-05-01,Maize (white),51.335,6.85,7.3,8.5,4.067935483870966,23.4403436950146,28.97188914956016,19.169278592375367,73.17871788856294,4.220569501466271,50.35,53.98,61.17,65.15,0.9849999999999994,49.94833333333333,53.48166666666666,0.0,51.5,2014-06-01
2014-06-01,Maize (white),51.5,7.05,7.39,8.5,1.601358260869567,22.64871652173913,28.488699130434828,18.015693913043457,69.15025217391297,4.422414492753631,51.335,48.16,60.385000000000005,61.5,0.1649999999999991,51.06166666666667,52.00083333333333,0.0,49.6,2014-07-01
2014-07-01,Maize (white),49.6,7.19,7.67,8.5,1.390702052785923,22.23961524926686,28.102879765395908,17.588340175953082,67.44304222873895,4.551488563049847,51.5,50.35,56.68,50.5,-1.8999999999999984,50.81166666666667,50.82083333333333,0.0,53.6,2014-08-01
2014-08-01,Maize (white),53.6,7.33,8.36,8.5,1.6585132743362836,22.63473822437915,28.83926862689127,17.679948044533276,65.71090322580628,4.687057950328296,49.6,51.335,53.98,63.2,4.0,51.56666666666666,50.7575,0.0,56.05,2014-09-01
2014-09-01,Maize (white),56.05,7.19,6.6,8.5,1.2264899082568816,23.801374311926637,30.47250275229354,18.42163058103977,62.58260917431189,4.797434862385318,53.6,51.5,48.16,55.375,2.449999999999996,53.083333333333336,52.0725,0.0,58.6,2014-10-01
2014-10-01,Maize (white),58.6,7.08,6.43,8.5,1.5743422939068117,24.63259976105142,31.214093189964142,19.309915770609344,62.01451493428921,4.589507168458783,56.05,49.6,50.35,60.69,2.5500000000000043,56.083333333333336,53.4475,0.0,57.35,2014-11-01
2014-11-01,Maize (white),57.35,6.97,6.09,8.5,3.966923999999996,24.30208533333333,30.160939333333395,19.715588,68.43798066666668,4.012504666666667,58.6,53.6,51.335,61.17,-1.25,57.333333333333336,54.45000000000001,0.0,54.4,2014-12-01
2014-12-01,Maize (white),54.4,6.88,6.02,8.5,2.113506954720328,24.146886060964768,30.01334418467002,19.406097070139086,68.98363302752291,3.786693696359874,57.35,56.05,51.5,60.385000000000005,-2.950000000000003,56.78333333333333,54.93333333333333,0.0,42.0,2015-01-01
2015-01-01,Maize (white),42.0,6.74,5.53,8.5,1.145822580645162,24.324359375000025,30.912066028225794,18.84784173387096,62.25724697580647,3.792182963709665,54.4,58.6,49.6,56.68,-12.4,51.25,53.66666666666666,0.0,47.0,2015-02-01
2015-02-01,Maize (white),47.0,6.63,5.61,8.5,0.8548126154556672,25.384638912407667,32.41319515855911,19.4430963092672,58.030784848368256,3.961852101293102,42.0,57.35,53.6,53.98,5.0,47.8,52.56666666666666,0.0,41.5,2015-03-01
2015-03-01,Maize (white),41.5,6.63,6.31,8.5,2.038562357124712,25.623604267208552,32.159948691897334,20.32225654051306,61.7244211328422,4.11545948691897,47.0,54.4,56.05,48.16,-5.5,43.5,50.14166666666667,0.0,41.5,2015-04-01
2015-04-01,Maize (white),41.5,6.69,7.08,8.5,5.932325000000009,24.13787371794871,29.4320878205128,20.085883333333346,73.47075320512826,3.949292948717952,41.5,42.0,58.6,50.35,0.0,43.333333333333336,47.29166666666666,0.0,45.0,2015-05-01
2015-05-01,Maize (white),45.0,6.65,6.87,8.5,4.067935483870966,23.4403436950146,28.97188914956016,19.169278592375367,73.17871788856294,4.220569501466271,41.5,47.0,57.35,51.335,3.5,42.66666666666666,45.23333333333333,0.0,47.1,2015-06-01
2015-06-01,Maize (white),47.1,6.63,7.03,9.760670731707316,1.601358260869567,22.64871652173913,28.488699130434828,18.015693913043457,69.15025217391297,4.422414492753631,45.0,41.5,54.4,51.5,2.1000000000000014,44.53333333333333,44.01666666666667,1.2606707317073162,50.0,2015-07-01
2015-07-01,Maize (white),50.0,6.54,6.62,11.5,1.390702052785923,22.23961524926686,28.102879765395908,17.588340175953082,67.44304222873895,4.551488563049847,47.1,41.5,42.0,49.6,2.8999999999999986,47.36666666666667,45.35,1.7393292682926838,46.0,2015-08-01
2015-08-01,Maize (white),46.0,6.34,5.84,11.5,1.6585132743362836,22.63473822437915,28.83926862689127,17.679948044533276,65.71090322580628,4.687057950328296,50.0,45.0,47.0,53.6,-4.0,47.7,45.18333333333334,0.0,48.0,2015-09-01
2015-09-01,Maize (white),48.0,6.29,5.97,11.5,1.2264899082568816,23.801374311926637,30.47250275229354,18.42163058103977,62.58260917431189,4.797434862385318,46.0,47.1,41.5,56.05,2.0,48.0,46.26666666666667,0.0,50.0,2015-10-01
2015-10-01,Maize (white),50.0,6.31,6.72,11.5,1.5743422939068117,24.63259976105142,31.214093189964142,19.309915770609344,62.01451493428921,4.589507168458783,48.0,50.0,41.5,58.6,2.0,48.0,47.68333333333334,0.0,47.235,2015-11-01
2015-11-01,Maize (white),47.235,6.42,7.32,11.5,3.966923999999996,24.30208533333333,30.160939333333395,19.715588,68.43798066666668,4.012504666666667,50.0,46.0,45.0,57.35,-2.765000000000001,48.41166666666667,48.05583333333333,0.0,48.33,2015-12-01
2015-12-01,Maize (white),48.33,6.58,8.01,11.5,2.113506954720328,24.146886060964768,30.01334418467002,19.406097070139086,68.98363302752291,3.786693696359874,47.235,48.0,47.1,54.4,1.0949999999999989,48.52166666666667,48.26083333333333,0.0,48.0,2016-01-01
2016-01-01,Maize (white),48.0,6.77,7.78,11.5,1.145822580645162,24.324359375000025,30.912066028225794,18.84784173387096,62.25724697580647,3.792182963709665,48.33,50.0,50.0,42.0,-0.3299999999999983,47.855,47.9275,0.0,47.3,2016-02-01
2016-02-01,Maize (white),47.3,6.87,6.84,11.5,0.8548126154556672,25.384638912407667,32.41319515855911,19.4430963092672,58.030784848368256,3.961852101293102,48.0,47.235,46.0,47.0,-0.7000000000000028,47.876666666666665,48.14416666666667,0.0,47.7,2016-03-01
2016-03-01,Maize (white),47.7,6.88,6.45,11.5,2.038562357124712,25.623604267208552,32.159948691897334,20.32225654051306,61.7244211328422,4.11545948691897,47.3,48.33,48.0,41.5,0.4000000000000057,47.66666666666666,48.094166666666666,0.0,29.0,2016-04-01
2016-04-01,Maize (white),29.0,6.72,5.27,11.5,5.932325000000009,24.13787371794871,29.4320878205128,20.085883333333346,73.47075320512826,3.949292948717952,47.7,48.0,50.0,41.5,-18.700000000000003,41.333333333333336,44.594166666666666,0.0,43.0,2016-05-01
2016-05-01,Maize (white),43.0,6.59,5.0,10.5,4.067935483870966,23.4403436950146,28.97188914956016,19.169278592375367,73.17871788856294,4.220569501466271,29.0,47.3,47.235,45.0,14.0,39.9,43.88833333333333,-1.0,44.0,2016-06-01
2016-06-01,Maize (white),44.0,6.46,5.8,10.5,1.601358260869567,22.64871652173913,28.488699130434828,18.015693913043457,69.15025217391297,4.422414492753631,43.0,47.7,48.33,47.1,1.0,38.66666666666666,43.16666666666666,0.0,43.2,2016-07-01
2016-07-01,Maize (white),43.2,6.44,6.4,10.5,1.390702052785923,22.23961524926686,28.102879765395908,17.588340175953082,67.44304222873895,4.551488563049847,44.0,29.0,48.0,50.0,-0.7999999999999972,43.4,42.36666666666667,0.0,44.0,2016-08-01
2016-08-01,Maize (white),44.0,6.47,6.26,10.0,1.6585132743362836,22.63473822437915,28.83926862689127,17.679948044533276,65.71090322580628,4.687057950328296,43.2,43.0,47.3,46.0,0.7999999999999972,43.73333333333333,41.81666666666666,-0.5,43.3,2016-09-01
2016-09-01,Maize (white),43.3,6.5,6.34,10.0,1.2264899082568816,23.801374311926637,30.47250275229354,18.42163058103977,62.58260917431189,4.797434862385318,44.0,44.0,47.7,48.0,-0.7000000000000028,43.5,41.083333333333336,0.0,46.5,2016-10-01
2016-10-01,Maize (white),46.5,6.48,6.47,10.0,1.5743422939068117,24.63259976105142,31.214093189964142,19.309915770609344,62.01451493428921,4.589507168458783,43.3,43.2,29.0,50.0,3.200000000000003,44.6,44.0,0.0,48.0,2016-11-01
2016-11-01,Maize (white),48.0,6.43,6.68,10.0,3.966923999999996,24.30208533333333,30.160939333333395,19.715588,68.43798066666668,4.012504666666667,46.5,44.0,43.0,47.235,1.5,45.93333333333334,44.833333333333336,0.0,48.0,2016-12-01
2016-12-01,Maize (white),48.0,6.3,6.35,10.0,2.113506954720328,24.146886060964768,30.01334418467002,19.406097070139086,68.98363302752291,3.786693696359874,48.0,43.3,44.0,48.33,0.0,47.5,45.5,0.0,53.2,2017-01-01
2017-01-01,Maize (white),53.2,6.26,6.99,10.0,1.145822580645162,24.324359375000025,30.912066028225794,18.84784173387096,62.25724697580647,3.792182963709665,48.0,46.5,43.2,48.0,5.200000000000003,49.73333333333333,47.16666666666666,0.0,52.0,2017-02-01
2017-02-01,Maize (white),52.0,6.43,9.04,10.0,0.8548126154556672,25.384638912407667,32.41319515855911,19.4430963092672,58.030784848368256,3.961852101293102,53.2,48.0,44.0,47.3,-1.2000000000000028,51.06666666666666,48.5,0.0,57.3,2017-03-01
2017-03-01,Maize (white),57.3,6.76,10.28,10.0,2.038562357124712,25.623604267208552,32.159948691897334,20.32225654051306,61.7244211328422,4.11545948691897,52.0,48.0,43.3,47.7,5.299999999999997,54.16666666666666,50.833333333333336,0.0,60.0,2017-04-01
2017-04-01,Maize (white),60.0,7.2,11.48,10.0,5.932325000000009,24.13787371794871,29.4320878205128,20.085883333333346,73.47075320512826,3.949292948717952,57.3,53.2,46.5,29.0,2.700000000000003,56.43333333333334,53.083333333333336,0.0,64.5,2017-05-01
2017-05-01,Maize (white),64.5,7.84,11.7,10.0,4.067935483870966,23.4403436950146,28.97188914956016,19.169278592375367,73.17871788856294,4.220569501466271,60.0,52.0,48.0,43.0,4.5,60.6,55.833333333333336,0.0,65.0,2017-06-01
2017-06-01,Maize (white),65.0,8.13,9.21,10.0,1.601358260869567,22.64871652173913,28.488699130434828,18.015693913043457,69.15025217391297,4.422414492753631,64.5,57.3,48.0,44.0,0.5,63.16666666666666,58.66666666666666,0.0,60.6,2017-07-01
2017-07-01,Maize (white),60.6,8.21,7.47,10.0,1.390702052785923,22.23961524926686,28.102879765395908,17.588340175953082,67.44304222873895,4.551488563049847,65.0,60.0,53.2,43.2,-4.399999999999999,63.36666666666667,59.900000000000006,0.0,55.9,2017-08-01
2017-08-01,Maize (white),55.9,8.36,8.04,10.0,1.6585132743362836,22.63473822437915,28.83926862689127,17.679948044533276,65.71090322580628,4.687057950328296,60.6,64.5,52.0,44.0,-4.700000000000003,60.5,60.55,0.0,64.0,2017-09-01
2017-09-01,Maize (white),64.0,8.4,7.06,10.0,1.2264899082568816,23.801374311926637,30.47250275229354,18.42163058103977,62.58260917431189,4.797434862385318,55.9,65.0,57.3,43.3,8.100000000000001,60.16666666666666,61.66666666666666,0.0,60.0,2017-10-01
2017-10-01,Maize (white),60.0,8.33,5.72,10.0,1.5743422939068117,24.63259976105142,31.214093189964142,19.309915770609344,62.01451493428921,4.589507168458783,64.0,60.6,60.0,46.5,-4.0,59.96666666666667,61.66666666666666,0.0,62.6,2017-11-01
2017-11-01,Maize (white),62.6,8.15,4.73,10.0,3.966923999999996,24.30208533333333,30.160939333333395,19.715588,68.43798066666668,4.012504666666667,60.0,55.9,64.5,48.0,2.6000000000000014,62.2,61.35,0.0,50.0,2017-12-01
2017-12-01,Maize (white),50.0,7.98,4.5,10.0,2.113506954720328,24.146886060964768,30.01334418467002,19.406097070139086,68.98363302752291,3.786693696359874,62.6,64.0,65.0,48.0,-12.6,57.53333333333333,58.85,0.0,55.0,2018-01-01
2018-01-01,Maize (white),55.0,7.79,4.83,10.0,1.145822580645162,24.324359375000025,30.912066028225794,18.84784173387096,62.25724697580647,3.792182963709665,50.0,60.0,60.6,53.2,5.0,55.86666666666667,57.91666666666666,0.0,55.0,2018-02-01
2018-02-01,Maize (white),55.0,7.4,4.46,10.0,0.8548126154556672,25.384638912407667,32.41319515855911,19.4430963092672,58.030784848368256,3.961852101293102,55.0,62.6,55.9,52.0,0.0,53.333333333333336,57.76666666666667,0.0,55.0,2018-03-01
2018-03-01,Maize (white),55.0,6.89,4.18,9.5,2.038562357124712,25.623604267208552,32.159948691897334,20.32225654051306,61.7244211328422,4.11545948691897,55.0,50.0,64.0,57.3,0.0,55.0,56.26666666666667,-0.5,50.0,2018-04-01
2018-04-01,Maize (white),50.0,6.24,3.73,9.5,5.932325000000009,24.13787371794871,29.4320878205128,20.085883333333346,73.47075320512826,3.949292948717952,55.0,55.0,60.0,60.0,-5.0,53.333333333333336,54.6,0.0,48.0,2018-05-01
2018-05-01,Maize (white),48.0,5.61,3.95,9.5,4.067935483870966,23.4403436950146,28.97188914956016,19.169278592375367,73.17871788856294,4.220569501466271,50.0,55.0,62.6,64.5,-2.0,51.0,52.16666666666666,0.0,45.0,2018-06-01
2018-06-01,Maize (white),45.0,5.2,4.28,9.5,1.601358260869567,22.64871652173913,28.488699130434828,18.015693913043457,69.15025217391297,4.422414492753631,48.0,55.0,50.0,65.0,-3.0,47.66666666666666,51.333333333333336,0.0,42.5,2018-07-01
2018-07-01,Maize (white),42.5,4.95,4.35,9.0,1.390702052785923,22.23961524926686,28.102879765395908,17.588340175953082,67.44304222873895,4.551488563049847,45.0,50.0,55.0,60.6,-2.5,45.16666666666666,49.25,-0.5,40.0,2018-08-01
2018-08-01,Maize (white),40.0,4.63,4.04,9.0,1.6585132743362836,22.63473822437915,28.83926862689127,17.679948044533276,65.71090322580628,4.687057950328296,42.5,48.0,55.0,55.9,-2.5,42.5,46.75,0.0,41.6,2018-09-01
2018-09-01,Maize (white),41.6,4.53,5.7,9.0,1.2264899082568816,23.801374311926637,30.47250275229354,18.42163058103977,62.58260917431189,4.797434862385318,40.0,45.0,55.0,64.0,1.6000000000000014,41.36666666666667,44.51666666666667,0.0,45.0,2018-10-01
2018-10-01,Maize (white),45.0,4.53,5.53,9.0,1.5743422939068117,24.63259976105142,31.214093189964142,19.309915770609344,62.01451493428921,4.589507168458783,41.6,42.5,50.0,60.0,3.3999999999999986,42.2,43.68333333333334,0.0,44.0,2018-11-01
2018-11-01,Maize (white),44.0,4.59,5.58,9.0,3.966923999999996,24.30208533333333,30.160939333333395,19.715588,68.43798066666668,4.012504666666667,45.0,40.0,48.0,62.6,-1.0,43.53333333333333,43.01666666666667,0.0,43.0,2018-12-01
2018-12-01,Maize (white),43.0,4.69,5.71,9.0,2.113506954720328,24.146886060964768,30.01334418467002,19.406097070139086,68.98363302752291,3.786693696359874,44.0,41.6,45.0,50.0,-1.0,44.0,42.68333333333334,0.0,53.0,2019-01-01
2019-01-01,Maize (white),53.0,4.68,4.7,9.0,1.145822580645162,24.324359375000025,30.912066028225794,18.84784173387096,62.25724697580647,3.792182963709665,43.0,45.0,42.5,55.0,10.0,46.66666666666666,44.43333333333334,0.0,54.5,2019-02-01
2019-02-01,Maize (white),54.5,4.65,4.14,9.0,0.8548126154556672,25.384638912407667,32.41319515855911,19.4430963092672,58.030784848368256,3.961852101293102,53.0,44.0,40.0,55.0,1.5,50.16666666666666,46.85,0.0,49.0,2019-03-01
2019-03-01,Maize (white),49.0,4.67,4.35,9.0,2.038562357124712,25.623604267208552,32.159948691897334,20.32225654051306,61.7244211328422,4.11545948691897,54.5,43.0,41.6,55.0,-5.5,52.16666666666666,48.083333333333336,0.0,51.0,2019-04-01
2019-04-01,Maize (white),51.0,4.91,6.58,9.0,5.932325000000009,24.13787371794871,29.4320878205128,20.085883333333346,73.47075320512826,3.949292948717952,49.0,53.0,45.0,50.0,2.0,51.5,49.083333333333336,0.0,51.0,2019-05-01
2019-05-01,Maize (white),51.0,5.04,4.49,9.0,4.067935483870966,23.4403436950146,28.97188914956016,19.169278592375367,73.17871788856294,4.220569501466271,51.0,54.5,44.0,48.0,0.0,50.333333333333336,50.25,0.0,51.5,2019-06-01
2019-06-01,Maize (white),51.5,5.16,5.7,9.0,1.601358260869567,22.64871652173913,28.488699130434828,18.015693913043457,69.15025217391297,4.422414492753631,51.0,49.0,43.0,45.0,0.5,51.16666666666666,51.66666666666666,0.0,54.85,2019-07-01
2019-07-01,Maize (white),54.85,5.32,6.27,9.0,1.390702052785923,22.23961524926686,28.102879765395908,17.588340175953082,67.44304222873895,4.551488563049847,51.5,51.0,53.0,42.5,3.3500000000000014,52.45,51.975,0.0,56.8,2019-08-01
2019-08-01,Maize (white),56.8,5.4,5.0,9.0,1.6585132743362836,22.63473822437915,28.83926862689127,17.679948044533276,65.71090322580628,4.687057950328296,54.85,51.0,54.5,40.0,1.949999999999996,54.383333333333326,52.35833333333334,0.0,52.2,2019-09-01
2019-09-01,Maize (white),52.2,5.24,3.83,9.66546762589928,1.2264899082568816,23.801374311926637,30.47250275229354,18.42163058103977,62.58260917431189,4.797434862385318,56.8,51.5,49.0,41.6,-4.599999999999994,54.616666666666674,52.89166666666666,0.6654676258992804,49.0,2019-10-01
2019-10-01,Maize (white),49.0,5.19,4.95,9.0,1.5743422939068117,24.63259976105142,31.214093189964142,19.309915770609344,62.01451493428921,4.589507168458783,52.2,54.85,51.0,45.0,-3.200000000000003,52.66666666666666,52.55833333333333,-0.6654676258992804,49.0,2019-11-01
2019-11-01,Maize (white),49.0,5.19,5.56,8.5,3.966923999999996,24.30208533333333,30.160939333333395,19.715588,68.43798066666668,4.012504666666667,49.0,56.8,51.0,44.0,0.0,50.06666666666666,52.225,-0.5,47.3,2019-12-01
2019-12-01,Maize (white),47.3,5.2,5.82,8.5,2.113506954720328,24.146886060964768,30.01334418467002,19.406097070139086,68.98363302752291,3.786693696359874,49.0,52.2,51.5,43.0,-1.7000000000000028,48.43333333333334,51.525000000000006,0.0,49.95,2020-01-01
2020-01-01,Maize (white),49.95,5.29,5.78,8.25,3.2701935483870974,23.60412903225807,28.77154838709675,19.35529032258064,73.46929032258063,3.2082580645161287,47.3,49.0,54.85,53.0,2.6500000000000057,48.75,50.708333333333336,-0.25,48.65,2020-02-01
2020-02-01,Maize (white),48.65,5.72,7.17,8.25,1.6263448275862071,24.61186206896552,30.679103448275864,19.608068965517248,68.74165517241379,3.686758620689656,49.95,49.0,56.8,54.5,-1.3000000000000045,48.63333333333333,49.35,0.0,45.0,2020-03-01
2020-03-01,Maize (white),45.0,5.84,5.84,7.25,3.2350967741935475,24.84987096774193,30.23058064516128,20.64161290322581,71.2899354838709,3.228451612903227,48.65,47.3,52.2,49.0,-3.649999999999999,47.86666666666667,48.15,-1.0,57.0,2020-04-01
2020-04-01,Maize (white),57.0,6.03,6.01,7.0,6.638266666666667,23.80839999999999,28.794733333333333,20.000866666666663,76.1050666666667,3.737133333333333,45.0,49.95,49.0,51.0,12.0,50.21666666666667,49.48333333333333,-0.25,52.5,2020-05-01
2020-05-01,Maize (white),52.5,6.18,5.33,7.0,3.5555483870967715,22.740387096774185,28.01116129032259,18.55232258064516,76.60490322580648,4.357612903225808,57.0,48.65,49.0,51.0,-4.5,51.5,50.06666666666666,0.0,54.0,2020-06-01
2020-06-01,Maize (white),54.0,6.16,4.59,7.0,2.925,22.1216,27.42179999999999,17.97633333333334,73.09906666666664,4.386866666666666,52.5,45.0,47.3,51.5,1.5,54.5,51.18333333333334,0.0,48.5,2020-07-01
2020-07-01,Maize (white),48.5,6.01,4.36,7.0,1.1607741935483868,21.746645161290303,27.348451612903222,17.263483870967733,69.00019354838713,4.76709677419355,54.0,57.0,49.95,54.85,-5.5,51.66666666666666,50.94166666666666,0.0,55.5,2020-08-01
2020-08-01,Maize (white),55.5,5.87,4.36,7.0,1.148967741935485,22.58664516129032,28.680645161290336,17.6783870967742,66.53012903225807,4.602903225806449,48.5,52.5,48.65,56.8,7.0,52.66666666666666,52.083333333333336,0.0,53.0,2020-09-01
2020-09-01,Maize (white),53.0,5.79,4.2,7.0,2.1509333333333327,23.448933333333347,29.976133333333348,18.263400000000004,63.81860000000003,4.657733333333332,55.5,54.0,45.0,52.2,-2.5,52.333333333333336,53.41666666666666,0.0,53.0,2020-10-01
2020-10-01,Maize (white),53.0,5.67,4.84,7.0,1.995225806451612,24.48909677419355,30.951548387096786,19.27116129032258,62.59077419354838,4.635225806451613,53.0,48.5,57.0,49.0,0.0,53.833333333333336,52.75,0.0,45.9,2020-11-01
2020-11-01,Maize (white),45.9,5.53,5.33,7.0,3.388066666666667,24.062600000000007,29.8674,19.524666666666665,70.20353333333333,4.013600000000001,53.0,55.5,52.5,49.0,-7.100000000000001,50.63333333333333,51.65,0.0,47.0,2020-12-01
2021-01-01,"Maize (white, dry)",2700.0,5.74,5.69,7.0,0.7919354838709679,23.90754838709677,30.62400000000001,18.40103225806452,63.9471612903226,3.8561290322580617,,,,,,2700.0,2700.0,,2700.0,2021-02-01
2021-02-01,"Maize (white, dry)",2700.0,5.16,5.78,7.0,1.0442857142857147,24.79950000000001,31.69057142857141,19.06357142857143,59.52299999999998,3.674142857142858,2700.0,,,,0.0,2700.0,2700.0,0.0,2618.0,2021-03-01
2021-03-01,"Maize (white, dry)",2618.0,5.17,5.9,7.0,1.7911612903225802,25.173806451612897,31.998322580645176,19.61935483870968,59.83787096774194,4.444709677419353,2700.0,,,,-82.0,2672.6666666666665,2672.6666666666665,0.0,2653.0,2021-04-01
2021-04-01,"Maize (white, dry)",2653.0,4.66,5.76,7.0,2.957933333333333,24.55046666666667,30.21866666666668,20.13686666666666,69.45406666666668,4.395666666666665,2618.0,2700.0,,,35.0,2657.0,2667.75,0.0,2808.0,2021-05-01
2021-05-01,"Maize (white, dry)",2808.0,5.2,5.87,7.0,4.084645161290321,23.198838709677418,28.791161290322574,18.890903225806447,71.30193548387098,4.230838709677419,2653.0,2700.0,,,155.0,2693.0,2695.8,0.0,2700.0,2021-06-01
2021-06-01,"Maize (white, dry)",2700.0,5.35,6.32,7.0,0.9444,22.28393333333332,28.215866666666678,17.62313333333334,68.38119999999999,4.6206666666666685,2808.0,2618.0,,,-108.0,2720.333333333333,2696.5,0.0,2799.0,2021-07-01
2021-07-01,"Maize (white, dry)",2799.0,5.53,6.55,7.0,1.0405161290322589,21.831161290322573,27.556000000000008,17.353354838709674,66.38948387096771,4.6970967741935485,2700.0,2653.0,2700.0,,99.0,2769.0,2713.0,0.0,3339.0,2021-08-01
2021-08-01,"Maize (white, dry)",3339.0,5.71,6.57,7.0,0.8192258064516129,22.778129032258075,29.13645161290323,17.586645161290317,62.746903225806456,4.781161290322578,2799.0,2808.0,2700.0,,540.0,2946.0,2819.5,0.0,2799.0,2021-09-01
2021-09-01,"Maize (white, dry)",2799.0,5.35,6.91,7.0,0.8566000000000005,23.6962,30.353733333333302,18.39033333333334,61.80706666666668,5.1367999999999965,3339.0,2700.0,2618.0,,-540.0,2979.0,2849.6666666666665,0.0,2809.0,2021-10-01
2021-10-01,"Maize (white, dry)",2809.0,6.07,6.45,7.0,0.9926451612903228,24.777870967741944,31.445612903225797,19.28006451612903,59.91716129032259,4.692838709677422,2799.0,2799.0,2653.0,,10.0,2982.333333333333,2875.6666666666665,0.0,2936.25,2021-11-01
2021-11-01,"Maize (white, dry)",2936.25,6.1,5.8,7.0,2.353666666666667,25.23273333333333,31.71406666666668,20.02933333333334,61.54279999999998,4.274666666666668,2809.0,3339.0,2808.0,,127.25,2848.083333333333,2897.0416666666665,0.0,3067.0,2021-12-01
2021-12-01,"Maize (white, dry)",3067.0,5.62,5.73,7.0,3.16367741935484,23.442774193548384,29.09103225806451,19.034,72.45916129032256,4.153032258064515,2936.25,2799.0,2700.0,,130.75,2937.4166666666665,2958.208333333333,0.0,3177.0,2022-01-01
2022-01-01,"Maize (white, dry)",3177.0,6.08,5.39,7.0,1.0556129032258066,23.976,30.78348387096775,18.405548387096765,61.97374193548387,3.780967741935484,3067.0,2809.0,2799.0,2700.0,110.0,3060.083333333333,3021.208333333333,0.0,3252.375,2022-02-01
2022-02-01,"Maize (white, dry)",3252.375,6.23,5.08,7.0,0.751928571428572,25.41328571428572,32.26628571428571,19.74971428571427,57.56485714285712,3.527714285714285,3177.0,2936.25,3339.0,2700.0,75.375,3165.458333333333,3006.770833333333,0.0,3174.75,2022-03-01
2022-03-01,"Maize (white, dry)",3174.75,6.29,5.56,7.0,0.9250967741935486,26.167612903225805,33.591612903225816,19.94232258064516,54.837935483870965,4.3436774193548375,3252.375,3067.0,2799.0,2618.0,-77.625,3201.375,3069.395833333333,0.0,3780.0,2022-04-01
2022-04-01,"Maize (white, dry)",3780.0,6.05,6.47,9.563291139240508,2.7596666666666665,25.13853333333333,31.40686666666665,20.203266666666657,64.05233333333332,4.33646666666667,3174.75,3177.0,2809.0,2653.0,605.25,3402.375,3231.2291666666665,2.5632911392405067,4275.0,2022-05-01
2022-05-01,"Maize (white, dry)",4275.0,6.16,7.08,9.570552147239264,2.486967741935484,23.872903225806446,29.77129032258064,19.268516129032268,68.47270967741939,4.5590322580645175,3780.0,3252.375,2936.25,2808.0,495.0,3743.25,3454.3541666666665,0.0072610079987569,5437.0,2022-06-01
2022-06-01,"Maize (white, dry)",5437.0,6.29,7.91,9.760670731707316,1.2656000000000005,22.705800000000007,28.840666666666664,17.832266666666662,64.76066666666671,4.906466666666667,4275.0,3174.75,3067.0,2700.0,1162.0,4497.333333333333,3849.3541666666665,0.1901185844680526,5977.0,2022-07-01
2022-07-01,"Maize (white, dry)",5977.0,6.45,8.32,9.784965034965037,1.6142580645161289,21.69451612903225,27.7987741935484,16.916645161290322,66.00006451612902,4.918193548387095,5437.0,3780.0,3177.0,2799.0,540.0,5229.666666666667,4316.020833333333,0.0242943032577187,5850.0,2022-08-01
2022-08-01,"Maize (white, dry)",5850.0,6.61,8.53,9.530821917808218,1.6161935483870968,22.14103225806452,28.39174193548388,17.18245161290323,64.63374193548387,4.733870967741937,5977.0,4275.0,3252.375,3339.0,-127.0,5754.666666666667,4748.958333333333,-0.2541431171568167,5799.375,2022-09-01
2022-09-01,"Maize (white, dry)",5799.375,6.81,9.18,9.66546762589928,3.597333333333333,22.768933333333333,29.142666666666663,17.681600000000003,65.41580000000003,4.821066666666665,5850.0,5437.0,3174.75,2799.0,-50.625,5875.458333333333,5186.395833333333,0.1346457080910621,5990.4400000000005,2022-10-01
2022-10-01,"Maize (white, dry)",5990.4400000000005,7.48,9.59,9.49822695035461,0.6903225806451612,23.904774193548374,30.98670967741936,18.17722580645161,59.52890322580646,4.805741935483872,5799.375,5977.0,3780.0,2809.0,191.0650000000005,5879.938333333334,5554.802500000001,-0.1672406755446704,5941.0,2022-11-01
2022-11-01,"Maize (white, dry)",5941.0,7.38,9.48,8.75,2.975200000000001,23.739,29.523866666666667,19.328000000000003,69.0702,4.057933333333334,5990.4400000000005,5850.0,4275.0,2936.25,-49.44000000000051,5910.271666666667,5832.469166666667,-0.74822695035461,5532.0,2022-12-01
2022-12-01,"Maize (white, dry)",5532.0,7.66,9.06,9.855,1.1950967741935483,24.37070967741937,30.68529032258063,19.27883870967742,64.15438709677423,3.945419354838709,5941.0,5799.375,5437.0,3067.0,-409.0,5821.146666666667,5848.302500000001,1.1050000000000004,5344.0,2023-01-01
2023-01-01,"Maize (white, dry)",5344.0,7.95,8.98,8.75,0.4614193548387098,24.429354838709678,31.497419354838705,18.43832258064516,57.50322580645159,4.315354838709677,5532.0,5990.4400000000005,5977.0,3177.0,-188.0,5605.666666666667,5742.802500000001,-1.1050000000000004,5477.48,2023-02-01
2023-02-01,"Maize (white, dry)",5477.48,8.3,9.23,8.75,0.2490714285714285,25.779071428571427,33.53999999999999,19.067071428571435,51.11364285714282,4.3248571428571445,5344.0,5941.0,5850.0,3252.375,133.47999999999956,5451.16,5680.715833333333,0.0,6003.0,2023-03-01
2023-03-01,"Maize (white, dry)",6003.0,8.59,9.19,9.5,2.4013548387096764,25.384516129032253,31.94077419354838,20.057032258064517,60.971677419354855,4.06658064516129,5477.48,5532.0,5799.375,3174.75,525.5200000000004,5608.16,5714.653333333333,0.75,6043.65,2023-04-01
2023-04-01,"Maize (white, dry)",6043.65,8.71,7.9,9.5,7.197333333333333,23.745999999999984,29.0422,19.674599999999984,74.81580000000002,3.944533333333332,6003.0,5344.0,5990.4400000000005,3780.0,40.64999999999964,5841.376666666666,5723.5216666666665,0.0,6269.985000000001,2023-05-01
2023-05-01,"Maize (white, dry)",6269.985000000001,8.78,8.03,9.5,4.442903225806452,23.30825806451613,29.11400000000001,18.91664516129032,73.83045161290323,4.281419354838708,6043.65,5477.48,5941.0,4275.0,226.33500000000092,6105.545000000001,5778.3525,0.0,6494.5,2023-06-01
2023-06-01,"Maize (white, dry)",6494.5,8.77,7.88,10.5,2.095133333333332,22.743266666666667,28.554933333333327,18.20666666666667,71.06640000000003,4.183399999999999,6269.985000000001,6003.0,5532.0,5437.0,224.51499999999945,6269.378333333334,5938.769166666666,1.0,6188.0,2023-07-01
2023-07-01,"Maize (white, dry)",6188.0,8.68,7.28,10.5,1.2007741935483869,22.377032258064503,28.50600000000001,17.540967741935482,68.09154838709676,4.793741935483872,6494.5,6043.65,5344.0,5977.0,-306.5,6317.495,6079.435833333333,0.0,4900.5,2023-08-01
2023-08-01,"Maize (white, dry)",4900.5,8.52,6.73,10.5,1.2456129032258063,22.88574193548387,29.28122580645161,17.85677419354839,66.17167741935486,5.026322580645161,6188.0,6269.985000000001,5477.48,5850.0,-1287.5,5861.0,5983.2725,0.0,4850.0,2023-09-01
2023-09-01,"Maize (white, dry)",4850.0,8.32,6.78,10.5,1.2512666666666667,24.303266666666666,30.885133333333325,19.023200000000013,63.47546666666668,4.6887333333333325,4900.5,6494.5,6003.0,5799.375,-50.5,5312.833333333333,5791.105833333334,0.0,4966.665,2023-10-01
2023-12-01,"Maize (white, dry)",4500.0,7.67,6.63,12.5,1.8227741935483872,23.924580645161296,29.33877419354839,19.554838709677423,73.56464516129034,3.545483870967744,4966.665,4900.5,6269.985000000001,5941.0,-466.665,4772.221666666667,5316.610833333333,2.0,4203.0,2024-01-01
2024-01-01,"Maize (white, dry)",4203.0,7.5,6.85,12.5,2.3723225806451618,24.25774193548387,29.788000000000004,19.716064516129023,69.22432258064514,3.1272903225806448,4500.0,4850.0,6494.5,5532.0,-297.0,4556.555,4934.694166666667,0.0,3200.4,2024-02-01
2024-02-01,"Maize (white, dry)",3200.4,7.26,6.31,13.0,2.0566896551724128,25.350689655172413,31.520551724137945,20.212275862068964,66.31717241379307,3.741241379310345,4203.0,4966.665,6188.0,5344.0,-1002.6,3967.8,4436.760833333334,0.5,3193.45,2024-03-01
2024-03-01,"Maize (white, dry)",3193.45,6.97,5.7,13.0,2.327935483870968,25.79329032258065,31.81593548387097,20.99567741935485,66.56761290322584,4.041161290322585,3200.4,4500.0,4900.5,5477.48,-6.950000000000273,3532.283333333333,4152.2525000000005,0.0,3573.0,2024-04-01
2024-04-01,"Maize (white, dry)",3573.0,6.73,5.0,13.0,8.986199999999998,23.79073333333333,28.397533333333328,20.36040000000001,78.19506666666669,3.6072,3193.45,4203.0,4850.0,6003.0,379.5500000000002,3322.2833333333333,3939.419166666667,0.0,3658.0,2024-05-01
2024-05-01,"Maize (white, dry)",3658.0,6.49,5.1,13.0,4.229612903225806,23.623419354838685,28.854064516129032,19.470129032258058,74.99767741935482,4.029419354838709,3573.0,3200.4,4966.665,6043.65,85.0,3474.816666666667,3721.308333333333,0.0,3684.5,2024-06-01
2024-06-01,"Maize (white, dry)",3684.5,4.64,6.22,13.0,1.2621333333333329,22.826733333333344,28.75386666666668,17.97533333333332,68.3048,4.3918,3658.0,3193.45,4500.0,6269.985000000001,26.5,3638.5,3585.3916666666664,0.0,3500.0,2024-07-01
2024-07-01,"Maize (white, dry)",3500.0,5.97,4.31,13.0,1.594709677419355,22.666129032258063,28.35070967741936,18.120193548387093,68.32929032258063,4.065354838709677,3684.5,3573.0,4203.0,6494.5,-184.5,3614.1666666666665,3468.225,0.0,3468.5,2024-08-01
2024-08-01,"Maize (white, dry)",3468.5,5.77,4.36,12.75,0.9360000000000004,23.02948387096774,29.357999999999997,18.00567741935484,65.19645161290319,4.680645161290326,3500.0,3658.0,3200.4,6188.0,-31.5,3551.0,3512.9083333333333,-0.25,3403.0,2024-09-01
2024-09-01,"Maize (white, dry)",3403.0,5.5,3.56,12.75,0.904266666666667,24.14846666666667,31.002266666666657,18.607,61.10273333333333,4.912733333333333,3468.5,3684.5,3193.45,4900.5,-65.5,3457.1666666666665,3547.833333333333,0.0,3375.0,2024-10-01
2024-10-01,"Maize (white, dry)",3375.0,5.14,2.72,12.0,0.8206451612903226,25.090645161290325,31.86322580645161,19.57612903225806,60.61277419354836,4.586064516129031,3403.0,3500.0,3573.0,4850.0,-28.0,3415.5,3514.833333333333,-0.75,3600.0,2024-11-01
2024-11-01,"Maize (white, dry)",3600.0,4.81,2.75,12.0,5.397466666666665,24.418533333333343,29.939933333333343,20.20926666666666,70.95033333333329,3.6839333333333326,3375.0,3468.5,3658.0,4966.665,225.0,3459.333333333333,3505.1666666666665,0.0,3899.7,2024-12-01
2024-12-01,"Maize (white, dry)",3899.7,4.5,2.99,11.25,1.8755483870967744,24.34948387096775,30.476387096774182,19.31638709677419,66.94780645161289,3.624516129032257,3600.0,3403.0,3684.5,4500.0,299.6999999999998,3624.9,3541.0333333333333,-0.75,4050.0,2025-01-01
2025-01-01,"Maize (white, dry)",4050.0,4.21,3.28,11.25,0.7796774193548389,25.158451612903228,32.159225806451616,19.218838709677406,57.03458064516127,3.969612903225807,3899.7,3375.0,3500.0,4203.0,150.30000000000018,3849.9,3632.7,0.0,4267.62,2025-02-01
2025-02-01,"Maize (white, dry)",4267.62,3.98,3.45,10.75,0.1199999999999999,25.695428571428565,33.249857142857124,19.149,54.62171428571431,4.577000000000001,4050.0,3600.0,3468.5,3200.4,217.6199999999999,4072.44,3765.8866666666663,-0.5,4466.7,2025-03-01
2025-03-01,"Maize (white, dry)",4466.7,3.81,3.62,10.75,2.4451612903225803,25.729548387096774,31.886129032258072,20.82825806451615,63.927096774193565,3.830387096774193,4267.62,3899.7,3403.0,3193.45,199.07999999999996,4261.44,3943.17,0.0,4387.5,2025-04-01
2025-04-01,"Maize (white, dry)",4387.5,3.74,4.11,10.0,5.220666666666667,24.250733333333333,29.64446666666668,20.16893333333333,73.82386666666672,3.7092000000000014,4466.7,4050.0,3375.0,3573.0,-79.19999999999982,4373.94,4111.92,-0.75,4905.0,2025-05-01
2025-05-01,"Maize (white, dry)",4905.0,3.63,3.75,10.0,4.08264516129032,23.566774193548387,28.9805806451613,19.4305806451613,73.60451612903228,4.216258064516128,4387.5,4267.62,3600.0,3658.0,517.5,4586.400000000001,4329.42,0.0,5599.8,2025-06-01
2025-06-01,"Maize (white, dry)",5599.8,3.56,3.82,9.75,2.105666666666667,22.760866666666672,28.411133333333336,18.32386666666668,70.13126666666663,4.3168,4905.0,4466.7,3899.7,3684.5,694.8000000000002,4964.099999999999,4612.77,-0.25,5024.925,2025-07-01
2025-07-01,"Maize (white, dry)",5024.925,3.55,4.15,9.75,1.677806451612903,22.34941935483871,28.219612903225794,17.61896774193549,67.3152903225806,4.499483870967742,5599.8,4387.5,4050.0,3500.0,-574.875,5176.575,4775.2575,0.0,4800.15,2025-08-01
2025-08-01,"Maize (white, dry)",4800.15,3.56,4.53,9.5,4.021999999999999,22.03522580645161,27.794451612903234,17.444258064516138,68.66664516129035,4.260129032258064,5024.925,4905.0,4267.62,3468.5,-224.77500000000052,5141.625,4864.0125,-0.25,4450.05,2025-09-01
2025-09-01,"Maize (white, dry)",4450.05,3.65,4.58,9.5,0.9335333333333332,23.50606666666667,30.20480000000001,17.999266666666667,62.95826666666672,4.427266666666666,4800.15,5599.8,4466.7,3403.0,-350.09999999999945,4758.375,4861.2375,0.0,4337.5,2025-10-01
2025-10-01,"Maize (white, dry)",4337.5,3.8,4.56,9.25,2.074903225806452,24.370193548387096,30.639741935483865,19.28787096774194,62.97761290322581,4.31516129032258,4450.05,5024.925,4387.5,3375.0,-112.55000000000018,4529.233333333334,4852.904166666666,-0.25,4000.0,2025-11-01
2025-11-01,"Maize (white, dry)",4000.0,3.94,4.46,9.25,1.0433333333333334,24.573666666666664,30.835266666666666,19.537066666666654,65.35886666666669,4.259733333333332,4337.5,4800.15,4905.0,3600.0,-337.5,4262.516666666666,4702.070833333333,0.0,4533.0,2025-12-01
2025-12-01,"Maize (white, dry)",4533.0,4.07,4.49,9.0,1.8190322580645149,25.00529032258064,31.20554838709679,19.921161290322583,63.28716129032258,3.802903225806451,4000.0,4450.05,5599.8,3899.7,533.0,4290.166666666667,4524.270833333333,-0.25,4375.35,2026-01-01
2026-01-01,"Maize (white, dry)",4375.35,4.16,4.4,9.0,1.145822580645162,24.324359375000025,30.912066028225794,18.84784173387096,62.25724697580647,3.792182963709665,4533.0,4337.5,5024.925,4050.0,-157.64999999999964,4302.783333333334,4416.008333333334,0.0,4900.049999999999,2026-02-01
2026-02-01,"Maize (white, dry)",4900.049999999999,4.23,4.25,8.75,0.8548126154556672,25.384638912407667,32.41319515855911,19.4430963092672,58.030784848368256,3.961852101293102,4375.35,4000.0,4800.15,4267.62,524.6999999999989,4602.8,4432.658333333334,-0.25,4850.1,2026-03-01
2026-03-01,"Maize (white, dry)",4850.1,4.29,4.39,8.75,2.038562357124712,25.623604267208552,32.159948691897334,20.32225654051306,61.7244211328422,4.11545948691897,4900.049999999999,4533.0,4450.05,4466.7,-49.94999999999891,4708.5,4499.333333333333,0.0,4875.075,2026-04-01
2026-04-01,"Maize (white, dry)",4875.075,4.42,5.59,8.75,5.932325000000009,24.13787371794871,29.4320878205128,20.085883333333346,73.47075320512826,3.949292948717952,4850.1,4375.35,4337.5,4387.5,24.97499999999945,4875.075,4588.929166666667,0.0,3865.41,2026-05-01
2026-05-01,"Maize (white, dry)",3865.41,4.66,6.68,8.75,4.067935483870966,23.4403436950146,28.97188914956016,19.169278592375367,73.17871788856294,4.220569501466271,4875.075,4900.049999999999,4000.0,4905.0,-1009.665,4530.195,4566.4975,0.0,5599.8,2026-06-01
2026-06-01,"Maize (white, dry)",5599.8,4.88,6.41,8.75,1.601358260869567,22.64871652173913,28.488699130434828,18.015693913043457,69.15025217391297,4.422414492753631,3865.41,4850.1,4533.0,5599.8,1734.3900000000003,4780.095,4744.2975,0.0,4775.0650000000005,2026-07-01
2018-12-01,Maize flour,102.86,4.69,5.71,9.0,2.113506954720328,24.146886060964768,30.01334418467002,19.406097070139086,68.98363302752291,3.786693696359874,,,,,,102.86,102.86,,102.86,2019-01-01
2021-01-01,Maize flour,60.0,5.74,5.69,7.0,0.7919354838709679,23.90754838709677,30.62400000000001,18.40103225806452,63.9471612903226,3.8561290322580617,62.0,102.86,,,-2.0,74.95333333333333,81.93,-2.0,66.355,2021-02-01
2021-02-01,Maize flour,66.355,5.16,5.78,7.0,1.0442857142857147,24.79950000000001,31.69057142857141,19.06357142857143,59.52299999999998,3.674142857142858,60.0,102.86,,,6.355000000000004,62.785,78.81500000000001,0.0,63.54,2021-03-01
2021-03-01,Maize flour,63.54,5.17,5.9,7.0,1.7911612903225802,25.173806451612897,31.998322580645176,19.61935483870968,59.83787096774194,4.444709677419353,66.355,62.0,,,-2.815000000000005,63.29833333333334,76.26916666666668,0.0,63.33,2021-04-01
2021-04-01,Maize flour,63.33,4.66,5.76,7.0,2.957933333333333,24.55046666666667,30.21866666666668,20.13686666666666,69.45406666666668,4.395666666666665,63.54,60.0,102.86,,-0.2100000000000008,64.40833333333335,69.68083333333334,0.0,61.78,2021-05-01
2021-05-01,Maize flour,61.78,5.2,5.87,7.0,4.084645161290321,23.198838709677418,28.791161290322574,18.890903225806447,71.30193548387098,4.230838709677419,63.33,66.355,102.86,,-1.5499999999999972,62.88333333333333,62.83416666666667,0.0,64.69,2021-06-01
2021-06-01,Maize flour,64.69,5.35,6.32,7.0,0.9444,22.28393333333332,28.215866666666678,17.62313333333334,68.38119999999999,4.6206666666666685,61.78,63.54,62.0,,2.9099999999999966,63.26666666666667,63.2825,0.0,63.24,2021-07-01
2021-07-01,Maize flour,63.24,5.53,6.55,7.0,1.0405161290322589,21.831161290322573,27.556000000000008,17.353354838709674,66.38948387096771,4.6970967741935485,64.69,63.33,60.0,,-1.4499999999999955,63.23666666666667,63.82250000000001,0.0,61.63,2021-08-01
2021-08-01,Maize flour,61.63,5.71,6.57,7.0,0.8192258064516129,22.778129032258075,29.13645161290323,17.586645161290317,62.746903225806456,4.781161290322578,63.24,61.78,66.355,,-1.6099999999999994,63.18666666666667,63.035,0.0,61.965,2021-09-01
2021-09-01,Maize flour,61.965,5.35,6.91,7.0,0.8566000000000005,23.6962,30.353733333333302,18.39033333333334,61.80706666666668,5.1367999999999965,61.63,64.69,63.54,,0.3350000000000008,62.278333333333336,62.7725,0.0,61.67,2021-10-01
2021-10-01,Maize flour,61.67,6.07,6.45,7.0,0.9926451612903228,24.777870967741944,31.445612903225797,19.28006451612903,59.91716129032259,4.692838709677422,61.965,63.24,63.33,102.86,-0.2950000000000017,61.755,62.49583333333334,0.0,61.88,2021-11-01
2021-11-01,Maize flour,61.88,6.1,5.8,7.0,2.353666666666667,25.23273333333333,31.71406666666668,20.02933333333334,61.54279999999998,4.274666666666668,61.67,61.63,61.78,102.86,0.2100000000000008,61.83833333333334,62.5125,0.0,65.0,2021-12-01
2021-12-01,Maize flour,65.0,5.62,5.73,7.0,3.16367741935484,23.442774193548384,29.09103225806451,19.034,72.45916129032256,4.153032258064515,61.88,61.965,64.69,62.0,3.119999999999997,62.85,62.564166666666665,0.0,68.83,2022-01-01
2022-01-01,Maize flour,68.83,6.08,5.39,7.0,1.0556129032258066,23.976,30.78348387096775,18.405548387096765,61.97374193548387,3.780967741935484,65.0,61.67,63.24,60.0,3.8299999999999983,65.23666666666666,63.49583333333333,0.0,70.0,2022-02-01
2022-02-01,Maize flour,70.0,6.23,5.08,7.0,0.751928571428572,25.41328571428572,32.26628571428571,19.74971428571427,57.56485714285712,3.527714285714285,68.83,61.88,61.63,66.355,1.1700000000000017,67.94333333333333,64.89083333333333,0.0,80.0,2022-03-01
2023-01-01,Maize flour,101.42,7.95,8.98,8.75,0.4614193548387098,24.429354838709678,31.497419354838705,18.43832258064516,57.50322580645159,4.315354838709677,120.0,70.0,61.88,61.78,-18.58,100.47333333333334,84.20833333333333,1.75,103.115,2023-02-01
2023-02-01,Maize flour,103.115,8.3,9.23,8.75,0.2490714285714285,25.779071428571427,33.53999999999999,19.067071428571435,51.11364285714282,4.3248571428571445,101.42,80.0,65.0,64.69,1.6950000000000074,108.17833333333334,90.56083333333332,0.0,107.5,2023-03-01
2023-03-01,Maize flour,107.5,8.59,9.19,9.5,2.4013548387096764,25.384516129032253,31.94077419354838,20.057032258064517,60.971677419354855,4.06658064516129,103.115,120.0,68.83,63.24,4.384999999999991,104.01166666666668,97.00583333333334,0.75,106.5,2023-04-01
2023-04-01,Maize flour,106.5,8.71,7.9,9.5,7.197333333333333,23.745999999999984,29.0422,19.674599999999984,74.81580000000002,3.944533333333332,107.5,101.42,70.0,61.63,-1.0,105.705,103.08916666666669,0.0,115.0,2023-05-01
2023-05-01,Maize flour,115.0,8.78,8.03,9.5,4.442903225806452,23.30825806451613,29.11400000000001,18.91664516129032,73.83045161290323,4.281419354838708,106.5,103.115,80.0,61.965,8.5,109.66666666666669,108.9225,0.0,120.0,2023-06-01
2023-06-01,Maize flour,120.0,8.77,7.88,10.5,2.095133333333332,22.743266666666667,28.554933333333327,18.20666666666667,71.06640000000003,4.183399999999999,115.0,107.5,120.0,61.67,5.0,113.83333333333331,108.9225,1.0,117.5,2023-07-01
2023-07-01,Maize flour,117.5,8.68,7.28,10.5,1.2007741935483869,22.377032258064503,28.50600000000001,17.540967741935482,68.09154838709676,4.793741935483872,120.0,106.5,101.42,61.88,-2.5,117.5,111.6025,0.0,119.34,2023-08-01
2023-08-01,Maize flour,119.34,8.52,6.73,10.5,1.2456129032258063,22.88574193548387,29.28122580645161,17.85677419354839,66.17167741935486,5.026322580645161,117.5,115.0,103.115,65.0,1.8400000000000036,118.94666666666669,114.30666666666669,0.0,103.0,2023-09-01
2023-09-01,Maize flour,103.0,8.32,6.78,10.5,1.2512666666666667,24.303266666666666,30.885133333333325,19.023200000000013,63.47546666666668,4.6887333333333325,119.34,120.0,107.5,68.83,-16.340000000000003,113.28000000000002,113.55666666666669,0.0,105.095,2023-10-01
2023-10-01,Maize flour,105.095,8.1,6.92,10.5,2.628645161290323,24.625612903225804,31.094258064516087,19.54954838709677,65.34103225806454,4.684000000000001,103.0,117.5,106.5,70.0,2.094999999999999,109.145,113.3225,0.0,104.06,2023-11-01
2023-11-01,Maize flour,104.06,7.87,6.8,10.5,9.33346666666667,23.02306666666667,27.941599999999973,19.267866666666663,78.72493333333331,3.671533333333332,105.095,119.34,115.0,80.0,-1.0349999999999966,104.05166666666666,111.49916666666668,0.0,99.0,2023-12-01
2023-12-01,Maize flour,99.0,7.67,6.63,12.5,1.8227741935483872,23.924580645161296,29.33877419354839,19.554838709677423,73.56464516129034,3.545483870967744,104.06,103.0,120.0,120.0,-5.060000000000002,102.71833333333332,107.99916666666668,2.0,100.0,2024-01-01
2024-01-01,Maize flour,100.0,7.5,6.85,12.5,2.3723225806451618,24.25774193548387,29.788000000000004,19.716064516129023,69.22432258064514,3.1272903225806448,99.0,105.095,117.5,101.42,1.0,101.02,105.0825,0.0,100.0,2024-02-01
2024-02-01,Maize flour,100.0,7.26,6.31,13.0,2.0566896551724128,25.350689655172413,31.520551724137945,20.212275862068964,66.31717241379307,3.741241379310345,100.0,104.06,119.34,103.115,0.0,99.66666666666669,101.85916666666668,0.5,97.5,2024-03-01
2024-03-01,Maize flour,97.5,6.97,5.7,13.0,2.327935483870968,25.79329032258065,31.81593548387097,20.99567741935485,66.56761290322584,4.041161290322585,100.0,99.0,103.0,107.5,-2.5,99.16666666666669,100.9425,0.0,97.77,2024-04-01
2024-04-01,Maize flour,97.77,6.73,5.0,13.0,8.986199999999998,23.79073333333333,28.397533333333328,20.36040000000001,78.19506666666669,3.6072,97.5,100.0,105.095,106.5,0.2700000000000102,98.42333333333332,99.72166666666668,0.0,90.0,2024-05-01
2024-05-01,Maize flour,90.0,6.49,5.1,13.0,4.229612903225806,23.623419354838685,28.854064516129032,19.470129032258058,74.99767741935482,4.029419354838709,97.77,100.0,104.06,115.0,-7.77000000000001,95.09,97.37833333333332,0.0,85.0,2024-06-01
2024-06-01,Maize flour,85.0,4.64,6.22,13.0,1.2621333333333329,22.826733333333344,28.75386666666668,17.97533333333332,68.3048,4.3918,90.0,97.5,99.0,120.0,-5.0,90.92333333333332,95.045,0.0,80.0,2024-07-01
2024-07-01,Maize flour,80.0,5.97,4.31,13.0,1.594709677419355,22.666129032258063,28.35070967741936,18.120193548387093,68.32929032258063,4.065354838709677,85.0,97.77,100.0,117.5,-5.0,85.0,91.71166666666666,0.0,82.5,2024-08-01
2024-08-01,Maize flour,82.5,5.77,4.36,12.75,0.9360000000000004,23.02948387096774,29.357999999999997,18.00567741935484,65.19645161290319,4.680645161290326,80.0,90.0,100.0,119.34,2.5,82.5,88.795,-0.25,80.0,2024-09-01
2024-09-01,Maize flour,80.0,5.5,3.56,12.75,0.904266666666667,24.14846666666667,31.002266666666657,18.607,61.10273333333333,4.912733333333333,82.5,85.0,97.5,103.0,-2.5,80.83333333333333,85.87833333333333,0.0,76.67,2024-10-01
2024-10-01,Maize flour,76.67,5.14,2.72,12.0,0.8206451612903226,25.090645161290325,31.86322580645161,19.57612903225806,60.61277419354836,4.586064516129031,80.0,80.0,97.77,105.095,-3.3299999999999983,79.72333333333334,82.36166666666666,-0.75,80.0,2024-11-01
2024-11-01,Maize flour,80.0,4.81,2.75,12.0,5.397466666666665,24.418533333333343,29.939933333333343,20.20926666666666,70.95033333333329,3.6839333333333326,76.67,82.5,90.0,104.06,3.3299999999999983,78.89,80.69500000000001,0.0,78.85499999999999,2024-12-01
2024-12-01,Maize flour,78.85499999999999,4.5,2.99,11.25,1.8755483870967744,24.34948387096775,30.476387096774182,19.31638709677419,66.94780645161289,3.624516129032257,80.0,80.0,85.0,99.0,-1.1450000000000102,78.50833333333334,79.67083333333333,-0.75,81.66499999999999,2025-01-01
2025-01-01,Maize flour,81.66499999999999,4.21,3.28,11.25,0.7796774193548389,25.158451612903228,32.159225806451616,19.218838709677406,57.03458064516127,3.969612903225807,78.85499999999999,76.67,80.0,100.0,2.8100000000000023,80.17333333333333,79.94833333333332,0.0,80.0,2025-02-01
2025-02-01,Maize flour,80.0,3.98,3.45,10.75,0.1199999999999999,25.695428571428565,33.249857142857124,19.149,54.62171428571431,4.577000000000001,81.66499999999999,80.0,82.5,100.0,-1.664999999999992,80.17333333333333,79.53166666666665,-0.5,81.66499999999999,2025-03-01
2025-03-01,Maize flour,81.66499999999999,3.81,3.62,10.75,2.4451612903225803,25.729548387096774,31.886129032258072,20.82825806451615,63.927096774193565,3.830387096774193,80.0,78.85499999999999,80.0,97.5,1.664999999999992,81.11,79.80916666666667,0.0,80.69,2025-04-01
2025-04-01,Maize flour,80.69,3.74,4.11,10.0,5.220666666666667,24.250733333333333,29.64446666666668,20.16893333333333,73.82386666666672,3.7092000000000014,81.66499999999999,81.66499999999999,76.67,97.77,-0.9749999999999944,80.785,80.47916666666666,-0.75,90.0,2025-05-01
2025-05-01,Maize flour,90.0,3.63,3.75,10.0,4.08264516129032,23.566774193548387,28.9805806451613,19.4305806451613,73.60451612903228,4.216258064516128,80.69,80.0,80.0,90.0,9.310000000000002,84.11833333333333,82.14583333333333,0.0,90.0,2025-06-01
2025-06-01,Maize flour,90.0,3.56,3.82,9.75,2.105666666666667,22.760866666666672,28.411133333333336,18.32386666666668,70.13126666666663,4.3168,90.0,81.66499999999999,78.85499999999999,85.0,0.0,86.89666666666666,84.00333333333333,-0.25,90.0,2025-07-01
2025-07-01,Maize flour,90.0,3.55,4.15,9.75,1.677806451612903,22.34941935483871,28.219612903225794,17.61896774193549,67.3152903225806,4.499483870967742,90.0,80.69,81.66499999999999,80.0,0.0,90.0,85.3925,0.0,83.33,2025-08-01
2025-08-01,Maize flour,83.33,3.56,4.53,9.5,4.021999999999999,22.03522580645161,27.794451612903234,17.444258064516138,68.66664516129035,4.260129032258064,90.0,90.0,80.0,82.5,-6.670000000000002,87.77666666666666,85.9475,-0.25,83.33,2025-09-01
2025-09-01,Maize flour,83.33,3.65,4.58,9.5,0.9335333333333332,23.50606666666667,30.20480000000001,17.999266666666667,62.95826666666672,4.427266666666666,83.33,90.0,81.66499999999999,80.0,0.0,85.55333333333333,86.22500000000001,0.0,82.91499999999999,2025-10-01
2025-10-01,Maize flour,82.91499999999999,3.8,4.56,9.25,2.074903225806452,24.370193548387096,30.639741935483865,19.28787096774194,62.97761290322581,4.31516129032258,83.33,90.0,80.69,76.67,-0.4150000000000062,83.19166666666666,86.59583333333332,-0.25,81.575,2025-11-01
2025-11-01,Maize flour,81.575,3.94,4.46,9.25,1.0433333333333334,24.573666666666664,30.835266666666666,19.537066666666654,65.35886666666669,4.259733333333332,82.91499999999999,83.33,90.0,80.0,-1.3399999999999892,82.60666666666667,85.19166666666665,0.0,95.0,2025-12-01
2025-12-01,Maize flour,95.0,4.07,4.49,9.0,1.8190322580645149,25.00529032258064,31.20554838709679,19.921161290322583,63.28716129032258,3.802903225806451,81.575,83.33,90.0,78.85499999999999,13.424999999999995,86.49666666666667,86.02499999999998,-0.25,98.4,2026-01-01
2026-01-01,Maize flour,98.4,4.16,4.4,9.0,1.145822580645162,24.324359375000025,30.912066028225794,18.84784173387096,62.25724697580647,3.792182963709665,95.0,82.91499999999999,90.0,81.66499999999999,3.4000000000000057,91.65833333333336,87.425,0.0,96.01,2026-02-01
2026-02-01,Maize flour,96.01,4.23,4.25,8.75,0.8548126154556672,25.384638912407667,32.41319515855911,19.4430963092672,58.030784848368256,3.961852101293102,98.4,81.575,83.33,80.0,-2.390000000000001,96.47,89.53833333333334,-0.25,80.0,2026-03-01
2026-03-01,Maize flour,80.0,4.29,4.39,8.75,2.038562357124712,25.623604267208552,32.159948691897334,20.32225654051306,61.7244211328422,4.11545948691897,96.01,95.0,83.33,81.66499999999999,-16.010000000000005,91.47,88.98333333333333,0.0,83.33,2026-04-01
2026-04-01,Maize flour,83.33,4.42,5.59,8.75,5.932325000000009,24.13787371794871,29.4320878205128,20.085883333333346,73.47075320512826,3.949292948717952,80.0,98.4,82.91499999999999,80.69,3.3299999999999983,86.44666666666666,89.05250000000001,0.0,98.75,2026-05-01
2026-05-01,Maize flour,98.75,4.66,6.68,8.75,4.067935483870966,23.4403436950146,28.97188914956016,19.169278592375367,73.17871788856294,4.220569501466271,83.33,96.01,81.575,90.0,15.420000000000002,87.36,91.915,0.0,84.375,2026-06-01
2026-06-01,Maize flour,84.375,4.88,6.41,8.75,1.601358260869567,22.64871652173913,28.488699130434828,18.015693913043457,69.15025217391297,4.422414492753631,98.75,80.0,95.0,90.0,-14.375,88.81833333333333,90.14416666666666,0.0,84.72,2026-07-01
2026-07-01,Maize flour,84.72,5.08,6.49,9.784965034965037,1.390702052785923,22.23961524926686,28.102879765395908,17.588340175953082,67.44304222873895,4.551488563049847,84.375,83.33,98.4,90.0,0.3449999999999988,89.28166666666668,87.86416666666666,1.034965034965035,83.88499999999999,2026-08-01
2021-01-01,Meat (beef),440.0,5.74,5.69,7.0,0.7919354838709679,23.90754838709677,30.62400000000001,18.40103225806452,63.9471612903226,3.8561290322580617,431.0,,,,9.0,435.5,435.5,0.0,456.425,2021-02-01
2021-02-01,Meat (beef),456.425,5.16,5.78,7.0,1.0442857142857147,24.79950000000001,31.69057142857141,19.06357142857143,59.52299999999998,3.674142857142858,440.0,,,,16.424999999999955,442.475,442.475,0.0,500.0,2021-03-01
2021-03-01,Meat (beef),500.0,5.17,5.9,7.0,1.7911612903225802,25.173806451612897,31.998322580645176,19.61935483870968,59.83787096774194,4.444709677419353,456.425,431.0,,,43.575000000000045,465.475,456.85625,0.0,467.575,2021-04-01
2021-04-01,Meat (beef),467.575,4.66,5.76,7.0,2.957933333333333,24.55046666666667,30.21866666666668,20.13686666666666,69.45406666666668,4.395666666666665,500.0,440.0,,,-32.42500000000001,474.6666666666667,459.0,0.0,500.0,2021-05-01
2021-05-01,Meat (beef),500.0,5.2,5.87,7.0,4.084645161290321,23.198838709677418,28.791161290322574,18.890903225806447,71.30193548387098,4.230838709677419,467.575,456.425,,,32.42500000000001,489.19166666666666,465.8333333333333,0.0,500.0,2021-06-01
2021-06-01,Meat (beef),500.0,5.35,6.32,7.0,0.9444,22.28393333333332,28.215866666666678,17.62313333333334,68.38119999999999,4.6206666666666685,500.0,500.0,431.0,,0.0,489.19166666666666,477.3333333333333,0.0,500.0,2021-07-01
2021-07-01,Meat (beef),500.0,5.53,6.55,7.0,1.0405161290322589,21.831161290322573,27.556000000000008,17.353354838709674,66.38948387096771,4.6970967741935485,500.0,467.575,440.0,,0.0,500.0,487.3333333333333,0.0,498.335,2021-08-01
2021-08-01,Meat (beef),498.335,5.71,6.57,7.0,0.8192258064516129,22.778129032258075,29.13645161290323,17.586645161290317,62.746903225806456,4.781161290322578,500.0,500.0,456.425,,-1.6649999999999636,499.445,494.3183333333333,0.0,495.0,2021-09-01
2021-09-01,Meat (beef),495.0,5.35,6.91,7.0,0.8566000000000005,23.6962,30.353733333333302,18.39033333333334,61.80706666666668,5.1367999999999965,498.335,500.0,500.0,,-3.3350000000000364,497.77833333333336,493.485,0.0,508.33,2021-10-01
2021-10-01,Meat (beef),508.33,6.07,6.45,7.0,0.9926451612903228,24.777870967741944,31.445612903225797,19.28006451612903,59.91716129032259,4.692838709677422,495.0,500.0,467.575,,13.329999999999984,500.555,500.2775,0.0,500.0,2021-11-01
2021-11-01,Meat (beef),500.0,6.1,5.8,7.0,2.353666666666667,25.23273333333333,31.71406666666668,20.02933333333334,61.54279999999998,4.274666666666668,508.33,498.335,500.0,,-8.329999999999984,501.11,500.2775,0.0,550.0,2021-12-01
2021-12-01,Meat (beef),550.0,5.62,5.73,7.0,3.16367741935484,23.442774193548384,29.09103225806451,19.034,72.45916129032256,4.153032258064515,500.0,495.0,500.0,431.0,50.0,519.4433333333333,508.61083333333335,0.0,500.0,2022-01-01
2022-01-01,Meat (beef),500.0,6.08,5.39,7.0,1.0556129032258066,23.976,30.78348387096775,18.405548387096765,61.97374193548387,3.780967741935484,550.0,508.33,500.0,440.0,-50.0,516.6666666666666,508.61083333333335,0.0,500.0,2022-02-01
2022-02-01,Meat (beef),500.0,6.23,5.08,7.0,0.751928571428572,25.41328571428572,32.26628571428571,19.74971428571427,57.56485714285712,3.527714285714285,500.0,500.0,498.335,456.425,0.0,516.6666666666666,508.8883333333333,0.0,500.0,2022-03-01
2023-01-01,Meat (beef),600.0,7.95,8.98,8.75,0.4614193548387098,24.429354838709678,31.497419354838705,18.43832258064516,57.50322580645159,4.315354838709677,500.0,500.0,508.33,467.575,100.0,533.3333333333334,525.0,1.75,600.0,2023-02-01
2023-04-01,Meat (beef),600.0,8.71,7.9,9.5,7.197333333333333,23.745999999999984,29.0422,19.674599999999984,74.81580000000002,3.944533333333332,600.0,500.0,550.0,500.0,0.0,600.0,550.0,0.75,525.0,2023-05-01
2023-07-01,Meat (beef),500.0,8.68,7.28,10.5,1.2007741935483869,22.377032258064503,28.50600000000001,17.540967741935482,68.09154838709676,4.793741935483872,525.0,600.0,500.0,498.335,-25.0,541.6666666666666,554.1666666666666,1.0,500.0,2023-08-01
2023-11-01,Meat (beef),600.0,7.87,6.8,10.5,9.33346666666667,23.02306666666667,27.941599999999973,19.267866666666663,78.72493333333331,3.671533333333332,500.0,525.0,600.0,508.33,100.0,533.3333333333334,554.1666666666666,0.0,600.0,2023-12-01
2023-12-01,Meat (beef),600.0,7.67,6.63,12.5,1.8227741935483872,23.924580645161296,29.33877419354839,19.554838709677423,73.56464516129034,3.545483870967744,600.0,500.0,600.0,500.0,0.0,566.6666666666666,554.1666666666666,2.0,600.0,2024-01-01
2024-01-01,Meat (beef),600.0,7.5,6.85,12.5,2.3723225806451618,24.25774193548387,29.788000000000004,19.716064516129023,69.22432258064514,3.1272903225806448,600.0,500.0,600.0,550.0,0.0,600.0,554.1666666666666,0.0,650.0,2024-02-01
2024-04-01,Meat (beef),600.0,6.73,5.0,13.0,8.986199999999998,23.79073333333333,28.397533333333328,20.36040000000001,78.19506666666669,3.6072,650.0,600.0,500.0,500.0,-50.0,616.6666666666666,591.6666666666666,0.0,600.0,2024-05-01
2024-05-01,Meat (beef),600.0,6.49,5.1,13.0,4.229612903225806,23.623419354838685,28.854064516129032,19.470129032258058,74.99767741935482,4.029419354838709,600.0,600.0,500.0,500.0,0.0,616.6666666666666,608.3333333333334,0.0,625.0,2024-06-01
2024-06-01,Meat (beef),625.0,4.64,6.22,13.0,1.2621333333333329,22.826733333333344,28.75386666666668,17.97533333333332,68.3048,4.3918,600.0,650.0,600.0,600.0,25.0,608.3333333333334,612.5,0.0,600.0,2024-07-01
2024-09-01,Meat (beef),625.0,5.5,3.56,12.75,0.904266666666667,24.14846666666667,31.002266666666657,18.607,61.10273333333333,4.912733333333333,600.0,600.0,600.0,600.0,25.0,616.6666666666666,616.6666666666666,-0.25,600.0,2024-10-01
2024-10-01,Meat (beef),600.0,5.14,2.72,12.0,0.8206451612903226,25.090645161290325,31.86322580645161,19.57612903225806,60.61277419354836,4.586064516129031,625.0,625.0,650.0,525.0,-25.0,608.3333333333334,608.3333333333334,-0.75,600.0,2024-11-01
2024-11-01,Meat (beef),600.0,4.81,2.75,12.0,5.397466666666665,24.418533333333343,29.939933333333343,20.20926666666666,70.95033333333329,3.6839333333333326,600.0,600.0,600.0,500.0,0.0,608.3333333333334,608.3333333333334,0.0,600.0,2024-12-01
2024-12-01,Meat (beef),600.0,4.5,2.99,11.25,1.8755483870967744,24.34948387096775,30.476387096774182,19.31638709677419,66.94780645161289,3.624516129032257,600.0,625.0,600.0,500.0,0.0,600.0,608.3333333333334,-0.75,600.0,2025-01-01
2025-01-01,Meat (beef),600.0,4.21,3.28,11.25,0.7796774193548389,25.158451612903228,32.159225806451616,19.218838709677406,57.03458064516127,3.969612903225807,600.0,600.0,625.0,600.0,0.0,600.0,604.1666666666666,0.0,600.0,2025-02-01
2025-02-01,Meat (beef),600.0,3.98,3.45,10.75,0.1199999999999999,25.695428571428565,33.249857142857124,19.149,54.62171428571431,4.577000000000001,600.0,600.0,600.0,600.0,0.0,600.0,604.1666666666666,-0.5,600.0,2025-03-01
2025-03-01,Meat (beef),600.0,3.81,3.62,10.75,2.4451612903225803,25.729548387096774,31.886129032258072,20.82825806451615,63.927096774193565,3.830387096774193,600.0,600.0,625.0,600.0,0.0,600.0,600.0,0.0,612.5,2025-04-01
2025-04-01,Meat (beef),612.5,3.74,4.11,10.0,5.220666666666667,24.250733333333333,29.64446666666668,20.16893333333333,73.82386666666672,3.7092000000000014,600.0,600.0,600.0,650.0,12.5,604.1666666666666,602.0833333333334,-0.75,600.0,2025-05-01
2025-05-01,Meat (beef),600.0,3.63,3.75,10.0,4.08264516129032,23.566774193548387,28.9805806451613,19.4305806451613,73.60451612903228,4.216258064516128,612.5,600.0,600.0,600.0,-12.5,604.1666666666666,602.0833333333334,0.0,600.0,2025-06-01
2025-06-01,Meat (beef),600.0,3.56,3.82,9.75,2.105666666666667,22.760866666666672,28.411133333333336,18.32386666666668,70.13126666666663,4.3168,600.0,600.0,600.0,600.0,0.0,604.1666666666666,602.0833333333334,-0.25,600.0,2025-07-01
2025-07-01,Meat (beef),600.0,3.55,4.15,9.75,1.677806451612903,22.34941935483871,28.219612903225794,17.61896774193549,67.3152903225806,4.499483870967742,600.0,612.5,600.0,625.0,0.0,600.0,602.0833333333334,0.0,500.0,2025-08-01
2025-10-01,Meat (beef),600.0,3.8,4.56,9.25,2.074903225806452,24.370193548387096,30.639741935483865,19.28787096774194,62.97761290322581,4.31516129032258,500.0,600.0,600.0,625.0,100.0,566.6666666666666,585.4166666666666,-0.25,630.5550000000001,2025-11-01
2026-03-01,Meat (beef),700.0,4.29,4.39,8.75,2.038562357124712,25.623604267208552,32.159948691897334,20.32225654051306,61.7244211328422,4.11545948691897,630.5550000000001,500.0,600.0,600.0,69.44499999999994,643.5183333333333,605.0925000000001,-0.5,700.0,2026-04-01
2021-01-01,Meat (camel),525.0,5.74,5.69,7.0,0.7919354838709679,23.90754838709677,30.62400000000001,18.40103225806452,63.9471612903226,3.8561290322580617,,,,,,525.0,525.0,,400.0,2021-02-01
2021-02-01,Meat (camel),400.0,5.16,5.78,7.0,1.0442857142857147,24.79950000000001,31.69057142857141,19.06357142857143,59.52299999999998,3.674142857142858,525.0,,,,-125.0,462.5,462.5,0.0,400.0,2021-03-01
2021-03-01,Meat (camel),400.0,5.17,5.9,7.0,1.7911612903225802,25.173806451612897,31.998322580645176,19.61935483870968,59.83787096774194,4.444709677419353,400.0,,,,0.0,441.6666666666667,441.6666666666667,0.0,450.0,2021-04-01
2021-04-01,Meat (camel),450.0,4.66,5.76,7.0,2.957933333333333,24.55046666666667,30.21866666666668,20.13686666666666,69.45406666666668,4.395666666666665,400.0,525.0,,,50.0,416.6666666666667,443.75,0.0,500.0,2021-05-01
2021-05-01,Meat (camel),500.0,5.2,5.87,7.0,4.084645161290321,23.198838709677418,28.791161290322574,18.890903225806447,71.30193548387098,4.230838709677419,450.0,400.0,,,50.0,450.0,455.0,0.0,471.0,2021-06-01
2021-06-01,Meat (camel),471.0,5.35,6.32,7.0,0.9444,22.28393333333332,28.215866666666678,17.62313333333334,68.38119999999999,4.6206666666666685,500.0,400.0,,,-29.0,473.6666666666667,457.6666666666667,0.0,480.0,2021-07-01
2021-07-01,Meat (camel),480.0,5.53,6.55,7.0,1.0405161290322589,21.831161290322573,27.556000000000008,17.353354838709674,66.38948387096771,4.6970967741935485,471.0,450.0,525.0,,9.0,483.6666666666667,450.1666666666667,0.0,400.0,2021-08-01
2021-08-01,Meat (camel),400.0,5.71,6.57,7.0,0.8192258064516129,22.778129032258075,29.13645161290323,17.586645161290317,62.746903225806456,4.781161290322578,480.0,500.0,400.0,,-80.0,450.3333333333333,450.1666666666667,0.0,400.0,2021-09-01
2021-09-01,Meat (camel),400.0,5.35,6.91,7.0,0.8566000000000005,23.6962,30.353733333333302,18.39033333333334,61.80706666666668,5.1367999999999965,400.0,471.0,400.0,,0.0,426.6666666666667,450.1666666666667,0.0,400.0,2021-10-01
2021-10-01,Meat (camel),400.0,6.07,6.45,7.0,0.9926451612903228,24.777870967741944,31.445612903225797,19.28006451612903,59.91716129032259,4.692838709677422,400.0,480.0,450.0,,0.0,400.0,441.8333333333333,0.0,443.805,2021-11-01
2021-11-01,Meat (camel),443.805,6.1,5.8,7.0,2.353666666666667,25.23273333333333,31.71406666666668,20.02933333333334,61.54279999999998,4.274666666666668,400.0,400.0,500.0,,43.80500000000001,414.6016666666667,432.4675,0.0,400.0,2021-12-01
2021-12-01,Meat (camel),400.0,5.62,5.73,7.0,3.16367741935484,23.442774193548384,29.09103225806451,19.034,72.45916129032256,4.153032258064515,443.805,400.0,471.0,,-43.80500000000001,414.6016666666667,420.63416666666666,0.0,400.0,2022-01-01
2022-01-01,Meat (camel),400.0,6.08,5.39,7.0,1.0556129032258066,23.976,30.78348387096775,18.405548387096765,61.97374193548387,3.780967741935484,400.0,400.0,480.0,525.0,0.0,414.6016666666667,407.3008333333334,0.0,400.0,2022-02-01
2022-02-01,Meat (camel),400.0,6.23,5.08,7.0,0.751928571428572,25.41328571428572,32.26628571428571,19.74971428571427,57.56485714285712,3.527714285714285,400.0,443.805,400.0,400.0,0.0,400.0,407.3008333333334,0.0,500.0,2022-03-01
2023-01-01,Meat (camel),500.0,7.95,8.98,8.75,0.4614193548387098,24.429354838709678,31.497419354838705,18.43832258064516,57.50322580645159,4.315354838709677,500.0,400.0,400.0,450.0,0.0,466.6666666666667,440.6341666666667,1.75,500.0,2023-02-01
2023-02-01,Meat (camel),500.0,8.3,9.23,8.75,0.2490714285714285,25.779071428571427,33.53999999999999,19.067071428571435,51.11364285714282,4.3248571428571445,500.0,400.0,443.805,500.0,0.0,500.0,450.0,0.0,489.23,2023-03-01
2023-03-01,Meat (camel),489.23,8.59,9.19,9.5,2.4013548387096764,25.384516129032253,31.94077419354838,20.057032258064517,60.971677419354855,4.06658064516129,500.0,500.0,400.0,471.0,-10.769999999999982,496.41,464.8716666666666,0.75,541.115,2023-04-01
2023-04-01,Meat (camel),541.115,8.71,7.9,9.5,7.197333333333333,23.745999999999984,29.0422,19.674599999999984,74.81580000000002,3.944533333333332,489.23,500.0,400.0,480.0,51.88499999999999,510.115,488.3908333333334,0.0,525.0,2023-05-01
2023-05-01,Meat (camel),525.0,8.78,8.03,9.5,4.442903225806452,23.30825806451613,29.11400000000001,18.91664516129032,73.83045161290323,4.281419354838708,541.115,500.0,400.0,400.0,-16.11500000000001,518.4483333333334,509.2241666666667,0.0,514.11,2023-06-01
2023-06-01,Meat (camel),514.11,8.77,7.88,10.5,2.095133333333332,22.743266666666667,28.554933333333327,18.20666666666667,71.06640000000003,4.183399999999999,525.0,489.23,500.0,400.0,-10.889999999999986,526.7416666666667,511.5758333333334,1.0,490.0,2023-07-01
2023-07-01,Meat (camel),490.0,8.68,7.28,10.5,1.2007741935483869,22.377032258064503,28.50600000000001,17.540967741935482,68.09154838709676,4.793741935483872,514.11,541.115,500.0,400.0,-24.110000000000014,509.7033333333334,509.9091666666668,0.0,500.0,2023-08-01
2023-08-01,Meat (camel),500.0,8.52,6.73,10.5,1.2456129032258063,22.88574193548387,29.28122580645161,17.85677419354839,66.17167741935486,5.026322580645161,490.0,525.0,500.0,443.805,10.0,501.37000000000006,509.9091666666666,0.0,537.14,2023-09-01
2023-09-01,Meat (camel),537.14,8.32,6.78,10.5,1.2512666666666667,24.303266666666666,30.885133333333325,19.023200000000013,63.47546666666668,4.6887333333333325,500.0,514.11,489.23,400.0,37.13999999999999,509.0466666666666,517.8941666666666,0.0,586.67,2023-10-01
2023-10-01,Meat (camel),586.67,8.1,6.92,10.5,2.628645161290323,24.625612903225804,31.094258064516087,19.54954838709677,65.34103225806454,4.684000000000001,537.14,490.0,541.115,400.0,49.52999999999997,541.27,525.4866666666667,0.0,584.375,2023-11-01
2023-11-01,Meat (camel),584.375,7.87,6.8,10.5,9.33346666666667,23.02306666666667,27.941599999999973,19.267866666666663,78.72493333333331,3.671533333333332,586.67,500.0,525.0,400.0,-2.294999999999959,569.395,535.3825,0.0,600.0,2023-12-01
2023-12-01,Meat (camel),600.0,7.67,6.63,12.5,1.8227741935483872,23.924580645161296,29.33877419354839,19.554838709677423,73.56464516129034,3.545483870967744,584.375,537.14,514.11,500.0,15.625,590.3483333333334,549.6975,2.0,600.0,2024-01-01
2024-01-01,Meat (camel),600.0,7.5,6.85,12.5,2.3723225806451618,24.25774193548387,29.788000000000004,19.716064516129023,69.22432258064514,3.1272903225806448,600.0,586.67,490.0,500.0,0.0,594.7916666666666,568.0308333333334,0.0,600.0,2024-02-01
2024-02-01,Meat (camel),600.0,7.26,6.31,13.0,2.0566896551724128,25.350689655172413,31.520551724137945,20.212275862068964,66.31717241379307,3.741241379310345,600.0,584.375,500.0,500.0,0.0,600.0,584.6975,0.5,600.0,2024-03-01
2024-03-01,Meat (camel),600.0,6.97,5.7,13.0,2.327935483870968,25.79329032258065,31.81593548387097,20.99567741935485,66.56761290322584,4.041161290322585,600.0,600.0,537.14,489.23,0.0,600.0,595.1741666666667,0.0,600.0,2024-04-01
2024-04-01,Meat (camel),600.0,6.73,5.0,13.0,8.986199999999998,23.79073333333333,28.397533333333328,20.36040000000001,78.19506666666669,3.6072,600.0,600.0,586.67,541.115,0.0,600.0,597.3958333333334,0.0,600.0,2024-05-01
2024-05-01,Meat (camel),600.0,6.49,5.1,13.0,4.229612903225806,23.623419354838685,28.854064516129032,19.470129032258058,74.99767741935482,4.029419354838709,600.0,600.0,584.375,525.0,0.0,600.0,600.0,0.0,600.0,2024-06-01
2024-06-01,Meat (camel),600.0,4.64,6.22,13.0,1.2621333333333329,22.826733333333344,28.75386666666668,17.97533333333332,68.3048,4.3918,600.0,600.0,600.0,514.11,0.0,600.0,600.0,0.0,600.0,2024-07-01
2024-07-01,Meat (camel),600.0,5.97,4.31,13.0,1.594709677419355,22.666129032258063,28.35070967741936,18.120193548387093,68.32929032258063,4.065354838709677,600.0,600.0,600.0,490.0,0.0,600.0,600.0,0.0,606.385,2024-08-01
2024-08-01,Meat (camel),606.385,5.77,4.36,12.75,0.9360000000000004,23.02948387096774,29.357999999999997,18.00567741935484,65.19645161290319,4.680645161290326,600.0,600.0,600.0,500.0,6.384999999999991,602.1283333333333,601.0641666666667,-0.25,550.0,2024-09-01
2024-09-01,Meat (camel),550.0,5.5,3.56,12.75,0.904266666666667,24.14846666666667,31.002266666666657,18.607,61.10273333333333,4.912733333333333,606.385,600.0,600.0,537.14,-56.38499999999999,585.4616666666667,592.7308333333334,0.0,600.0,2024-10-01
2024-10-01,Meat (camel),600.0,5.14,2.72,12.0,0.8206451612903226,25.090645161290325,31.86322580645161,19.57612903225806,60.61277419354836,4.586064516129031,550.0,600.0,600.0,586.67,50.0,585.4616666666667,592.7308333333334,-0.75,600.0,2024-11-01
2024-11-01,Meat (camel),600.0,4.81,2.75,12.0,5.397466666666665,24.418533333333343,29.939933333333343,20.20926666666666,70.95033333333329,3.6839333333333326,600.0,606.385,600.0,584.375,0.0,583.3333333333334,592.7308333333334,0.0,600.0,2024-12-01
2024-12-01,Meat (camel),600.0,4.5,2.99,11.25,1.8755483870967744,24.34948387096775,30.476387096774182,19.31638709677419,66.94780645161289,3.624516129032257,600.0,550.0,600.0,600.0,0.0,600.0,592.7308333333334,-0.75,600.0,2025-01-01
2025-01-01,Meat (camel),600.0,4.21,3.28,11.25,0.7796774193548389,25.158451612903228,32.159225806451616,19.218838709677406,57.03458064516127,3.969612903225807,600.0,600.0,600.0,600.0,0.0,600.0,592.7308333333334,0.0,600.0,2025-02-01
2025-02-01,Meat (camel),600.0,3.98,3.45,10.75,0.1199999999999999,25.695428571428565,33.249857142857124,19.149,54.62171428571431,4.577000000000001,600.0,600.0,606.385,600.0,0.0,600.0,591.6666666666666,-0.5,600.0,2025-03-01
2025-03-01,Meat (camel),600.0,3.81,3.62,10.75,2.4451612903225803,25.729548387096774,31.886129032258072,20.82825806451615,63.927096774193565,3.830387096774193,600.0,600.0,550.0,600.0,0.0,600.0,600.0,0.0,600.0,2025-04-01
2025-04-01,Meat (camel),600.0,3.74,4.11,10.0,5.220666666666667,24.250733333333333,29.64446666666668,20.16893333333333,73.82386666666672,3.7092000000000014,600.0,600.0,600.0,600.0,0.0,600.0,600.0,-0.75,600.0,2025-05-01
2025-05-01,Meat (camel),600.0,3.63,3.75,10.0,4.08264516129032,23.566774193548387,28.9805806451613,19.4305806451613,73.60451612903228,4.216258064516128,600.0,600.0,600.0,600.0,0.0,600.0,600.0,0.0,600.0,2025-06-01
2025-06-01,Meat (camel),600.0,3.56,3.82,9.75,2.105666666666667,22.760866666666672,28.411133333333336,18.32386666666668,70.13126666666663,4.3168,600.0,600.0,600.0,600.0,0.0,600.0,600.0,-0.25,600.0,2025-07-01
2025-07-01,Meat (camel),600.0,3.55,4.15,9.75,1.677806451612903,22.34941935483871,28.219612903225794,17.61896774193549,67.3152903225806,4.499483870967742,600.0,600.0,600.0,600.0,0.0,600.0,600.0,0.0,600.0,2025-08-01
2025-08-01,Meat (camel),600.0,3.56,4.53,9.5,4.021999999999999,22.03522580645161,27.794451612903234,17.444258064516138,68.66664516129035,4.260129032258064,600.0,600.0,600.0,606.385,0.0,600.0,600.0,-0.25,600.0,2025-09-01
2025-09-01,Meat (camel),600.0,3.65,4.58,9.5,0.9335333333333332,23.50606666666667,30.20480000000001,17.999266666666667,62.95826666666672,4.427266666666666,600.0,600.0,600.0,550.0,0.0,600.0,600.0,0.0,608.14,2025-10-01
2025-10-01,Meat (camel),608.14,3.8,4.56,9.25,2.074903225806452,24.370193548387096,30.639741935483865,19.28787096774194,62.97761290322581,4.31516129032258,600.0,600.0,600.0,600.0,8.139999999999986,602.7133333333333,601.3566666666667,-0.25,600.0,2025-11-01
2025-11-01,Meat (camel),600.0,3.94,4.46,9.25,1.0433333333333334,24.573666666666664,30.835266666666666,19.537066666666654,65.35886666666669,4.259733333333332,608.14,600.0,600.0,600.0,-8.139999999999986,602.7133333333333,601.3566666666667,0.0,750.0,2025-12-01
2025-12-01,Meat (camel),750.0,4.07,4.49,9.0,1.8190322580645149,25.00529032258064,31.20554838709679,19.921161290322583,63.28716129032258,3.802903225806451,600.0,600.0,600.0,600.0,150.0,652.7133333333333,626.3566666666667,-0.25,743.52,2026-01-01
2026-01-01,Meat (camel),743.52,4.16,4.4,9.0,1.145822580645162,24.324359375000025,30.912066028225794,18.84784173387096,62.25724697580647,3.792182963709665,750.0,608.14,600.0,600.0,-6.480000000000018,697.84,650.2766666666666,0.0,667.5,2026-02-01
2026-02-01,Meat (camel),667.5,4.23,4.25,8.75,0.8548126154556672,25.384638912407667,32.41319515855911,19.4430963092672,58.030784848368256,3.961852101293102,743.52,600.0,600.0,600.0,-76.01999999999998,720.34,661.5266666666666,-0.25,624.06,2026-03-01
2026-03-01,Meat (camel),624.06,4.29,4.39,8.75,2.038562357124712,25.623604267208552,32.159948691897334,20.32225654051306,61.7244211328422,4.11545948691897,667.5,750.0,600.0,600.0,-43.440000000000055,678.36,665.5366666666666,0.0,716.67,2026-04-01
2026-04-01,Meat (camel),716.67,4.42,5.59,8.75,5.932325000000009,24.13787371794871,29.4320878205128,20.085883333333346,73.47075320512826,3.949292948717952,624.06,743.52,608.14,600.0,92.61,669.41,683.625,0.0,615.0,2026-05-01
2026-05-01,Meat (camel),615.0,4.66,6.68,8.75,4.067935483870966,23.4403436950146,28.97188914956016,19.169278592375367,73.17871788856294,4.220569501466271,716.67,667.5,600.0,600.0,-101.66999999999996,651.91,686.125,0.0,650.0,2026-06-01
2026-06-01,Meat (camel),650.0,4.88,6.41,8.75,1.601358260869567,22.64871652173913,28.488699130434828,18.015693913043457,69.15025217391297,4.422414492753631,615.0,624.06,750.0,600.0,35.0,660.5566666666667,669.4583333333334,0.0,600.0,2026-07-01
2026-07-01,Meat (camel),600.0,5.08,6.49,9.784965034965037,1.390702052785923,22.23961524926686,28.102879765395908,17.588340175953082,67.44304222873895,4.551488563049847,650.0,716.67,743.52,600.0,-50.0,621.6666666666666,645.5383333333333,1.034965034965035,604.165,2026-08-01
2021-01-01,Meat (goat),510.0,5.74,5.69,7.0,0.7919354838709679,23.90754838709677,30.62400000000001,18.40103225806452,63.9471612903226,3.8561290322580617,533.17,,,,-23.16999999999996,521.585,521.585,,497.5,2021-02-01
2021-02-01,Meat (goat),497.5,5.16,5.78,7.0,1.0442857142857147,24.79950000000001,31.69057142857141,19.06357142857143,59.52299999999998,3.674142857142858,510.0,,,,-12.5,513.5566666666667,513.5566666666667,0.0,500.0,2021-03-01
2021-03-01,Meat (goat),500.0,5.17,5.9,7.0,1.7911612903225802,25.173806451612897,31.998322580645176,19.61935483870968,59.83787096774194,4.444709677419353,497.5,533.17,,,2.5,502.5,510.1675,0.0,523.33,2021-04-01
2021-04-01,Meat (goat),523.33,4.66,5.76,7.0,2.957933333333333,24.55046666666667,30.21866666666668,20.13686666666666,69.45406666666668,4.395666666666665,500.0,510.0,,,23.33000000000004,506.9433333333333,512.8,0.0,500.0,2021-05-01
2021-05-01,Meat (goat),500.0,5.2,5.87,7.0,4.084645161290321,23.198838709677418,28.791161290322574,18.890903225806447,71.30193548387098,4.230838709677419,523.33,497.5,,,-23.33000000000004,507.7766666666666,510.6666666666667,0.0,500.0,2021-06-01
2021-06-01,Meat (goat),500.0,5.35,6.32,7.0,0.9444,22.28393333333332,28.215866666666678,17.62313333333334,68.38119999999999,4.6206666666666685,500.0,500.0,533.17,,0.0,507.7766666666666,505.1383333333333,0.0,488.27,2021-07-01
2021-07-01,Meat (goat),488.27,5.53,6.55,7.0,1.0405161290322589,21.831161290322573,27.556000000000008,17.353354838709674,66.38948387096771,4.6970967741935485,500.0,523.33,510.0,,-11.730000000000018,496.09,501.51666666666665,0.0,487.5,2021-08-01
2021-08-01,Meat (goat),487.5,5.71,6.57,7.0,0.8192258064516129,22.778129032258075,29.13645161290323,17.586645161290317,62.746903225806456,4.781161290322578,488.27,500.0,497.5,,-0.7699999999999818,491.92333333333335,499.85,0.0,477.78,2021-09-01
2021-09-01,Meat (goat),477.78,5.35,6.91,7.0,0.8566000000000005,23.6962,30.353733333333302,18.39033333333334,61.80706666666668,5.1367999999999965,487.5,500.0,500.0,,-9.720000000000027,484.51666666666665,496.1466666666667,0.0,490.0,2021-10-01
2021-10-01,Meat (goat),490.0,6.07,6.45,7.0,0.9926451612903228,24.777870967741944,31.445612903225797,19.28006451612903,59.91716129032259,4.692838709677422,477.78,488.27,523.33,,12.220000000000027,485.0933333333333,490.5916666666667,0.0,480.0,2021-11-01
2021-11-01,Meat (goat),480.0,6.1,5.8,7.0,2.353666666666667,25.23273333333333,31.71406666666668,20.02933333333334,61.54279999999998,4.274666666666668,490.0,487.5,500.0,,-10.0,482.5933333333333,487.2583333333334,0.0,500.0,2021-12-01
2021-12-01,Meat (goat),500.0,5.62,5.73,7.0,3.16367741935484,23.442774193548384,29.09103225806451,19.034,72.45916129032256,4.153032258064515,480.0,477.78,500.0,533.17,20.0,490.0,487.2583333333334,0.0,495.33,2022-01-01
2022-01-01,Meat (goat),495.33,6.08,5.39,7.0,1.0556129032258066,23.976,30.78348387096775,18.405548387096765,61.97374193548387,3.780967741935484,500.0,490.0,488.27,510.0,-4.670000000000016,491.7766666666666,488.435,0.0,475.0,2022-02-01
2023-01-01,Meat (goat),600.0,7.95,8.98,8.75,0.4614193548387098,24.429354838709678,31.497419354838705,18.43832258064516,57.50322580645159,4.315354838709677,475.0,500.0,477.78,500.0,125.0,523.4433333333333,506.7216666666666,1.75,600.0,2023-02-01
2023-02-01,Meat (goat),600.0,8.3,9.23,8.75,0.2490714285714285,25.779071428571427,33.53999999999999,19.067071428571435,51.11364285714282,4.3248571428571445,600.0,495.33,490.0,523.33,0.0,558.3333333333334,525.055,0.0,550.0,2023-03-01
2023-03-01,Meat (goat),550.0,8.59,9.19,9.5,2.4013548387096764,25.384516129032253,31.94077419354838,20.057032258064517,60.971677419354855,4.06658064516129,600.0,475.0,480.0,500.0,-50.0,583.3333333333334,536.7216666666667,0.75,600.0,2023-04-01
2023-04-01,Meat (goat),600.0,8.71,7.9,9.5,7.197333333333333,23.745999999999984,29.0422,19.674599999999984,74.81580000000002,3.944533333333332,550.0,600.0,500.0,500.0,50.0,583.3333333333334,553.3883333333333,0.0,600.0,2023-05-01
2023-05-01,Meat (goat),600.0,8.78,8.03,9.5,4.442903225806452,23.30825806451613,29.11400000000001,18.91664516129032,73.83045161290323,4.281419354838708,600.0,600.0,495.33,488.27,0.0,583.3333333333334,570.8333333333334,0.0,550.26,2023-06-01
2023-06-01,Meat (goat),550.26,8.77,7.88,10.5,2.095133333333332,22.743266666666667,28.554933333333327,18.20666666666667,71.06640000000003,4.183399999999999,600.0,550.0,475.0,487.5,-49.74000000000001,583.42,583.3766666666667,1.0,600.0,2023-07-01
2023-07-01,Meat (goat),600.0,8.68,7.28,10.5,1.2007741935483869,22.377032258064503,28.50600000000001,17.540967741935482,68.09154838709676,4.793741935483872,550.26,600.0,600.0,477.78,49.74000000000001,583.42,583.3766666666667,0.0,600.0,2023-08-01
2023-08-01,Meat (goat),600.0,8.52,6.73,10.5,1.2456129032258063,22.88574193548387,29.28122580645161,17.85677419354839,66.17167741935486,5.026322580645161,600.0,600.0,600.0,490.0,0.0,583.42,583.3766666666667,0.0,589.7049999999999,2023-09-01
2023-09-01,Meat (goat),589.7049999999999,8.32,6.78,10.5,1.2512666666666667,24.303266666666666,30.885133333333325,19.023200000000013,63.47546666666668,4.6887333333333325,600.0,550.26,550.0,480.0,-10.295000000000073,596.5683333333333,589.9941666666667,0.0,639.13,2023-10-01
2023-10-01,Meat (goat),639.13,8.1,6.92,10.5,2.628645161290323,24.625612903225804,31.094258064516087,19.54954838709677,65.34103225806454,4.684000000000001,589.7049999999999,600.0,600.0,500.0,49.42500000000007,609.6116666666667,596.5158333333334,0.0,700.0,2023-11-01
2023-11-01,Meat (goat),700.0,7.87,6.8,10.5,9.33346666666667,23.02306666666667,27.941599999999973,19.267866666666663,78.72493333333331,3.671533333333332,639.13,600.0,600.0,495.33,60.870000000000005,642.945,613.1825,0.0,700.0,2023-12-01
2023-12-01,Meat (goat),700.0,7.67,6.63,12.5,1.8227741935483872,23.924580645161296,29.33877419354839,19.554838709677423,73.56464516129034,3.545483870967744,700.0,589.7049999999999,550.26,475.0,0.0,679.71,638.1391666666667,2.0,687.5,2024-01-01
2024-01-01,Meat (goat),687.5,7.5,6.85,12.5,2.3723225806451618,24.25774193548387,29.788000000000004,19.716064516129023,69.22432258064514,3.1272903225806448,700.0,639.13,600.0,600.0,-12.5,695.8333333333334,652.7225,0.0,700.0,2024-02-01
2024-02-01,Meat (goat),700.0,7.26,6.31,13.0,2.0566896551724128,25.350689655172413,31.520551724137945,20.212275862068964,66.31717241379307,3.741241379310345,687.5,700.0,600.0,600.0,12.5,695.8333333333334,669.3891666666667,0.5,700.0,2024-03-01
2024-03-01,Meat (goat),700.0,6.97,5.7,13.0,2.327935483870968,25.79329032258065,31.81593548387097,20.99567741935485,66.56761290322584,4.041161290322585,700.0,700.0,589.7049999999999,550.0,0.0,695.8333333333334,687.7716666666666,0.0,700.0,2024-04-01
2024-04-01,Meat (goat),700.0,6.73,5.0,13.0,8.986199999999998,23.79073333333333,28.397533333333328,20.36040000000001,78.19506666666669,3.6072,700.0,687.5,639.13,600.0,0.0,700.0,697.9166666666666,0.0,700.0,2024-05-01
2024-05-01,Meat (goat),700.0,6.49,5.1,13.0,4.229612903225806,23.623419354838685,28.854064516129032,19.470129032258058,74.99767741935482,4.029419354838709,700.0,700.0,700.0,600.0,0.0,700.0,697.9166666666666,0.0,700.0,2024-06-01
2024-06-01,Meat (goat),700.0,4.64,6.22,13.0,1.2621333333333329,22.826733333333344,28.75386666666668,17.97533333333332,68.3048,4.3918,700.0,700.0,700.0,550.26,0.0,700.0,697.9166666666666,0.0,700.0,2024-07-01
2024-07-01,Meat (goat),700.0,5.97,4.31,13.0,1.594709677419355,22.666129032258063,28.35070967741936,18.120193548387093,68.32929032258063,4.065354838709677,700.0,700.0,687.5,600.0,0.0,700.0,700.0,0.0,698.385,2024-08-01
2024-08-01,Meat (goat),698.385,5.77,4.36,12.75,0.9360000000000004,23.02948387096774,29.357999999999997,18.00567741935484,65.19645161290319,4.680645161290326,700.0,700.0,700.0,600.0,-1.615000000000009,699.4616666666667,699.7308333333334,-0.25,700.0,2024-09-01
2024-09-01,Meat (goat),700.0,5.5,3.56,12.75,0.904266666666667,24.14846666666667,31.002266666666657,18.607,61.10273333333333,4.912733333333333,698.385,700.0,700.0,589.7049999999999,1.615000000000009,699.4616666666667,699.7308333333334,0.0,700.0,2024-10-01
2024-10-01,Meat (goat),700.0,5.14,2.72,12.0,0.8206451612903226,25.090645161290325,31.86322580645161,19.57612903225806,60.61277419354836,4.586064516129031,700.0,700.0,700.0,639.13,0.0,699.4616666666667,699.7308333333334,-0.75,700.0,2024-11-01
2024-11-01,Meat (goat),700.0,4.81,2.75,12.0,5.397466666666665,24.418533333333343,29.939933333333343,20.20926666666666,70.95033333333329,3.6839333333333326,700.0,698.385,700.0,700.0,0.0,700.0,699.7308333333334,0.0,700.0,2024-12-01
2024-12-01,Meat (goat),700.0,4.5,2.99,11.25,1.8755483870967744,24.34948387096775,30.476387096774182,19.31638709677419,66.94780645161289,3.624516129032257,700.0,700.0,700.0,700.0,0.0,700.0,699.7308333333334,-0.75,687.5,2025-01-01
2025-01-01,Meat (goat),687.5,4.21,3.28,11.25,0.7796774193548389,25.158451612903228,32.159225806451616,19.218838709677406,57.03458064516127,3.969612903225807,700.0,700.0,700.0,687.5,-12.5,695.8333333333334,697.6475,0.0,700.0,2025-02-01
2025-02-01,Meat (goat),700.0,3.98,3.45,10.75,0.1199999999999999,25.695428571428565,33.249857142857124,19.149,54.62171428571431,4.577000000000001,687.5,700.0,698.385,700.0,12.5,695.8333333333334,697.9166666666666,-0.5,700.0,2025-03-01
2025-03-01,Meat (goat),700.0,3.81,3.62,10.75,2.4451612903225803,25.729548387096774,31.886129032258072,20.82825806451615,63.927096774193565,3.830387096774193,700.0,700.0,700.0,700.0,0.0,695.8333333333334,697.9166666666666,0.0,716.67,2025-04-01
2025-04-01,Meat (goat),716.67,3.74,4.11,10.0,5.220666666666667,24.250733333333333,29.64446666666668,20.16893333333333,73.82386666666672,3.7092000000000014,700.0,687.5,700.0,700.0,16.66999999999996,705.5566666666667,700.695,-0.75,700.0,2025-05-01
2025-05-01,Meat (goat),700.0,3.63,3.75,10.0,4.08264516129032,23.566774193548387,28.9805806451613,19.4305806451613,73.60451612903228,4.216258064516128,716.67,700.0,700.0,700.0,-16.66999999999996,705.5566666666667,700.695,0.0,700.0,2025-06-01
2025-06-01,Meat (goat),700.0,3.56,3.82,9.75,2.105666666666667,22.760866666666672,28.411133333333336,18.32386666666668,70.13126666666663,4.3168,700.0,700.0,700.0,700.0,0.0,705.5566666666667,700.695,-0.25,745.835,2025-07-01
2025-07-01,Meat (goat),745.835,3.55,4.15,9.75,1.677806451612903,22.34941935483871,28.219612903225794,17.61896774193549,67.3152903225806,4.499483870967742,700.0,716.67,687.5,700.0,45.83500000000004,715.2783333333333,710.4175,0.0,600.0,2025-08-01
2025-08-01,Meat (goat),600.0,3.56,4.53,9.5,4.021999999999999,22.03522580645161,27.794451612903234,17.444258064516138,68.66664516129035,4.260129032258064,745.835,700.0,700.0,698.385,-145.83500000000004,681.945,693.7508333333334,-0.25,737.5,2025-09-01
2025-09-01,Meat (goat),737.5,3.65,4.58,9.5,0.9335333333333332,23.50606666666667,30.20480000000001,17.999266666666667,62.95826666666672,4.427266666666666,600.0,700.0,700.0,700.0,137.5,694.445,700.0008333333334,0.0,666.67,2025-10-01
2025-10-01,Meat (goat),666.67,3.8,4.56,9.25,2.074903225806452,24.370193548387096,30.639741935483865,19.28787096774194,62.97761290322581,4.31516129032258,737.5,745.835,716.67,700.0,-70.83000000000004,668.0566666666667,691.6675,-0.25,688.89,2025-11-01
2025-11-01,Meat (goat),688.89,3.94,4.46,9.25,1.0433333333333334,24.573666666666664,30.835266666666666,19.537066666666654,65.35886666666669,4.259733333333332,666.67,600.0,700.0,700.0,22.220000000000027,697.6866666666666,689.8158333333334,0.0,850.0,2025-12-01
2025-12-01,Meat (goat),850.0,4.07,4.49,9.0,1.8190322580645149,25.00529032258064,31.20554838709679,19.921161290322583,63.28716129032258,3.802903225806451,688.89,737.5,700.0,700.0,161.11,735.1866666666666,714.8158333333334,-0.25,820.7850000000001,2026-01-01
2026-01-01,Meat (goat),820.7850000000001,4.16,4.4,9.0,1.145822580645162,24.324359375000025,30.912066028225794,18.84784173387096,62.25724697580647,3.792182963709665,850.0,666.67,745.835,687.5,-29.21499999999992,786.5583333333334,727.3075,0.0,793.52,2026-02-01
2026-02-01,Meat (goat),793.52,4.23,4.25,8.75,0.8548126154556672,25.384638912407667,32.41319515855911,19.4430963092672,58.030784848368256,3.961852101293102,820.7850000000001,688.89,600.0,700.0,-27.2650000000001,821.4350000000001,759.5608333333333,-0.25,700.0,2026-03-01
2026-03-01,Meat (goat),700.0,4.29,4.39,8.75,2.038562357124712,25.623604267208552,32.159948691897334,20.32225654051306,61.7244211328422,4.11545948691897,793.52,850.0,737.5,700.0,-93.51999999999998,771.4350000000001,753.3108333333333,0.0,700.0,2026-04-01
2026-04-01,Meat (goat),700.0,4.42,5.59,8.75,5.932325000000009,24.13787371794871,29.4320878205128,20.085883333333346,73.47075320512826,3.949292948717952,700.0,820.7850000000001,666.67,716.67,0.0,731.1733333333333,758.8658333333333,0.0,800.0,2026-05-01
2026-05-01,Meat (goat),800.0,4.66,6.68,8.75,4.067935483870966,23.4403436950146,28.97188914956016,19.169278592375367,73.17871788856294,4.220569501466271,700.0,793.52,688.89,700.0,100.0,733.3333333333334,777.3841666666667,0.0,812.5,2026-06-01
2026-06-01,Meat (goat),812.5,4.88,6.41,8.75,1.601358260869567,22.64871652173913,28.488699130434828,18.015693913043457,69.15025217391297,4.422414492753631,800.0,700.0,850.0,700.0,12.5,770.8333333333334,771.1341666666667,0.0,800.0,2026-07-01
2026-07-01,Meat (goat),800.0,5.08,6.49,9.784965034965037,1.390702052785923,22.23961524926686,28.102879765395908,17.588340175953082,67.44304222873895,4.551488563049847,812.5,700.0,820.7850000000001,745.835,-12.5,804.1666666666666,767.6700000000001,1.034965034965035,800.0,2026-08-01
2021-01-01,Milk (UHT),50.0,5.74,5.69,7.0,0.7919354838709679,23.90754838709677,30.62400000000001,18.40103225806452,63.9471612903226,3.8561290322580617,,,,,,50.0,50.0,,62.29,2021-02-01
2021-02-01,Milk (UHT),62.29,5.16,5.78,7.0,1.0442857142857147,24.79950000000001,31.69057142857141,19.06357142857143,59.52299999999998,3.674142857142858,50.0,,,,12.29,56.145,56.145,0.0,53.125,2021-03-01
2021-03-01,Milk (UHT),53.125,5.17,5.9,7.0,1.7911612903225802,25.173806451612897,31.998322580645176,19.61935483870968,59.83787096774194,4.444709677419353,62.29,,,,-9.165,55.13833333333333,55.13833333333333,0.0,59.62,2021-04-01
2021-04-01,Milk (UHT),59.62,4.66,5.76,7.0,2.957933333333333,24.55046666666667,30.21866666666668,20.13686666666666,69.45406666666668,4.395666666666665,53.125,50.0,,,6.494999999999997,58.345,56.25875,0.0,66.175,2021-05-01
2021-05-01,Milk (UHT),66.175,5.2,5.87,7.0,4.084645161290321,23.198838709677418,28.791161290322574,18.890903225806447,71.30193548387098,4.230838709677419,59.62,62.29,,,6.555,59.64000000000001,58.242,0.0,59.205,2021-06-01
2021-06-01,Milk (UHT),59.205,5.35,6.32,7.0,0.9444,22.28393333333332,28.215866666666678,17.62313333333334,68.38119999999999,4.6206666666666685,66.175,53.125,,,-6.969999999999999,61.66666666666666,58.4025,0.0,52.5,2021-07-01
2021-07-01,Milk (UHT),52.5,5.53,6.55,7.0,1.0405161290322589,21.831161290322573,27.556000000000008,17.353354838709674,66.38948387096771,4.6970967741935485,59.205,59.62,50.0,,-6.704999999999998,59.29333333333333,58.81916666666666,0.0,51.46,2021-08-01
2021-08-01,Milk (UHT),51.46,5.71,6.57,7.0,0.8192258064516129,22.778129032258075,29.13645161290323,17.586645161290317,62.746903225806456,4.781161290322578,52.5,66.175,62.29,,-1.0399999999999991,54.38833333333333,57.01416666666666,0.0,51.67,2021-09-01
2021-09-01,Milk (UHT),51.67,5.35,6.91,7.0,0.8566000000000005,23.6962,30.353733333333302,18.39033333333334,61.80706666666668,5.1367999999999965,51.46,59.205,53.125,,0.2100000000000008,51.876666666666665,56.77166666666667,0.0,53.33,2021-10-01
2021-10-01,Milk (UHT),53.33,6.07,6.45,7.0,0.9926451612903228,24.777870967741944,31.445612903225797,19.28006451612903,59.91716129032259,4.692838709677422,51.67,52.5,59.62,,1.6599999999999966,52.15333333333333,55.72333333333333,0.0,55.0,2021-11-01
2021-11-01,Milk (UHT),55.0,6.1,5.8,7.0,2.353666666666667,25.23273333333333,31.71406666666668,20.02933333333334,61.54279999999998,4.274666666666668,53.33,51.46,66.175,,1.6700000000000017,53.333333333333336,53.860833333333325,0.0,60.0,2021-12-01
2021-12-01,Milk (UHT),60.0,5.62,5.73,7.0,3.16367741935484,23.442774193548384,29.09103225806451,19.034,72.45916129032256,4.153032258064515,55.0,51.67,59.205,,5.0,56.10999999999999,53.99333333333333,0.0,60.0,2022-01-01
2022-01-01,Milk (UHT),60.0,6.08,5.39,7.0,1.0556129032258066,23.976,30.78348387096775,18.405548387096765,61.97374193548387,3.780967741935484,60.0,53.33,52.5,50.0,0.0,58.333333333333336,55.24333333333333,0.0,63.33,2022-02-01
2022-02-01,Milk (UHT),63.33,6.23,5.08,7.0,0.751928571428572,25.41328571428572,32.26628571428571,19.74971428571427,57.56485714285712,3.527714285714285,60.0,55.0,51.46,62.29,3.3299999999999983,61.10999999999999,57.22166666666666,0.0,63.33,2022-03-01
2023-01-01,Milk (UHT),80.0,7.95,8.98,8.75,0.4614193548387098,24.429354838709678,31.497419354838705,18.43832258064516,57.50322580645159,4.315354838709677,63.33,60.0,53.33,59.62,16.67,68.88666666666667,63.60999999999999,1.75,80.28,2023-02-01
2023-02-01,Milk (UHT),80.28,8.3,9.23,8.75,0.2490714285714285,25.779071428571427,33.53999999999999,19.067071428571435,51.11364285714282,4.3248571428571445,80.0,63.33,55.0,66.175,0.2800000000000011,74.53666666666666,67.82333333333332,0.0,80.0,2023-03-01
2023-03-01,Milk (UHT),80.0,8.59,9.19,9.5,2.4013548387096764,25.384516129032253,31.94077419354838,20.057032258064517,60.971677419354855,4.06658064516129,80.28,63.33,60.0,59.205,-0.2800000000000011,80.09333333333333,71.15666666666665,0.75,100.0,2023-04-01
2023-04-01,Milk (UHT),100.0,8.71,7.9,9.5,7.197333333333333,23.745999999999984,29.0422,19.674599999999984,74.81580000000002,3.944533333333332,80.0,80.0,60.0,52.5,20.0,86.75999999999999,77.82333333333334,0.0,80.0,2023-05-01
2023-05-01,Milk (UHT),80.0,8.78,8.03,9.5,4.442903225806452,23.30825806451613,29.11400000000001,18.91664516129032,73.83045161290323,4.281419354838708,100.0,80.28,63.33,51.46,-20.0,86.66666666666667,80.60166666666667,0.0,85.0,2023-06-01
2023-06-01,Milk (UHT),85.0,8.77,7.88,10.5,2.095133333333332,22.743266666666667,28.554933333333327,18.20666666666667,71.06640000000003,4.183399999999999,80.0,80.0,63.33,51.67,5.0,88.33333333333333,84.21333333333332,1.0,81.25,2023-07-01
2023-07-01,Milk (UHT),81.25,8.68,7.28,10.5,1.2007741935483869,22.377032258064503,28.50600000000001,17.540967741935482,68.09154838709676,4.793741935483872,85.0,100.0,80.0,53.33,-3.75,82.08333333333333,84.42166666666667,0.0,80.0,2023-08-01
2023-08-01,Milk (UHT),80.0,8.52,6.73,10.5,1.2456129032258063,22.88574193548387,29.28122580645161,17.85677419354839,66.17167741935486,5.026322580645161,81.25,80.0,80.28,55.0,-1.25,82.08333333333333,84.375,0.0,85.83500000000001,2023-09-01
2023-09-01,Milk (UHT),85.83500000000001,8.32,6.78,10.5,1.2512666666666667,24.303266666666666,30.885133333333325,19.023200000000013,63.47546666666668,4.6887333333333325,80.0,85.0,80.0,60.0,5.835000000000008,82.36166666666666,85.34750000000001,0.0,85.0,2023-10-01
2023-10-01,Milk (UHT),85.0,8.1,6.92,10.5,2.628645161290323,24.625612903225804,31.094258064516087,19.54954838709677,65.34103225806454,4.684000000000001,85.83500000000001,81.25,100.0,60.0,-0.835000000000008,83.61166666666666,82.84750000000001,0.0,86.11,2023-11-01
2023-11-01,Milk (UHT),86.11,7.87,6.8,10.5,9.33346666666667,23.02306666666667,27.941599999999973,19.267866666666663,78.72493333333331,3.671533333333332,85.0,80.0,80.0,63.33,1.1099999999999994,85.64833333333333,83.86583333333334,0.0,87.0,2023-12-01
2023-12-01,Milk (UHT),87.0,7.67,6.63,12.5,1.8227741935483872,23.924580645161296,29.33877419354839,19.554838709677423,73.56464516129034,3.545483870967744,86.11,85.83500000000001,85.0,63.33,0.8900000000000006,86.03666666666668,84.19916666666667,2.0,85.0,2024-01-01
2024-01-01,Milk (UHT),85.0,7.5,6.85,12.5,2.3723225806451618,24.25774193548387,29.788000000000004,19.716064516129023,69.22432258064514,3.1272903225806448,87.0,85.0,81.25,80.0,-2.0,86.03666666666668,84.82416666666667,0.0,80.0,2024-02-01
2024-02-01,Milk (UHT),80.0,7.26,6.31,13.0,2.0566896551724128,25.350689655172413,31.520551724137945,20.212275862068964,66.31717241379307,3.741241379310345,85.0,86.11,80.0,80.28,-5.0,84.0,84.82416666666667,0.5,85.0,2024-03-01
2024-03-01,Milk (UHT),85.0,6.97,5.7,13.0,2.327935483870968,25.79329032258065,31.81593548387097,20.99567741935485,66.56761290322584,4.041161290322585,80.0,87.0,85.83500000000001,80.0,5.0,83.33333333333333,84.685,0.0,88.33500000000001,2024-04-01
2024-04-01,Milk (UHT),88.33500000000001,6.73,5.0,13.0,8.986199999999998,23.79073333333333,28.397533333333328,20.36040000000001,78.19506666666669,3.6072,85.0,85.0,85.0,100.0,3.335000000000008,84.44500000000001,85.24083333333334,0.0,90.0,2024-05-01
2024-05-01,Milk (UHT),90.0,6.49,5.1,13.0,4.229612903225806,23.623419354838685,28.854064516129032,19.470129032258058,74.99767741935482,4.029419354838709,88.33500000000001,80.0,86.11,80.0,1.664999999999992,87.77833333333335,85.88916666666667,0.0,80.0,2024-06-01
2024-06-01,Milk (UHT),80.0,4.64,6.22,13.0,1.2621333333333329,22.826733333333344,28.75386666666668,17.97533333333332,68.3048,4.3918,90.0,85.0,87.0,85.0,-10.0,86.11166666666668,84.72250000000001,0.0,80.0,2024-07-01
2024-07-01,Milk (UHT),80.0,5.97,4.31,13.0,1.594709677419355,22.666129032258063,28.35070967741936,18.120193548387093,68.32929032258063,4.065354838709677,80.0,88.33500000000001,85.0,81.25,0.0,83.33333333333333,83.88916666666667,0.0,76.67,2024-08-01
2024-08-01,Milk (UHT),76.67,5.77,4.36,12.75,0.9360000000000004,23.02948387096774,29.357999999999997,18.00567741935484,65.19645161290319,4.680645161290326,80.0,90.0,80.0,80.0,-3.3299999999999983,78.89,83.33416666666668,-0.25,95.0,2024-09-01
2024-09-01,Milk (UHT),95.0,5.5,3.56,12.75,0.904266666666667,24.14846666666667,31.002266666666657,18.607,61.10273333333333,4.912733333333333,76.67,80.0,85.0,85.83500000000001,18.33,83.89,85.00083333333335,0.0,83.33500000000001,2024-10-01
2024-10-01,Milk (UHT),83.33500000000001,5.14,2.72,12.0,0.8206451612903226,25.090645161290325,31.86322580645161,19.57612903225806,60.61277419354836,4.586064516129031,95.0,80.0,88.33500000000001,85.0,-11.664999999999992,85.00166666666668,84.1675,-0.75,86.0,2024-11-01
2024-11-01,Milk (UHT),86.0,4.81,2.75,12.0,5.397466666666665,24.418533333333343,29.939933333333343,20.20926666666666,70.95033333333329,3.6839333333333326,83.33500000000001,76.67,90.0,86.11,2.664999999999992,88.11166666666668,83.50083333333333,0.0,80.0,2024-12-01
2024-12-01,Milk (UHT),80.0,4.5,2.99,11.25,1.8755483870967744,24.34948387096775,30.476387096774182,19.31638709677419,66.94780645161289,3.624516129032257,86.0,95.0,80.0,87.0,-6.0,83.11166666666666,83.50083333333333,-0.75,83.33,2025-01-01
2025-01-01,Milk (UHT),83.33,4.21,3.28,11.25,0.7796774193548389,25.158451612903228,32.159225806451616,19.218838709677406,57.03458064516127,3.969612903225807,80.0,83.33500000000001,80.0,85.0,3.3299999999999983,83.11,84.05583333333333,0.0,83.33,2025-02-01
2025-02-01,Milk (UHT),83.33,3.98,3.45,10.75,0.1199999999999999,25.695428571428565,33.249857142857124,19.149,54.62171428571431,4.577000000000001,83.33,86.0,76.67,80.0,0.0,82.21999999999998,85.16583333333334,-0.5,80.0,2025-03-01
2025-03-01,Milk (UHT),80.0,3.81,3.62,10.75,2.4451612903225803,25.729548387096774,31.886129032258072,20.82825806451615,63.927096774193565,3.830387096774193,83.33,80.0,95.0,85.0,-3.3299999999999983,82.22,82.66583333333334,0.0,83.33,2025-04-01
2025-04-01,Milk (UHT),83.33,3.74,4.11,10.0,5.220666666666667,24.250733333333333,29.64446666666668,20.16893333333333,73.82386666666672,3.7092000000000014,80.0,83.33,83.33500000000001,88.33500000000001,3.3299999999999983,82.21999999999998,82.66499999999999,-0.75,75.0,2025-05-01
2025-05-01,Milk (UHT),75.0,3.63,3.75,10.0,4.08264516129032,23.566774193548387,28.9805806451613,19.4305806451613,73.60451612903228,4.216258064516128,83.33,83.33,86.0,90.0,-8.329999999999998,79.44333333333333,80.83166666666666,0.0,80.0,2025-06-01
2025-06-01,Milk (UHT),80.0,3.56,3.82,9.75,2.105666666666667,22.760866666666672,28.411133333333336,18.32386666666668,70.13126666666663,4.3168,75.0,80.0,80.0,80.0,5.0,79.44333333333333,80.83166666666666,-0.25,80.0,2025-07-01
2025-07-01,Milk (UHT),80.0,3.55,4.15,9.75,1.677806451612903,22.34941935483871,28.219612903225794,17.61896774193549,67.3152903225806,4.499483870967742,80.0,83.33,83.33,80.0,0.0,78.33333333333333,80.27666666666666,0.0,100.0,2025-08-01
2025-08-01,Milk (UHT),100.0,3.56,4.53,9.5,4.021999999999999,22.03522580645161,27.794451612903234,17.444258064516138,68.66664516129035,4.260129032258064,80.0,75.0,83.33,76.67,20.0,86.66666666666667,83.05499999999999,-0.25,80.0,2025-09-01
2025-09-01,Milk (UHT),80.0,3.65,4.58,9.5,0.9335333333333332,23.50606666666667,30.20480000000001,17.999266666666667,62.95826666666672,4.427266666666666,100.0,80.0,80.0,95.0,-20.0,86.66666666666667,83.05499999999999,0.0,80.0,2025-10-01
2025-10-01,Milk (UHT),80.0,3.8,4.56,9.25,2.074903225806452,24.370193548387096,30.639741935483865,19.28787096774194,62.97761290322581,4.31516129032258,80.0,80.0,83.33,83.33500000000001,0.0,86.66666666666667,82.5,-0.25,80.0,2025-11-01
2026-03-01,Milk (UHT),75.83,4.29,4.39,8.75,2.038562357124712,25.623604267208552,32.159948691897334,20.32225654051306,61.7244211328422,4.11545948691897,50.87,80.0,80.0,83.33,24.96,68.89999999999999,77.78333333333333,-0.5,80.0,2026-04-01
2026-04-01,Milk (UHT),80.0,4.42,5.59,8.75,5.932325000000009,24.13787371794871,29.4320878205128,20.085883333333346,73.47075320512826,3.949292948717952,75.83,80.0,100.0,83.33,4.170000000000002,68.89999999999999,74.45,0.0,76.16,2026-05-01
2026-05-01,Milk (UHT),76.16,4.66,6.68,8.75,4.067935483870966,23.4403436950146,28.97188914956016,19.169278592375367,73.17871788856294,4.220569501466271,80.0,50.87,80.0,80.0,-3.8400000000000034,77.33,73.81,0.0,82.5,2026-06-01
2026-06-01,Milk (UHT),82.5,4.88,6.41,8.75,1.601358260869567,22.64871652173913,28.488699130434828,18.015693913043457,69.15025217391297,4.422414492753631,76.16,75.83,80.0,83.33,6.340000000000003,79.55333333333333,74.22666666666667,0.0,80.0,2026-07-01
2026-07-01,Milk (UHT),80.0,5.08,6.49,9.784965034965037,1.390702052785923,22.23961524926686,28.102879765395908,17.588340175953082,67.44304222873895,4.551488563049847,82.5,80.0,80.0,75.0,-2.5,79.55333333333333,74.22666666666667,1.034965034965035,80.0,2026-08-01
2021-01-01,"Milk (camel, fresh)",100.0,5.74,5.69,7.0,0.7919354838709679,23.90754838709677,30.62400000000001,18.40103225806452,63.9471612903226,3.8561290322580617,,,,,,100.0,100.0,,100.0,2021-02-01
2021-02-01,"Milk (camel, fresh)",100.0,5.16,5.78,7.0,1.0442857142857147,24.79950000000001,31.69057142857141,19.06357142857143,59.52299999999998,3.674142857142858,100.0,,,,0.0,100.0,100.0,0.0,65.0,2021-03-01
2021-03-01,"Milk (camel, fresh)",65.0,5.17,5.9,7.0,1.7911612903225802,25.173806451612897,31.998322580645176,19.61935483870968,59.83787096774194,4.444709677419353,100.0,,,,-35.0,88.33333333333333,88.33333333333333,0.0,80.0,2021-04-01
2021-04-01,"Milk (camel, fresh)",80.0,4.66,5.76,7.0,2.957933333333333,24.55046666666667,30.21866666666668,20.13686666666666,69.45406666666668,4.395666666666665,65.0,100.0,,,15.0,81.66666666666667,86.25,0.0,65.0,2021-05-01
2021-05-01,"Milk (camel, fresh)",65.0,5.2,5.87,7.0,4.084645161290321,23.198838709677418,28.791161290322574,18.890903225806447,71.30193548387098,4.230838709677419,80.0,100.0,,,-15.0,70.0,82.0,0.0,82.5,2021-06-01
2021-06-01,"Milk (camel, fresh)",82.5,5.35,6.32,7.0,0.9444,22.28393333333332,28.215866666666678,17.62313333333334,68.38119999999999,4.6206666666666685,65.0,65.0,,,17.5,75.83333333333333,82.08333333333333,0.0,70.0,2021-07-01
2021-07-01,"Milk (camel, fresh)",70.0,5.53,6.55,7.0,1.0405161290322589,21.831161290322573,27.556000000000008,17.353354838709674,66.38948387096771,4.6970967741935485,82.5,80.0,100.0,,-12.5,72.5,77.08333333333333,0.0,80.0,2021-08-01
2021-08-01,"Milk (camel, fresh)",80.0,5.71,6.57,7.0,0.8192258064516129,22.778129032258075,29.13645161290323,17.586645161290317,62.746903225806456,4.781161290322578,70.0,65.0,100.0,,10.0,77.5,73.75,0.0,62.5,2021-09-01
2021-09-01,"Milk (camel, fresh)",62.5,5.35,6.91,7.0,0.8566000000000005,23.6962,30.353733333333302,18.39033333333334,61.80706666666668,5.1367999999999965,80.0,82.5,65.0,,-17.5,70.83333333333333,73.33333333333333,0.0,65.0,2021-10-01
2021-10-01,"Milk (camel, fresh)",65.0,6.07,6.45,7.0,0.9926451612903228,24.777870967741944,31.445612903225797,19.28006451612903,59.91716129032259,4.692838709677422,62.5,70.0,80.0,,2.5,69.16666666666667,70.83333333333333,0.0,110.0,2021-11-01
2021-11-01,"Milk (camel, fresh)",110.0,6.1,5.8,7.0,2.353666666666667,25.23273333333333,31.71406666666668,20.02933333333334,61.54279999999998,4.274666666666668,65.0,80.0,65.0,,45.0,79.16666666666667,78.33333333333333,0.0,65.0,2021-12-01
2021-12-01,"Milk (camel, fresh)",65.0,5.62,5.73,7.0,3.16367741935484,23.442774193548384,29.09103225806451,19.034,72.45916129032256,4.153032258064515,110.0,62.5,82.5,,-45.0,80.0,75.41666666666667,0.0,92.5,2022-01-01
2022-01-01,"Milk (camel, fresh)",92.5,6.08,5.39,7.0,1.0556129032258066,23.976,30.78348387096775,18.405548387096765,61.97374193548387,3.780967741935484,65.0,65.0,70.0,100.0,27.5,89.16666666666667,79.16666666666667,0.0,100.0,2022-02-01
2022-02-01,"Milk (camel, fresh)",100.0,6.23,5.08,7.0,0.751928571428572,25.41328571428572,32.26628571428571,19.74971428571427,57.56485714285712,3.527714285714285,92.5,110.0,80.0,100.0,7.5,85.83333333333333,82.5,0.0,120.0,2022-03-01
2023-01-01,"Milk (camel, fresh)",210.0,7.95,8.98,8.75,0.4614193548387098,24.429354838709678,31.497419354838705,18.43832258064516,57.50322580645159,4.315354838709677,120.0,92.5,65.0,80.0,90.0,143.33333333333334,116.25,1.75,200.0,2023-02-01
2023-02-01,"Milk (camel, fresh)",200.0,8.3,9.23,8.75,0.2490714285714285,25.779071428571427,33.53999999999999,19.067071428571435,51.11364285714282,4.3248571428571445,210.0,100.0,110.0,65.0,-10.0,176.66666666666666,131.25,0.0,200.53,2023-03-01
2023-03-01,"Milk (camel, fresh)",200.53,8.59,9.19,9.5,2.4013548387096764,25.384516129032253,31.94077419354838,20.057032258064517,60.971677419354855,4.06658064516129,200.0,120.0,65.0,82.5,0.5300000000000011,203.51,153.83833333333334,0.75,222.22,2023-04-01
2023-04-01,"Milk (camel, fresh)",222.22,8.71,7.9,9.5,7.197333333333333,23.745999999999984,29.0422,19.674599999999984,74.81580000000002,3.944533333333332,200.53,210.0,92.5,70.0,21.69,207.58333333333331,175.45833333333334,0.0,200.0,2023-05-01
2023-07-01,"Milk (camel, fresh)",200.0,8.68,7.28,10.5,1.2007741935483869,22.377032258064503,28.50600000000001,17.540967741935482,68.09154838709676,4.793741935483872,200.0,200.53,120.0,62.5,0.0,207.40666666666667,205.45833333333331,1.0,200.0,2023-08-01
2023-08-01,"Milk (camel, fresh)",200.0,8.52,6.73,10.5,1.2456129032258063,22.88574193548387,29.28122580645161,17.85677419354839,66.17167741935486,5.026322580645161,200.0,222.22,210.0,65.0,0.0,200.0,203.79166666666663,0.0,200.0,2023-09-01
2023-09-01,"Milk (camel, fresh)",200.0,8.32,6.78,10.5,1.2512666666666667,24.303266666666666,30.885133333333325,19.023200000000013,63.47546666666668,4.6887333333333325,200.0,200.0,200.0,110.0,0.0,200.0,203.79166666666663,0.0,200.0,2023-10-01
2023-10-01,"Milk (camel, fresh)",200.0,8.1,6.92,10.5,2.628645161290323,24.625612903225804,31.094258064516087,19.54954838709677,65.34103225806454,4.684000000000001,200.0,200.0,200.53,65.0,0.0,200.0,203.70333333333332,0.0,200.0,2023-11-01
2023-11-01,"Milk (camel, fresh)",200.0,7.87,6.8,10.5,9.33346666666667,23.02306666666667,27.941599999999973,19.267866666666663,78.72493333333331,3.671533333333332,200.0,200.0,222.22,92.5,0.0,200.0,200.0,0.0,200.0,2023-12-01
2023-12-01,"Milk (camel, fresh)",200.0,7.67,6.63,12.5,1.8227741935483872,23.924580645161296,29.33877419354839,19.554838709677423,73.56464516129034,3.545483870967744,200.0,200.0,200.0,100.0,0.0,200.0,200.0,2.0,200.0,2024-01-01
2024-03-01,"Milk (camel, fresh)",200.0,6.97,5.7,13.0,2.327935483870968,25.79329032258065,31.81593548387097,20.99567741935485,66.56761290322584,4.041161290322585,200.0,200.0,200.0,210.0,0.0,200.0,200.0,0.5,200.0,2024-04-01
2024-04-01,"Milk (camel, fresh)",200.0,6.73,5.0,13.0,8.986199999999998,23.79073333333333,28.397533333333328,20.36040000000001,78.19506666666669,3.6072,200.0,200.0,200.0,200.0,0.0,200.0,200.0,0.0,200.0,2024-05-01
2024-05-01,"Milk (camel, fresh)",200.0,6.49,5.1,13.0,4.229612903225806,23.623419354838685,28.854064516129032,19.470129032258058,74.99767741935482,4.029419354838709,200.0,200.0,200.0,200.53,0.0,200.0,200.0,0.0,200.0,2024-06-01
2024-06-01,"Milk (camel, fresh)",200.0,4.64,6.22,13.0,1.2621333333333329,22.826733333333344,28.75386666666668,17.97533333333332,68.3048,4.3918,200.0,200.0,200.0,222.22,0.0,200.0,200.0,0.0,185.0,2024-07-01
2024-07-01,"Milk (camel, fresh)",185.0,5.97,4.31,13.0,1.594709677419355,22.666129032258063,28.35070967741936,18.120193548387093,68.32929032258063,4.065354838709677,200.0,200.0,200.0,200.0,-15.0,195.0,197.5,0.0,193.55,2024-08-01
2024-08-01,"Milk (camel, fresh)",193.55,5.77,4.36,12.75,0.9360000000000004,23.02948387096774,29.357999999999997,18.00567741935484,65.19645161290319,4.680645161290326,185.0,200.0,200.0,200.0,8.550000000000011,192.85,196.425,-0.25,200.0,2024-09-01
2024-09-01,"Milk (camel, fresh)",200.0,5.5,3.56,12.75,0.904266666666667,24.14846666666667,31.002266666666657,18.607,61.10273333333333,4.912733333333333,193.55,200.0,200.0,200.0,6.449999999999989,192.85,196.425,0.0,200.0,2024-10-01
2024-10-01,"Milk (camel, fresh)",200.0,5.14,2.72,12.0,0.8206451612903226,25.090645161290325,31.86322580645161,19.57612903225806,60.61277419354836,4.586064516129031,200.0,185.0,200.0,200.0,0.0,197.85,196.425,-0.75,240.0,2024-11-01
2024-11-01,"Milk (camel, fresh)",240.0,4.81,2.75,12.0,5.397466666666665,24.418533333333343,29.939933333333343,20.20926666666666,70.95033333333329,3.6839333333333326,200.0,193.55,200.0,200.0,40.0,213.33333333333331,203.09166666666667,0.0,200.0,2024-12-01
2024-12-01,"Milk (camel, fresh)",200.0,4.5,2.99,11.25,1.8755483870967744,24.34948387096775,30.476387096774182,19.31638709677419,66.94780645161289,3.624516129032257,240.0,200.0,200.0,200.0,-40.0,213.33333333333331,203.09166666666667,-0.75,200.0,2025-01-01
2025-01-01,"Milk (camel, fresh)",200.0,4.21,3.28,11.25,0.7796774193548389,25.158451612903228,32.159225806451616,19.218838709677406,57.03458064516127,3.969612903225807,200.0,200.0,185.0,200.0,0.0,213.33333333333331,205.59166666666667,0.0,200.0,2025-02-01
2025-02-01,"Milk (camel, fresh)",200.0,3.98,3.45,10.75,0.1199999999999999,25.695428571428565,33.249857142857124,19.149,54.62171428571431,4.577000000000001,200.0,240.0,193.55,200.0,0.0,200.0,206.66666666666663,-0.5,200.0,2025-03-01
2025-05-01,"Milk (camel, fresh)",191.105,3.63,3.75,10.0,4.08264516129032,23.566774193548387,28.9805806451613,19.4305806451613,73.60451612903228,4.216258064516128,200.0,200.0,200.0,200.0,-8.894999999999982,197.035,205.18416666666667,-0.75,197.0,2025-06-01
2025-06-01,"Milk (camel, fresh)",197.0,3.56,3.82,9.75,2.105666666666667,22.760866666666672,28.411133333333336,18.32386666666668,70.13126666666663,4.3168,191.105,200.0,240.0,200.0,5.894999999999982,196.035,198.0175,-0.25,200.0,2025-07-01
2025-07-01,"Milk (camel, fresh)",200.0,3.55,4.15,9.75,1.677806451612903,22.34941935483871,28.219612903225794,17.61896774193549,67.3152903225806,4.499483870967742,197.0,200.0,200.0,200.0,3.0,196.035,198.0175,0.0,250.0,2025-08-01
2025-08-01,"Milk (camel, fresh)",250.0,3.56,4.53,9.5,4.021999999999999,22.03522580645161,27.794451612903234,17.444258064516138,68.66664516129035,4.260129032258064,200.0,191.105,200.0,185.0,50.0,215.66666666666663,206.35083333333333,-0.25,200.0,2025-09-01
2025-09-01,"Milk (camel, fresh)",200.0,3.65,4.58,9.5,0.9335333333333332,23.50606666666667,30.20480000000001,17.999266666666667,62.95826666666672,4.427266666666666,250.0,197.0,200.0,193.55,-50.0,216.66666666666663,206.35083333333333,0.0,187.37,2025-10-01
2025-10-01,"Milk (camel, fresh)",187.37,3.8,4.56,9.25,2.074903225806452,24.370193548387096,30.639741935483865,19.28787096774194,62.97761290322581,4.31516129032258,200.0,200.0,200.0,200.0,-12.629999999999995,212.45666666666668,204.2458333333333,-0.25,200.0,2025-11-01
2025-11-01,"Milk (camel, fresh)",200.0,3.94,4.46,9.25,1.0433333333333334,24.573666666666664,30.835266666666666,19.537066666666654,65.35886666666669,4.259733333333332,187.37,250.0,191.105,200.0,12.629999999999995,195.79,205.72833333333327,0.0,200.0,2025-12-01
2025-12-01,"Milk (camel, fresh)",200.0,4.07,4.49,9.0,1.8190322580645149,25.00529032258064,31.20554838709679,19.921161290322583,63.28716129032258,3.802903225806451,200.0,200.0,197.0,240.0,0.0,195.79,206.22833333333327,-0.25,199.72,2026-01-01
2026-01-01,"Milk (camel, fresh)",199.72,4.16,4.4,9.0,1.145822580645162,24.324359375000025,30.912066028225794,18.84784173387096,62.25724697580647,3.792182963709665,200.0,187.37,200.0,200.0,-0.2800000000000011,199.90666666666667,206.18166666666664,0.0,191.85,2026-02-01
2026-02-01,"Milk (camel, fresh)",191.85,4.23,4.25,8.75,0.8548126154556672,25.384638912407667,32.41319515855911,19.4430963092672,58.030784848368256,3.961852101293102,199.72,200.0,250.0,200.0,-7.870000000000003,197.19000000000003,196.49,-0.25,193.035,2026-03-01
2026-03-01,"Milk (camel, fresh)",193.035,4.29,4.39,8.75,2.038562357124712,25.623604267208552,32.159948691897334,20.32225654051306,61.7244211328422,4.11545948691897,191.85,200.0,200.0,200.0,1.1850000000000025,194.8683333333333,195.32916666666668,0.0,170.0,2026-04-01
2026-04-01,"Milk (camel, fresh)",170.0,4.42,5.59,8.75,5.932325000000009,24.13787371794871,29.4320878205128,20.085883333333346,73.47075320512826,3.949292948717952,193.035,199.72,187.37,200.0,-23.035,184.96166666666667,192.43416666666667,0.0,162.2,2026-05-01
2026-05-01,"Milk (camel, fresh)",162.2,4.66,6.68,8.75,4.067935483870966,23.4403436950146,28.97188914956016,19.169278592375367,73.17871788856294,4.220569501466271,170.0,191.85,200.0,191.105,-7.800000000000011,175.0783333333333,186.1341666666667,0.0,200.0,2026-06-01
2026-06-01,"Milk (camel, fresh)",200.0,4.88,6.41,8.75,1.601358260869567,22.64871652173913,28.488699130434828,18.015693913043457,69.15025217391297,4.422414492753631,162.2,193.035,200.0,197.0,37.80000000000001,177.4,186.1341666666667,0.0,166.32,2026-07-01
2026-07-01,"Milk (camel, fresh)",166.32,5.08,6.49,9.784965034965037,1.390702052785923,22.23961524926686,28.102879765395908,17.588340175953082,67.44304222873895,4.551488563049847,200.0,170.0,199.72,200.0,-33.68000000000001,176.17333333333332,180.5675,1.034965034965035,188.335,2026-08-01
2006-01-01,Oil (vegetable),115.0,9.36,8.39,9.29639175257732,1.145822580645162,24.324359375000025,30.912066028225794,18.84784173387096,62.25724697580647,3.792182963709665,,,,,,115.0,115.0,,120.0,2006-02-01
2006-02-01,Oil (vegetable),120.0,9.01,9.39,9.258021390374331,0.8548126154556672,25.384638912407667,32.41319515855911,19.4430963092672,58.030784848368256,3.961852101293102,115.0,,,,5.0,117.5,117.5,-0.038370362202988,108.0,2006-03-01
2006-03-01,Oil (vegetable),108.0,8.61,8.85,9.425,2.038562357124712,25.623604267208552,32.159948691897334,20.32225654051306,61.7244211328422,4.11545948691897,120.0,,,,-12.0,114.33333333333331,114.33333333333331,0.1669786096256693,110.0,2006-04-01
2006-04-01,Oil (vegetable),110.0,7.77,5.44,9.563291139240508,5.932325000000009,24.13787371794871,29.4320878205128,20.085883333333346,73.47075320512826,3.949292948717952,108.0,115.0,,,2.0,112.66666666666669,113.25,0.1382911392405059,120.0,2006-05-01
2006-05-01,Oil (vegetable),120.0,6.95,4.47,9.570552147239264,4.067935483870966,23.4403436950146,28.97188914956016,19.169278592375367,73.17871788856294,4.220569501466271,110.0,120.0,,,10.0,112.66666666666669,114.6,0.0072610079987569,120.0,2006-06-01
2006-06-01,Oil (vegetable),120.0,6.33,4.28,9.75,1.601358260869567,22.64871652173913,28.488699130434828,18.015693913043457,69.15025217391297,4.422414492753631,120.0,108.0,,,0.0,116.66666666666669,115.5,0.1794478527607363,115.0,2006-07-01
2006-07-01,Oil (vegetable),115.0,5.73,4.16,9.75,1.390702052785923,22.23961524926686,28.102879765395908,17.588340175953082,67.44304222873895,4.551488563049847,120.0,110.0,115.0,,-5.0,118.33333333333331,115.5,0.0,120.0,2006-08-01
2006-08-01,Oil (vegetable),120.0,5.57,4.92,10.0,1.6585132743362836,22.63473822437915,28.83926862689127,17.679948044533276,65.71090322580628,4.687057950328296,115.0,120.0,120.0,,5.0,118.33333333333331,115.5,0.25,120.0,2006-09-01
2006-09-01,Oil (vegetable),120.0,5.7,5.93,10.0,1.2264899082568816,23.801374311926637,30.47250275229354,18.42163058103977,62.58260917431189,4.797434862385318,120.0,120.0,108.0,,0.0,118.33333333333331,117.5,0.0,120.0,2006-10-01
2006-10-01,Oil (vegetable),120.0,5.94,6.55,10.0,1.5743422939068117,24.63259976105142,31.214093189964142,19.309915770609344,62.01451493428921,4.589507168458783,120.0,115.0,110.0,,0.0,120.0,119.16666666666669,0.0,135.0,2006-11-01
2006-11-01,Oil (vegetable),135.0,6.12,6.64,10.0,3.966923999999996,24.30208533333333,30.160939333333395,19.715588,68.43798066666668,4.012504666666667,120.0,120.0,120.0,,15.0,125.0,121.66666666666669,0.0,140.0,2006-12-01
2006-12-01,Oil (vegetable),140.0,6.39,7.98,10.0,2.113506954720328,24.146886060964768,30.01334418467002,19.406097070139086,68.98363302752291,3.786693696359874,135.0,120.0,120.0,,5.0,131.66666666666666,125.0,0.0,130.0,2007-01-01
2007-01-01,Oil (vegetable),130.0,6.08,4.63,10.0,1.145822580645162,24.324359375000025,30.912066028225794,18.84784173387096,62.25724697580647,3.792182963709665,140.0,120.0,115.0,115.0,-10.0,135.0,127.5,0.0,135.0,2007-02-01
2007-02-01,Oil (vegetable),135.0,5.55,3.02,10.0,0.8548126154556672,25.384638912407667,32.41319515855911,19.4430963092672,58.030784848368256,3.961852101293102,130.0,135.0,120.0,120.0,5.0,135.0,130.0,0.0,135.0,2007-03-01
2007-03-01,Oil (vegetable),135.0,4.99,2.19,10.0,2.038562357124712,25.623604267208552,32.159948691897334,20.32225654051306,61.7244211328422,4.11545948691897,135.0,140.0,120.0,108.0,0.0,133.33333333333334,132.5,0.0,130.0,2007-04-01
2007-04-01,Oil (vegetable),130.0,4.69,1.85,10.0,5.932325000000009,24.13787371794871,29.4320878205128,20.085883333333346,73.47075320512826,3.949292948717952,135.0,130.0,120.0,110.0,-5.0,133.33333333333334,134.16666666666666,0.0,130.0,2007-05-01
2007-05-01,Oil (vegetable),130.0,4.47,1.96,10.0,4.067935483870966,23.4403436950146,28.97188914956016,19.169278592375367,73.17871788856294,4.220569501466271,130.0,135.0,135.0,120.0,0.0,131.66666666666666,133.33333333333334,0.0,125.0,2007-06-01
2007-06-01,Oil (vegetable),125.0,4.46,4.07,8.5,1.601358260869567,22.64871652173913,28.488699130434828,18.015693913043457,69.15025217391297,4.422414492753631,130.0,135.0,140.0,120.0,-5.0,128.33333333333334,130.83333333333334,-1.5,140.0,2007-07-01
2007-07-01,Oil (vegetable),140.0,4.57,5.48,8.5,1.390702052785923,22.23961524926686,28.102879765395908,17.588340175953082,67.44304222873895,4.551488563049847,125.0,130.0,130.0,115.0,15.0,131.66666666666666,132.5,0.0,140.0,2007-08-01
2007-08-01,Oil (vegetable),140.0,4.6,5.3,8.75,1.6585132743362836,22.63473822437915,28.83926862689127,17.679948044533276,65.71090322580628,4.687057950328296,140.0,130.0,135.0,120.0,0.0,135.0,133.33333333333334,0.25,135.0,2007-09-01
2007-09-01,Oil (vegetable),135.0,4.57,5.53,8.75,1.2264899082568816,23.801374311926637,30.47250275229354,18.42163058103977,62.58260917431189,4.797434862385318,140.0,125.0,135.0,120.0,-5.0,138.33333333333334,133.33333333333334,0.0,135.0,2007-10-01
2007-10-01,Oil (vegetable),135.0,4.48,5.38,8.75,1.5743422939068117,24.63259976105142,31.214093189964142,19.309915770609344,62.01451493428921,4.589507168458783,135.0,140.0,130.0,120.0,0.0,136.66666666666666,134.16666666666666,0.0,135.0,2007-11-01
2007-11-01,Oil (vegetable),135.0,4.45,6.08,8.75,3.966923999999996,24.30208533333333,30.160939333333395,19.715588,68.43798066666668,4.012504666666667,135.0,140.0,130.0,135.0,0.0,135.0,135.0,0.0,145.0,2007-12-01
2007-12-01,Oil (vegetable),145.0,4.27,5.7,8.75,2.113506954720328,24.146886060964768,30.01334418467002,19.406097070139086,68.98363302752291,3.786693696359874,135.0,135.0,125.0,140.0,10.0,138.33333333333334,138.33333333333334,0.0,162.0,2008-01-01
2008-01-01,Oil (vegetable),162.0,4.69,9.4,8.75,1.145822580645162,24.324359375000025,30.912066028225794,18.84784173387096,62.25724697580647,3.792182963709665,145.0,135.0,140.0,130.0,17.0,147.33333333333334,142.0,0.0,165.0,2008-02-01
2008-02-01,Oil (vegetable),165.0,5.32,10.58,8.75,0.8548126154556672,25.384638912407667,32.41319515855911,19.4430963092672,58.030784848368256,3.961852101293102,162.0,135.0,140.0,135.0,3.0,157.33333333333334,146.16666666666666,0.0,173.0,2008-03-01
2008-03-01,Oil (vegetable),173.0,6.13,11.9,8.75,2.038562357124712,25.623604267208552,32.159948691897334,20.32225654051306,61.7244211328422,4.11545948691897,165.0,145.0,135.0,135.0,8.0,166.66666666666666,152.5,0.0,175.0,2008-04-01
2008-04-01,Oil (vegetable),175.0,7.32,16.12,8.75,5.932325000000009,24.13787371794871,29.4320878205128,20.085883333333346,73.47075320512826,3.949292948717952,173.0,162.0,135.0,130.0,2.0,171.0,159.16666666666666,0.0,177.0,2008-05-01
2008-05-01,Oil (vegetable),177.0,8.7,18.61,8.75,4.067935483870966,23.4403436950146,28.97188914956016,19.169278592375367,73.17871788856294,4.220569501466271,175.0,165.0,135.0,130.0,2.0,175.0,166.16666666666666,0.0,180.0,2008-06-01
2008-06-01,Oil (vegetable),180.0,9.86,17.87,10.0,1.601358260869567,22.64871652173913,28.488699130434828,18.015693913043457,69.15025217391297,4.422414492753631,177.0,173.0,145.0,125.0,3.0,177.33333333333334,172.0,1.25,183.0,2008-07-01
2008-07-01,Oil (vegetable),183.0,10.83,17.12,9.0,1.390702052785923,22.23961524926686,28.102879765395908,17.588340175953082,67.44304222873895,4.551488563049847,180.0,175.0,162.0,140.0,3.0,180.0,175.5,-1.0,183.0,2008-08-01
2008-08-01,Oil (vegetable),183.0,11.92,18.33,9.0,1.6585132743362836,22.63473822437915,28.83926862689127,17.679948044533276,65.71090322580628,4.687057950328296,183.0,177.0,165.0,140.0,0.0,182.0,178.5,0.0,183.0,2008-09-01
2008-09-01,Oil (vegetable),183.0,13.02,18.73,9.0,1.2264899082568816,23.801374311926637,30.47250275229354,18.42163058103977,62.58260917431189,4.797434862385318,183.0,180.0,173.0,135.0,0.0,183.0,180.16666666666663,0.0,181.0,2008-10-01
2008-10-01,Oil (vegetable),181.0,14.13,18.74,9.0,1.5743422939068117,24.63259976105142,31.214093189964142,19.309915770609344,62.01451493428921,4.589507168458783,183.0,183.0,175.0,135.0,-2.0,182.33333333333331,181.16666666666663,0.0,182.0,2008-11-01
2008-11-01,Oil (vegetable),182.0,15.25,19.54,9.0,3.966923999999996,24.30208533333333,30.160939333333395,19.715588,68.43798066666668,4.012504666666667,181.0,183.0,177.0,135.0,1.0,182.0,182.0,0.0,180.0,2008-12-01
2008-12-01,Oil (vegetable),180.0,16.27,17.83,8.5,2.113506954720328,24.146886060964768,30.01334418467002,19.406097070139086,68.98363302752291,3.786693696359874,182.0,183.0,180.0,145.0,-2.0,181.0,182.0,-0.5,180.0,2009-01-01
2009-01-01,Oil (vegetable),180.0,16.56,13.22,8.5,1.145822580645162,24.324359375000025,30.912066028225794,18.84784173387096,62.25724697580647,3.792182963709665,180.0,181.0,183.0,162.0,0.0,180.66666666666663,181.5,0.0,127.0,2009-02-01
2009-02-01,Oil (vegetable),127.0,16.87,14.69,8.5,0.8548126154556672,25.384638912407667,32.41319515855911,19.4430963092672,58.030784848368256,3.961852101293102,180.0,182.0,183.0,165.0,-53.0,162.33333333333334,172.16666666666666,0.0,127.0,2009-03-01
2009-03-01,Oil (vegetable),127.0,17.07,14.6,8.25,2.038562357124712,25.623604267208552,32.159948691897334,20.32225654051306,61.7244211328422,4.11545948691897,127.0,180.0,183.0,173.0,0.0,144.66666666666666,162.83333333333334,-0.25,126.0,2009-04-01
2009-04-01,Oil (vegetable),126.0,16.72,12.42,8.25,5.932325000000009,24.13787371794871,29.4320878205128,20.085883333333346,73.47075320512826,3.949292948717952,127.0,180.0,181.0,175.0,-1.0,126.66666666666669,153.66666666666666,0.0,126.0,2009-05-01
2009-05-01,Oil (vegetable),126.0,15.93,9.61,8.0,4.067935483870966,23.4403436950146,28.97188914956016,19.169278592375367,73.17871788856294,4.220569501466271,126.0,127.0,182.0,177.0,0.0,126.33333333333331,144.33333333333334,-0.25,126.0,2009-06-01
2009-06-01,Oil (vegetable),126.0,15.11,8.6,8.0,1.601358260869567,22.64871652173913,28.488699130434828,18.015693913043457,69.15025217391297,4.422414492753631,126.0,127.0,180.0,180.0,0.0,126.0,135.33333333333334,0.0,126.0,2009-07-01
2009-07-01,Oil (vegetable),126.0,14.35,8.44,7.75,1.390702052785923,22.23961524926686,28.102879765395908,17.588340175953082,67.44304222873895,4.551488563049847,126.0,126.0,180.0,183.0,0.0,126.0,126.33333333333331,-0.25,133.0,2009-08-01
2009-08-01,Oil (vegetable),133.0,13.42,7.36,7.75,1.6585132743362836,22.63473822437915,28.83926862689127,17.679948044533276,65.71090322580628,4.687057950328296,126.0,126.0,127.0,183.0,7.0,128.33333333333334,127.33333333333331,0.0,139.0,2009-09-01
2009-09-01,Oil (vegetable),139.0,12.41,6.74,7.75,1.2264899082568816,23.801374311926637,30.47250275229354,18.42163058103977,62.58260917431189,4.797434862385318,133.0,126.0,127.0,183.0,6.0,132.66666666666666,129.33333333333334,0.0,140.0,2009-10-01
2009-10-01,Oil (vegetable),140.0,11.42,6.62,7.75,1.5743422939068117,24.63259976105142,31.214093189964142,19.309915770609344,62.01451493428921,4.589507168458783,139.0,126.0,126.0,181.0,1.0,137.33333333333334,131.66666666666666,0.0,140.0,2009-11-01
2009-11-01,Oil (vegetable),140.0,10.24,5.0,7.0,3.966923999999996,24.30208533333333,30.160939333333395,19.715588,68.43798066666668,4.012504666666667,140.0,133.0,126.0,182.0,0.0,139.66666666666666,134.0,-0.75,140.0,2009-12-01
2009-12-01,Oil (vegetable),140.0,9.24,5.32,7.0,2.113506954720328,24.146886060964768,30.01334418467002,19.406097070139086,68.98363302752291,3.786693696359874,140.0,139.0,126.0,180.0,0.0,140.0,136.33333333333334,0.0,135.0,2010-01-01
2010-01-01,Oil (vegetable),135.0,8.64,5.95,7.0,1.145822580645162,24.324359375000025,30.912066028225794,18.84784173387096,62.25724697580647,3.792182963709665,140.0,140.0,126.0,180.0,-5.0,138.33333333333334,137.83333333333334,0.0,135.0,2010-02-01
2010-02-01,Oil (vegetable),135.0,7.88,5.18,7.0,0.8548126154556672,25.384638912407667,32.41319515855911,19.4430963092672,58.030784848368256,3.961852101293102,135.0,140.0,133.0,127.0,0.0,136.66666666666666,138.16666666666666,0.0,137.0,2010-03-01
2010-03-01,Oil (vegetable),137.0,7.03,3.97,6.75,2.038562357124712,25.623604267208552,32.159948691897334,20.32225654051306,61.7244211328422,4.11545948691897,135.0,140.0,139.0,127.0,2.0,135.66666666666666,137.83333333333334,-0.25,140.0,2010-04-01
2010-04-01,Oil (vegetable),140.0,6.32,3.66,6.75,5.932325000000009,24.13787371794871,29.4320878205128,20.085883333333346,73.47075320512826,3.949292948717952,137.0,135.0,140.0,126.0,3.0,137.33333333333334,137.83333333333334,0.0,138.0,2010-05-01
2010-05-01,Oil (vegetable),138.0,5.85,3.88,6.75,4.067935483870966,23.4403436950146,28.97188914956016,19.169278592375367,73.17871788856294,4.220569501466271,140.0,135.0,140.0,126.0,-2.0,138.33333333333334,137.5,0.0,156.0,2010-06-01
2010-06-01,Oil (vegetable),156.0,5.43,3.49,6.75,1.601358260869567,22.64871652173913,28.488699130434828,18.015693913043457,69.15025217391297,4.422414492753631,138.0,137.0,140.0,126.0,18.0,144.66666666666666,140.16666666666666,0.0,154.0,2010-07-01
2010-07-01,Oil (vegetable),154.0,5.03,3.57,6.0,1.390702052785923,22.23961524926686,28.102879765395908,17.588340175953082,67.44304222873895,4.551488563049847,156.0,140.0,135.0,126.0,-2.0,149.33333333333334,143.33333333333334,-0.75,154.0,2010-08-01
2010-08-01,Oil (vegetable),154.0,4.69,3.22,6.0,1.6585132743362836,22.63473822437915,28.83926862689127,17.679948044533276,65.71090322580628,4.687057950328296,154.0,138.0,135.0,133.0,0.0,154.66666666666666,146.5,0.0,160.0,2010-09-01
2010-09-01,Oil (vegetable),160.0,4.4,3.21,6.0,1.2264899082568816,23.801374311926637,30.47250275229354,18.42163058103977,62.58260917431189,4.797434862385318,154.0,156.0,137.0,139.0,6.0,156.0,150.33333333333334,0.0,182.0,2010-10-01
2010-10-01,Oil (vegetable),182.0,4.12,3.18,6.0,1.5743422939068117,24.63259976105142,31.214093189964142,19.309915770609344,62.01451493428921,4.589507168458783,160.0,154.0,140.0,140.0,22.0,165.33333333333334,157.33333333333334,0.0,187.0,2010-11-01
2010-11-01,Oil (vegetable),187.0,4.02,3.84,6.0,3.966923999999996,24.30208533333333,30.160939333333395,19.715588,68.43798066666668,4.012504666666667,182.0,154.0,138.0,140.0,5.0,176.33333333333334,165.5,0.0,192.0,2010-12-01
2010-12-01,Oil (vegetable),192.0,3.96,4.51,6.0,2.113506954720328,24.146886060964768,30.01334418467002,19.406097070139086,68.98363302752291,3.786693696359874,187.0,160.0,156.0,140.0,5.0,187.0,171.5,0.0,196.0,2011-01-01
2011-01-01,Oil (vegetable),196.0,3.93,5.42,5.75,1.145822580645162,24.324359375000025,30.912066028225794,18.84784173387096,62.25724697580647,3.792182963709665,192.0,182.0,154.0,135.0,4.0,191.66666666666663,178.5,-0.25,210.0,2011-02-01
2011-02-01,Oil (vegetable),210.0,4.05,6.54,5.75,0.8548126154556672,25.384638912407667,32.41319515855911,19.4430963092672,58.030784848368256,3.961852101293102,196.0,187.0,154.0,135.0,14.0,199.33333333333331,187.83333333333331,0.0,215.0,2011-03-01
2011-03-01,Oil (vegetable),215.0,4.49,9.19,6.0,2.038562357124712,25.623604267208552,32.159948691897334,20.32225654051306,61.7244211328422,4.11545948691897,210.0,192.0,160.0,137.0,5.0,207.0,197.0,0.25,225.0,2011-04-01
2011-04-01,Oil (vegetable),225.0,5.2,12.05,6.0,5.932325000000009,24.13787371794871,29.4320878205128,20.085883333333346,73.47075320512826,3.949292948717952,215.0,196.0,182.0,140.0,10.0,216.66666666666663,204.16666666666663,0.0,230.0,2011-05-01
2011-05-01,Oil (vegetable),230.0,5.96,12.95,6.0,4.067935483870966,23.4403436950146,28.97188914956016,19.169278592375367,73.17871788856294,4.220569501466271,225.0,210.0,187.0,138.0,5.0,223.33333333333331,211.33333333333331,0.0,230.0,2011-06-01
2011-06-01,Oil (vegetable),230.0,6.88,14.48,6.25,1.601358260869567,22.64871652173913,28.488699130434828,18.015693913043457,69.15025217391297,4.422414492753631,230.0,215.0,192.0,156.0,0.0,228.33333333333331,217.66666666666663,0.25,225.0,2011-07-01
2011-07-01,Oil (vegetable),225.0,7.88,15.53,6.25,1.390702052785923,22.23961524926686,28.102879765395908,17.588340175953082,67.44304222873895,4.551488563049847,230.0,225.0,196.0,154.0,-5.0,228.33333333333331,222.5,0.0,215.0,2011-08-01
2011-08-01,Oil (vegetable),215.0,9.0,16.67,6.25,1.6585132743362836,22.63473822437915,28.83926862689127,17.679948044533276,65.71090322580628,4.687057950328296,225.0,230.0,210.0,154.0,-10.0,223.33333333333331,223.33333333333331,0.0,220.0,2011-09-01
2011-09-01,Oil (vegetable),220.0,10.18,17.32,7.0,1.2264899082568816,23.801374311926637,30.47250275229354,18.42163058103977,62.58260917431189,4.797434862385318,215.0,230.0,215.0,160.0,5.0,220.0,224.16666666666663,0.75,220.0,2011-10-01
2011-10-01,Oil (vegetable),220.0,11.49,18.91,11.0,1.5743422939068117,24.63259976105142,31.214093189964142,19.309915770609344,62.01451493428921,4.589507168458783,220.0,225.0,225.0,182.0,0.0,218.33333333333331,223.33333333333331,4.0,217.0,2011-11-01
2011-11-01,Oil (vegetable),217.0,12.82,19.72,16.5,3.966923999999996,24.30208533333333,30.160939333333395,19.715588,68.43798066666668,4.012504666666667,220.0,215.0,230.0,187.0,-3.0,219.0,221.16666666666663,5.5,220.0,2011-12-01
2011-12-01,Oil (vegetable),220.0,14.02,18.93,18.0,2.113506954720328,24.146886060964768,30.01334418467002,19.406097070139086,68.98363302752291,3.786693696359874,217.0,220.0,230.0,192.0,3.0,219.0,219.5,1.5,250.0,2012-01-01
2012-01-01,Oil (vegetable),250.0,15.1,18.31,18.0,1.145822580645162,24.324359375000025,30.912066028225794,18.84784173387096,62.25724697580647,3.792182963709665,220.0,220.0,225.0,196.0,30.0,229.0,223.66666666666663,0.0,250.0,2012-02-01
2012-02-01,Oil (vegetable),250.0,15.93,16.69,18.0,0.8548126154556672,25.384638912407667,32.41319515855911,19.4430963092672,58.030784848368256,3.961852101293102,250.0,217.0,215.0,210.0,0.0,240.0,229.5,0.0,250.0,2012-03-01
2012-03-01,Oil (vegetable),250.0,16.45,15.61,18.0,2.038562357124712,25.623604267208552,32.159948691897334,20.32225654051306,61.7244211328422,4.11545948691897,250.0,220.0,220.0,215.0,0.0,250.0,234.5,0.0,230.0,2012-04-01
2012-04-01,Oil (vegetable),230.0,16.5,13.06,18.0,5.932325000000009,24.13787371794871,29.4320878205128,20.085883333333346,73.47075320512826,3.949292948717952,250.0,250.0,220.0,225.0,-20.0,243.33333333333331,236.16666666666663,0.0,230.0,2012-05-01
2012-05-01,Oil (vegetable),230.0,16.4,12.22,18.0,4.067935483870966,23.4403436950146,28.97188914956016,19.169278592375367,73.17871788856294,4.220569501466271,230.0,250.0,217.0,230.0,0.0,236.66666666666663,238.33333333333331,0.0,230.0,2012-06-01
2012-06-01,Oil (vegetable),230.0,15.97,10.05,18.0,1.601358260869567,22.64871652173913,28.488699130434828,18.015693913043457,69.15025217391297,4.422414492753631,230.0,250.0,220.0,230.0,0.0,230.0,240.0,0.0,230.0,2012-07-01
2012-07-01,Oil (vegetable),230.0,15.27,7.74,16.5,1.390702052785923,22.23961524926686,28.102879765395908,17.588340175953082,67.44304222873895,4.551488563049847,230.0,230.0,250.0,225.0,0.0,230.0,236.66666666666663,-1.5,230.0,2012-08-01
2012-08-01,Oil (vegetable),230.0,14.33,6.09,16.5,1.6585132743362836,22.63473822437915,28.83926862689127,17.679948044533276,65.71090322580628,4.687057950328296,230.0,230.0,250.0,215.0,0.0,230.0,233.33333333333331,0.0,233.0,2012-09-01
2012-09-01,Oil (vegetable),233.0,13.29,5.32,13.0,1.2264899082568816,23.801374311926637,30.47250275229354,18.42163058103977,62.58260917431189,4.797434862385318,230.0,230.0,250.0,220.0,3.0,231.0,230.5,-3.5,233.0,2012-10-01
2012-10-01,Oil (vegetable),233.0,12.04,4.14,13.0,1.5743422939068117,24.63259976105142,31.214093189964142,19.309915770609344,62.01451493428921,4.589507168458783,233.0,230.0,230.0,220.0,0.0,232.0,231.0,0.0,240.0,2012-11-01
2012-11-01,Oil (vegetable),240.0,10.67,3.25,11.0,3.966923999999996,24.30208533333333,30.160939333333395,19.715588,68.43798066666668,4.012504666666667,233.0,230.0,230.0,217.0,7.0,235.33333333333331,232.66666666666663,-2.0,250.0,2012-12-01
2012-12-01,Oil (vegetable),250.0,9.38,3.2,11.0,2.113506954720328,24.146886060964768,30.01334418467002,19.406097070139086,68.98363302752291,3.786693696359874,240.0,233.0,230.0,220.0,10.0,241.0,236.0,0.0,230.0,2013-01-01
2013-01-01,Oil (vegetable),230.0,8.2,3.67,9.5,1.145822580645162,24.324359375000025,30.912066028225794,18.84784173387096,62.25724697580647,3.792182963709665,250.0,233.0,230.0,250.0,-20.0,240.0,236.0,-1.5,230.0,2013-02-01
2013-02-01,Oil (vegetable),230.0,7.24,4.45,9.5,0.8548126154556672,25.384638912407667,32.41319515855911,19.4430963092672,58.030784848368256,3.961852101293102,230.0,240.0,230.0,250.0,0.0,236.66666666666663,236.0,0.0,240.0,2013-03-01
2013-03-01,Oil (vegetable),240.0,6.33,4.11,9.5,2.038562357124712,25.623604267208552,32.159948691897334,20.32225654051306,61.7244211328422,4.11545948691897,230.0,250.0,233.0,250.0,10.0,233.33333333333331,237.16666666666663,0.0,230.0,2013-04-01
2013-04-01,Oil (vegetable),230.0,5.61,4.14,9.5,5.932325000000009,24.13787371794871,29.4320878205128,20.085883333333346,73.47075320512826,3.949292948717952,240.0,230.0,233.0,230.0,-10.0,233.33333333333331,236.66666666666663,0.0,220.0,2013-05-01
2013-05-01,Oil (vegetable),220.0,4.96,4.05,8.5,4.067935483870966,23.4403436950146,28.97188914956016,19.169278592375367,73.17871788856294,4.220569501466271,230.0,230.0,240.0,230.0,-10.0,230.0,233.33333333333331,-1.0,219.0,2013-06-01
2013-06-01,Oil (vegetable),219.0,4.56,4.91,8.5,1.601358260869567,22.64871652173913,28.488699130434828,18.015693913043457,69.15025217391297,4.422414492753631,220.0,240.0,250.0,230.0,-1.0,223.0,228.16666666666663,0.0,200.0,2013-07-01
2013-07-01,Oil (vegetable),200.0,4.44,6.03,8.5,1.390702052785923,22.23961524926686,28.102879765395908,17.588340175953082,67.44304222873895,4.551488563049847,219.0,230.0,230.0,230.0,-19.0,213.0,223.16666666666663,0.0,199.0,2013-08-01
2013-08-01,Oil (vegetable),199.0,4.5,6.67,8.5,1.6585132743362836,22.63473822437915,28.83926862689127,17.679948044533276,65.71090322580628,4.687057950328296,200.0,220.0,230.0,230.0,-1.0,206.0,218.0,0.0,219.0,2013-09-01
2013-09-01,Oil (vegetable),219.0,4.75,8.29,8.5,1.2264899082568816,23.801374311926637,30.47250275229354,18.42163058103977,62.58260917431189,4.797434862385318,199.0,219.0,240.0,233.0,20.0,206.0,214.5,0.0,219.0,2013-10-01
2013-10-01,Oil (vegetable),219.0,5.05,7.76,8.5,1.5743422939068117,24.63259976105142,31.214093189964142,19.309915770609344,62.01451493428921,4.589507168458783,219.0,200.0,230.0,233.0,0.0,212.33333333333331,212.66666666666663,0.0,224.0,2013-11-01
2013-11-01,Oil (vegetable),224.0,5.39,7.36,8.5,3.966923999999996,24.30208533333333,30.160939333333395,19.715588,68.43798066666668,4.012504666666667,219.0,199.0,220.0,240.0,5.0,220.66666666666663,213.33333333333331,0.0,180.0,2013-12-01
2013-12-01,Oil (vegetable),180.0,5.72,7.15,8.5,2.113506954720328,24.146886060964768,30.01334418467002,19.406097070139086,68.98363302752291,3.786693696359874,224.0,219.0,219.0,250.0,-44.0,207.66666666666663,206.83333333333331,0.0,226.25,2014-01-01
2014-01-01,Oil (vegetable),226.25,6.01,7.21,8.5,1.145822580645162,24.324359375000025,30.912066028225794,18.84784173387096,62.25724697580647,3.792182963709665,180.0,219.0,200.0,230.0,46.25,210.08333333333331,211.20833333333331,0.0,226.25,2014-02-01
2014-02-01,Oil (vegetable),226.25,6.21,6.86,8.5,0.8548126154556672,25.384638912407667,32.41319515855911,19.4430963092672,58.030784848368256,3.961852101293102,226.25,224.0,199.0,230.0,0.0,210.83333333333331,215.75,0.0,226.25,2014-03-01
2014-03-01,Oil (vegetable),226.25,6.39,6.27,8.5,2.038562357124712,25.623604267208552,32.159948691897334,20.32225654051306,61.7244211328422,4.11545948691897,226.25,180.0,219.0,240.0,0.0,226.25,216.95833333333331,0.0,230.0,2014-04-01
2014-04-01,Oil (vegetable),230.0,6.58,6.41,8.5,5.932325000000009,24.13787371794871,29.4320878205128,20.085883333333346,73.47075320512826,3.949292948717952,226.25,226.25,219.0,230.0,3.75,227.5,218.79166666666663,0.0,202.25,2014-05-01
2014-05-01,Oil (vegetable),202.25,6.85,7.3,8.5,4.067935483870966,23.4403436950146,28.97188914956016,19.169278592375367,73.17871788856294,4.220569501466271,230.0,226.25,224.0,220.0,-27.75,219.5,215.16666666666663,0.0,200.0,2014-06-01
2014-06-01,Oil (vegetable),200.0,7.05,7.39,8.5,1.601358260869567,22.64871652173913,28.488699130434828,18.015693913043457,69.15025217391297,4.422414492753631,202.25,226.25,180.0,219.0,-2.25,210.75,218.5,0.0,190.0,2014-07-01
2014-07-01,Oil (vegetable),190.0,7.19,7.67,8.5,1.390702052785923,22.23961524926686,28.102879765395908,17.588340175953082,67.44304222873895,4.551488563049847,200.0,230.0,226.25,200.0,-10.0,197.41666666666663,212.45833333333331,0.0,160.0,2014-08-01
2014-08-01,Oil (vegetable),160.0,7.33,8.36,8.5,1.6585132743362836,22.63473822437915,28.83926862689127,17.679948044533276,65.71090322580628,4.687057950328296,190.0,202.25,226.25,199.0,-30.0,183.33333333333331,201.41666666666663,0.0,177.5,2014-09-01
2014-09-01,Oil (vegetable),177.5,7.19,6.6,8.5,1.2264899082568816,23.801374311926637,30.47250275229354,18.42163058103977,62.58260917431189,4.797434862385318,160.0,200.0,226.25,219.0,17.5,175.83333333333334,193.29166666666663,0.0,221.75,2014-10-01
2014-10-01,Oil (vegetable),221.75,7.08,6.43,8.5,1.5743422939068117,24.63259976105142,31.214093189964142,19.309915770609344,62.01451493428921,4.589507168458783,177.5,190.0,230.0,219.0,44.25,186.41666666666663,191.91666666666663,0.0,222.0,2014-11-01
2014-11-01,Oil (vegetable),222.0,6.97,6.09,8.5,3.966923999999996,24.30208533333333,30.160939333333395,19.715588,68.43798066666668,4.012504666666667,221.75,160.0,202.25,224.0,0.25,207.08333333333331,195.20833333333331,0.0,220.0,2014-12-01
2014-12-01,Oil (vegetable),220.0,6.88,6.02,8.5,2.113506954720328,24.146886060964768,30.01334418467002,19.406097070139086,68.98363302752291,3.786693696359874,222.0,177.5,200.0,180.0,-2.0,221.25,198.54166666666663,0.0,215.0,2015-01-01
2015-01-01,Oil (vegetable),215.0,6.74,5.53,8.5,1.145822580645162,24.324359375000025,30.912066028225794,18.84784173387096,62.25724697580647,3.792182963709665,220.0,221.75,190.0,226.25,-5.0,219.0,202.70833333333331,0.0,208.0,2015-02-01
2015-02-01,Oil (vegetable),208.0,6.63,5.61,8.5,0.8548126154556672,25.384638912407667,32.41319515855911,19.4430963092672,58.030784848368256,3.961852101293102,215.0,222.0,160.0,226.25,-7.0,214.33333333333331,210.70833333333331,0.0,210.0,2015-03-01
2015-03-01,Oil (vegetable),210.0,6.63,6.31,8.5,2.038562357124712,25.623604267208552,32.159948691897334,20.32225654051306,61.7244211328422,4.11545948691897,208.0,220.0,177.5,226.25,2.0,211.0,216.125,0.0,205.0,2015-04-01
2015-04-01,Oil (vegetable),205.0,6.69,7.08,8.5,5.932325000000009,24.13787371794871,29.4320878205128,20.085883333333346,73.47075320512826,3.949292948717952,210.0,215.0,221.75,230.0,-5.0,207.66666666666663,213.33333333333331,0.0,200.0,2015-05-01
2015-05-01,Oil (vegetable),200.0,6.65,6.87,8.5,4.067935483870966,23.4403436950146,28.97188914956016,19.169278592375367,73.17871788856294,4.220569501466271,205.0,208.0,222.0,202.25,-5.0,205.0,209.66666666666663,0.0,190.0,2015-06-01
2015-06-01,Oil (vegetable),190.0,6.63,7.03,9.760670731707316,1.601358260869567,22.64871652173913,28.488699130434828,18.015693913043457,69.15025217391297,4.422414492753631,200.0,210.0,220.0,200.0,-10.0,198.33333333333331,204.66666666666663,1.2606707317073162,150.0,2015-07-01
2015-07-01,Oil (vegetable),150.0,6.54,6.62,11.5,1.390702052785923,22.23961524926686,28.102879765395908,17.588340175953082,67.44304222873895,4.551488563049847,190.0,205.0,215.0,190.0,-40.0,180.0,193.83333333333331,1.7393292682926838,200.0,2015-08-01
2015-08-01,Oil (vegetable),200.0,6.34,5.84,11.5,1.6585132743362836,22.63473822437915,28.83926862689127,17.679948044533276,65.71090322580628,4.687057950328296,150.0,200.0,208.0,160.0,50.0,180.0,192.5,0.0,200.0,2015-09-01
2015-09-01,Oil (vegetable),200.0,6.29,5.97,11.5,1.2264899082568816,23.801374311926637,30.47250275229354,18.42163058103977,62.58260917431189,4.797434862385318,200.0,190.0,210.0,177.5,0.0,183.33333333333331,190.83333333333331,0.0,180.0,2015-10-01
2015-10-01,Oil (vegetable),180.0,6.31,6.72,11.5,1.5743422939068117,24.63259976105142,31.214093189964142,19.309915770609344,62.01451493428921,4.589507168458783,200.0,150.0,205.0,221.75,-20.0,193.33333333333331,186.66666666666663,0.0,175.0,2015-11-01
2015-11-01,Oil (vegetable),175.0,6.42,7.32,11.5,3.966923999999996,24.30208533333333,30.160939333333395,19.715588,68.43798066666668,4.012504666666667,180.0,200.0,200.0,222.0,-5.0,185.0,182.5,0.0,181.0,2015-12-01
2015-12-01,Oil (vegetable),181.0,6.58,8.01,11.5,2.113506954720328,24.146886060964768,30.01334418467002,19.406097070139086,68.98363302752291,3.786693696359874,175.0,200.0,190.0,220.0,6.0,178.66666666666666,181.0,0.0,182.0,2016-01-01
2016-01-01,Oil (vegetable),182.0,6.77,7.78,11.5,1.145822580645162,24.324359375000025,30.912066028225794,18.84784173387096,62.25724697580647,3.792182963709665,181.0,180.0,150.0,215.0,1.0,179.33333333333334,186.33333333333331,0.0,183.0,2016-02-01
2016-02-01,Oil (vegetable),183.0,6.87,6.84,11.5,0.8548126154556672,25.384638912407667,32.41319515855911,19.4430963092672,58.030784848368256,3.961852101293102,182.0,175.0,200.0,208.0,1.0,182.0,183.5,0.0,180.0,2016-03-01
2016-05-01,Oil (vegetable),185.0,6.59,5.0,10.5,4.067935483870966,23.4403436950146,28.97188914956016,19.169278592375367,73.17871788856294,4.220569501466271,180.0,182.0,180.0,205.0,5.0,182.66666666666663,181.0,-1.0,185.0,2016-06-01
2016-06-01,Oil (vegetable),185.0,6.46,5.8,10.5,1.601358260869567,22.64871652173913,28.488699130434828,18.015693913043457,69.15025217391297,4.422414492753631,185.0,183.0,175.0,200.0,0.0,183.33333333333331,182.66666666666663,0.0,180.0,2016-07-01
2016-07-01,Oil (vegetable),180.0,6.44,6.4,10.5,1.390702052785923,22.23961524926686,28.102879765395908,17.588340175953082,67.44304222873895,4.551488563049847,185.0,180.0,181.0,190.0,-5.0,183.33333333333331,182.5,0.0,180.0,2016-08-01
2016-08-01,Oil (vegetable),180.0,6.47,6.26,10.0,1.6585132743362836,22.63473822437915,28.83926862689127,17.679948044533276,65.71090322580628,4.687057950328296,180.0,185.0,182.0,150.0,0.0,181.66666666666663,182.16666666666663,-0.5,178.0,2016-09-01
2016-09-01,Oil (vegetable),178.0,6.5,6.34,10.0,1.2264899082568816,23.801374311926637,30.47250275229354,18.42163058103977,62.58260917431189,4.797434862385318,180.0,185.0,183.0,200.0,-2.0,179.33333333333334,181.33333333333331,0.0,176.0,2016-10-01
2016-10-01,Oil (vegetable),176.0,6.48,6.47,10.0,1.5743422939068117,24.63259976105142,31.214093189964142,19.309915770609344,62.01451493428921,4.589507168458783,178.0,180.0,180.0,200.0,-2.0,178.0,180.66666666666663,0.0,175.0,2016-11-01
2016-11-01,Oil (vegetable),175.0,6.43,6.68,10.0,3.966923999999996,24.30208533333333,30.160939333333395,19.715588,68.43798066666668,4.012504666666667,176.0,180.0,185.0,180.0,-1.0,176.33333333333334,179.0,0.0,172.0,2016-12-01
2016-12-01,Oil (vegetable),172.0,6.3,6.35,10.0,2.113506954720328,24.146886060964768,30.01334418467002,19.406097070139086,68.98363302752291,3.786693696359874,175.0,178.0,185.0,175.0,-3.0,174.33333333333334,176.83333333333334,0.0,175.0,2017-01-01
2017-01-01,Oil (vegetable),175.0,6.26,6.99,10.0,1.145822580645162,24.324359375000025,30.912066028225794,18.84784173387096,62.25724697580647,3.792182963709665,172.0,176.0,180.0,181.0,3.0,174.0,176.0,0.0,180.0,2017-02-01
2017-04-01,Oil (vegetable),190.0,7.2,11.48,10.0,5.932325000000009,24.13787371794871,29.4320878205128,20.085883333333346,73.47075320512826,3.949292948717952,180.0,172.0,178.0,183.0,10.0,181.66666666666663,178.0,0.0,196.0,2017-05-01
2017-05-01,Oil (vegetable),196.0,7.84,11.7,10.0,4.067935483870966,23.4403436950146,28.97188914956016,19.169278592375367,73.17871788856294,4.220569501466271,190.0,175.0,176.0,180.0,6.0,188.66666666666663,181.33333333333331,0.0,198.0,2017-06-01
2017-06-01,Oil (vegetable),198.0,8.13,9.21,10.0,1.601358260869567,22.64871652173913,28.488699130434828,18.015693913043457,69.15025217391297,4.422414492753631,196.0,180.0,175.0,185.0,2.0,194.66666666666663,185.16666666666663,0.0,198.0,2017-07-01
2017-07-01,Oil (vegetable),198.0,8.21,7.47,10.0,1.390702052785923,22.23961524926686,28.102879765395908,17.588340175953082,67.44304222873895,4.551488563049847,198.0,190.0,172.0,185.0,0.0,197.33333333333331,189.5,0.0,199.0,2017-08-01
2017-08-01,Oil (vegetable),199.0,8.36,8.04,10.0,1.6585132743362836,22.63473822437915,28.83926862689127,17.679948044533276,65.71090322580628,4.687057950328296,198.0,196.0,175.0,180.0,1.0,198.33333333333331,193.5,0.0,185.0,2017-09-01
2017-09-01,Oil (vegetable),185.0,8.4,7.06,10.0,1.2264899082568816,23.801374311926637,30.47250275229354,18.42163058103977,62.58260917431189,4.797434862385318,199.0,198.0,180.0,180.0,-14.0,194.0,194.33333333333331,0.0,185.0,2017-10-01
2017-10-01,Oil (vegetable),185.0,8.33,5.72,10.0,1.5743422939068117,24.63259976105142,31.214093189964142,19.309915770609344,62.01451493428921,4.589507168458783,185.0,198.0,190.0,178.0,0.0,189.66666666666663,193.5,0.0,179.66,2017-11-01
2017-11-01,Oil (vegetable),179.66,8.15,4.73,10.0,3.966923999999996,24.30208533333333,30.160939333333395,19.715588,68.43798066666668,4.012504666666667,185.0,199.0,196.0,176.0,-5.340000000000003,183.22,190.77666666666667,0.0,182.5,2017-12-01
2017-12-01,Oil (vegetable),182.5,7.98,4.5,10.0,2.113506954720328,24.146886060964768,30.01334418467002,19.406097070139086,68.98363302752291,3.786693696359874,179.66,185.0,198.0,175.0,2.8400000000000034,182.38666666666663,188.1933333333333,0.0,185.0,2018-01-01
2018-01-01,Oil (vegetable),185.0,7.79,4.83,10.0,1.145822580645162,24.324359375000025,30.912066028225794,18.84784173387096,62.25724697580647,3.792182963709665,182.5,185.0,198.0,172.0,2.5,182.38666666666663,186.02666666666664,0.0,184.67,2018-02-01
2018-02-01,Oil (vegetable),184.67,7.4,4.46,10.0,0.8548126154556672,25.384638912407667,32.41319515855911,19.4430963092672,58.030784848368256,3.961852101293102,185.0,179.66,199.0,175.0,-0.3300000000000125,184.05666666666664,183.6383333333333,0.0,186.67,2018-03-01
2018-03-01,Oil (vegetable),186.67,6.89,4.18,9.5,2.038562357124712,25.623604267208552,32.159948691897334,20.32225654051306,61.7244211328422,4.11545948691897,184.67,182.5,185.0,180.0,2.0,185.44666666666663,183.91666666666663,-0.5,188.67,2018-04-01
2018-04-01,Oil (vegetable),188.67,6.24,3.73,9.5,5.932325000000009,24.13787371794871,29.4320878205128,20.085883333333346,73.47075320512826,3.949292948717952,186.67,185.0,185.0,190.0,2.0,186.67,184.5283333333333,0.0,190.0,2018-05-01
2018-05-01,Oil (vegetable),190.0,5.61,3.95,9.5,4.067935483870966,23.4403436950146,28.97188914956016,19.169278592375367,73.17871788856294,4.220569501466271,188.67,184.67,179.66,196.0,1.3300000000000125,188.44666666666663,186.25166666666664,0.0,191.45,2018-06-01
2018-06-01,Oil (vegetable),191.45,5.2,4.28,9.5,1.601358260869567,22.64871652173913,28.488699130434828,18.015693913043457,69.15025217391297,4.422414492753631,190.0,186.67,182.5,198.0,1.4499999999999886,190.04,187.7433333333333,0.0,193.0,2018-07-01
2018-07-01,Oil (vegetable),193.0,4.95,4.35,9.0,1.390702052785923,22.23961524926686,28.102879765395908,17.588340175953082,67.44304222873895,4.551488563049847,191.45,188.67,185.0,198.0,1.5500000000000114,191.48333333333332,189.07666666666668,-0.5,192.0,2018-08-01
2018-08-01,Oil (vegetable),192.0,4.63,4.04,9.0,1.6585132743362836,22.63473822437915,28.83926862689127,17.679948044533276,65.71090322580628,4.687057950328296,193.0,190.0,184.67,199.0,-1.0,192.15,190.2983333333333,0.0,191.45,2018-09-01
2018-09-01,Oil (vegetable),191.45,4.53,5.7,9.0,1.2264899082568816,23.801374311926637,30.47250275229354,18.42163058103977,62.58260917431189,4.797434862385318,192.0,191.45,186.67,185.0,-0.5500000000000114,192.15,191.095,0.0,190.5,2018-10-01
2018-10-01,Oil (vegetable),190.5,4.53,5.53,9.0,1.5743422939068117,24.63259976105142,31.214093189964142,19.309915770609344,62.01451493428921,4.589507168458783,191.45,193.0,188.67,185.0,-0.9499999999999886,191.3166666666667,191.4,0.0,188.0,2018-11-01
2018-11-01,Oil (vegetable),188.0,4.59,5.58,9.0,3.966923999999996,24.30208533333333,30.160939333333395,19.715588,68.43798066666668,4.012504666666667,190.5,192.0,190.0,179.66,-2.5,189.98333333333332,191.0666666666667,0.0,268.83,2018-12-01
2018-12-01,Oil (vegetable),268.83,4.69,5.71,9.0,2.113506954720328,24.146886060964768,30.01334418467002,19.406097070139086,68.98363302752291,3.786693696359874,188.0,191.45,191.45,182.5,80.82999999999998,215.77666666666664,203.9633333333333,0.0,268.165,2019-01-01
2019-01-01,Oil (vegetable),268.165,4.68,4.7,9.0,1.145822580645162,24.324359375000025,30.912066028225794,18.84784173387096,62.25724697580647,3.792182963709665,268.83,190.5,193.0,185.0,-0.6649999999999636,241.665,216.4908333333333,0.0,188.5,2019-02-01
2019-02-01,Oil (vegetable),188.5,4.65,4.14,9.0,0.8548126154556672,25.384638912407667,32.41319515855911,19.4430963092672,58.030784848368256,3.961852101293102,268.165,188.0,192.0,184.67,-79.66500000000002,241.83166666666668,215.9075,0.0,190.0,2019-03-01
2019-03-01,Oil (vegetable),190.0,4.67,4.35,9.0,2.038562357124712,25.623604267208552,32.159948691897334,20.32225654051306,61.7244211328422,4.11545948691897,188.5,268.83,191.45,186.67,1.5,215.555,215.66583333333327,0.0,191.33,2019-04-01
2019-04-01,Oil (vegetable),191.33,4.91,6.58,9.0,5.932325000000009,24.13787371794871,29.4320878205128,20.085883333333346,73.47075320512826,3.949292948717952,190.0,268.165,190.5,188.67,1.3300000000000125,189.94333333333336,215.80416666666665,0.0,182.6,2019-05-01
2019-05-01,Oil (vegetable),182.6,5.04,4.49,9.0,4.067935483870966,23.4403436950146,28.97188914956016,19.169278592375367,73.17871788856294,4.220569501466271,191.33,188.5,188.0,190.0,-8.730000000000018,187.9766666666667,214.90416666666667,0.0,182.0,2019-06-01
2019-06-01,Oil (vegetable),182.0,5.16,5.7,9.0,1.601358260869567,22.64871652173913,28.488699130434828,18.015693913043457,69.15025217391297,4.422414492753631,182.6,190.0,268.83,191.45,-0.5999999999999943,185.31000000000003,200.4325,0.0,186.75,2019-07-01
2019-07-01,Oil (vegetable),186.75,5.32,6.27,9.0,1.390702052785923,22.23961524926686,28.102879765395908,17.588340175953082,67.44304222873895,4.551488563049847,182.0,191.33,268.165,193.0,4.75,183.78333333333333,186.86333333333332,0.0,185.0,2019-08-01
2019-08-01,Oil (vegetable),185.0,5.4,5.0,9.0,1.6585132743362836,22.63473822437915,28.83926862689127,17.679948044533276,65.71090322580628,4.687057950328296,186.75,182.6,188.5,192.0,-1.75,184.58333333333331,186.28,0.0,180.0,2019-09-01
2019-09-01,Oil (vegetable),180.0,5.24,3.83,9.66546762589928,1.2264899082568816,23.801374311926637,30.47250275229354,18.42163058103977,62.58260917431189,4.797434862385318,185.0,182.0,190.0,191.45,-5.0,183.91666666666663,184.61333333333332,0.6654676258992804,177.66,2019-10-01
2019-10-01,Oil (vegetable),177.66,5.19,4.95,9.0,1.5743422939068117,24.63259976105142,31.214093189964142,19.309915770609344,62.01451493428921,4.589507168458783,180.0,186.75,191.33,190.5,-2.3400000000000034,180.88666666666663,182.335,-0.6654676258992804,185.0,2019-11-01
2019-11-01,Oil (vegetable),185.0,5.19,5.56,8.5,3.966923999999996,24.30208533333333,30.160939333333395,19.715588,68.43798066666668,4.012504666666667,177.66,185.0,182.6,188.0,7.340000000000003,180.88666666666663,182.735,-0.5,190.0,2019-12-01
2019-12-01,Oil (vegetable),190.0,5.2,5.82,8.5,2.113506954720328,24.146886060964768,30.01334418467002,19.406097070139086,68.98363302752291,3.786693696359874,185.0,180.0,182.0,268.83,5.0,184.22,184.0683333333333,0.0,195.0,2020-01-01
2020-01-01,Oil (vegetable),195.0,5.29,5.78,8.25,3.2701935483870974,23.60412903225807,28.77154838709675,19.35529032258064,73.46929032258063,3.2082580645161287,190.0,177.66,186.75,268.165,5.0,190.0,185.4433333333333,-0.25,198.0,2020-02-01
2020-02-01,Oil (vegetable),198.0,5.72,7.17,8.25,1.6263448275862071,24.61186206896552,30.679103448275864,19.608068965517248,68.74165517241379,3.686758620689656,195.0,185.0,185.0,188.5,3.0,194.33333333333331,187.61,0.0,195.0,2020-03-01
2020-03-01,Oil (vegetable),195.0,5.84,5.84,7.25,3.2350967741935475,24.84987096774193,30.23058064516128,20.64161290322581,71.2899354838709,3.228451612903227,198.0,190.0,180.0,190.0,-3.0,196.0,190.11,-1.0,181.75,2020-04-01
2020-04-01,Oil (vegetable),181.75,6.03,6.01,7.0,6.638266666666667,23.80839999999999,28.794733333333333,20.000866666666663,76.1050666666667,3.737133333333333,195.0,195.0,177.66,191.33,-13.25,191.58333333333331,190.79166666666663,-0.25,193.0,2020-05-01
2020-05-01,Oil (vegetable),193.0,6.18,5.33,7.0,3.5555483870967715,22.740387096774185,28.01116129032259,18.55232258064516,76.60490322580648,4.357612903225808,181.75,198.0,185.0,182.6,11.25,189.91666666666663,192.125,0.0,185.0,2020-06-01
2020-06-01,Oil (vegetable),185.0,6.16,4.59,7.0,2.925,22.1216,27.42179999999999,17.97633333333334,73.09906666666664,4.386866666666666,193.0,195.0,190.0,182.0,-8.0,186.58333333333331,191.29166666666663,0.0,180.0,2020-07-01
2020-07-01,Oil (vegetable),180.0,6.01,4.36,7.0,1.1607741935483868,21.746645161290303,27.348451612903222,17.263483870967733,69.00019354838713,4.76709677419355,185.0,181.75,195.0,186.75,-5.0,186.0,188.79166666666663,0.0,137.0,2020-08-01
2020-08-01,Oil (vegetable),137.0,5.87,4.36,7.0,1.148967741935485,22.58664516129032,28.680645161290336,17.6783870967742,66.53012903225807,4.602903225806449,180.0,193.0,198.0,185.0,-43.0,167.33333333333334,178.625,0.0,143.63,2020-09-01
2020-09-01,Oil (vegetable),143.63,5.79,4.2,7.0,2.1509333333333327,23.448933333333347,29.976133333333348,18.263400000000004,63.81860000000003,4.657733333333332,137.0,185.0,195.0,180.0,6.629999999999996,153.54333333333332,170.06333333333333,0.0,141.91,2020-10-01
2020-10-01,Oil (vegetable),141.91,5.67,4.84,7.0,1.995225806451612,24.48909677419355,30.951548387096786,19.27116129032258,62.59077419354838,4.635225806451613,143.63,180.0,181.75,177.66,-1.7199999999999989,140.84666666666666,163.42333333333332,0.0,147.57,2020-11-01
2020-11-01,Oil (vegetable),147.57,5.53,5.33,7.0,3.388066666666667,24.062600000000007,29.8674,19.524666666666665,70.20353333333333,4.013600000000001,141.91,137.0,193.0,185.0,5.659999999999997,144.36999999999998,155.85166666666666,0.0,156.62,2020-12-01
2020-12-01,Oil (vegetable),156.62,5.41,5.62,7.0,2.4519999999999995,24.30006451612901,30.639741935483883,18.973419354838725,63.864258064516136,3.8647741935483855,147.57,143.63,185.0,190.0,9.050000000000011,148.70000000000002,151.12166666666664,0.0,180.0,2021-01-01
2021-01-01,Oil (vegetable),180.0,5.74,5.69,7.0,0.7919354838709679,23.90754838709677,30.62400000000001,18.40103225806452,63.9471612903226,3.8561290322580617,156.62,141.91,180.0,195.0,23.379999999999995,161.39666666666668,151.12166666666664,0.0,200.0,2021-02-01
2021-02-01,Oil (vegetable),200.0,5.16,5.78,7.0,1.0442857142857147,24.79950000000001,31.69057142857141,19.06357142857143,59.52299999999998,3.674142857142858,180.0,147.57,137.0,198.0,20.0,178.8733333333333,161.62166666666667,0.0,200.0,2021-03-01
2021-03-01,Oil (vegetable),200.0,5.17,5.9,7.0,1.7911612903225802,25.173806451612897,31.998322580645176,19.61935483870968,59.83787096774194,4.444709677419353,200.0,156.62,143.63,195.0,0.0,193.33333333333331,171.01666666666665,0.0,200.51,2021-04-01
2021-04-01,Oil (vegetable),200.51,4.66,5.76,7.0,2.957933333333333,24.55046666666667,30.21866666666668,20.13686666666666,69.45406666666668,4.395666666666665,200.0,180.0,141.91,181.75,0.5099999999999909,200.17,180.78333333333333,0.0,200.0,2021-05-01
2021-05-01,Oil (vegetable),200.0,5.2,5.87,7.0,4.084645161290321,23.198838709677418,28.791161290322574,18.890903225806447,71.30193548387098,4.230838709677419,200.51,200.0,147.57,193.0,-0.5099999999999909,200.17,189.52166666666668,0.0,210.77,2021-06-01
2021-06-01,Oil (vegetable),210.77,5.35,6.32,7.0,0.9444,22.28393333333332,28.215866666666678,17.62313333333334,68.38119999999999,4.6206666666666685,200.0,200.0,156.62,185.0,10.77000000000001,203.76,198.54666666666665,0.0,225.29,2021-07-01
2021-07-01,Oil (vegetable),225.29,5.53,6.55,7.0,1.0405161290322589,21.831161290322573,27.556000000000008,17.353354838709674,66.38948387096771,4.6970967741935485,210.77,200.51,180.0,180.0,14.519999999999982,212.02,206.095,0.0,218.48,2021-08-01
2021-08-01,Oil (vegetable),218.48,5.71,6.57,7.0,0.8192258064516129,22.778129032258075,29.13645161290323,17.586645161290317,62.746903225806456,4.781161290322578,225.29,200.0,200.0,137.0,-6.810000000000002,218.18,209.175,0.0,215.815,2021-09-01
2021-09-01,Oil (vegetable),215.815,5.35,6.91,7.0,0.8566000000000005,23.6962,30.353733333333302,18.39033333333334,61.80706666666668,5.1367999999999965,218.48,210.77,200.0,143.63,-2.664999999999992,219.86166666666668,211.8108333333333,0.0,220.0,2021-10-01
2021-10-01,Oil (vegetable),220.0,6.07,6.45,7.0,0.9926451612903228,24.777870967741944,31.445612903225797,19.28006451612903,59.91716129032259,4.692838709677422,215.815,225.29,200.51,141.91,4.185000000000002,218.09833333333333,215.05916666666667,0.0,245.0,2021-11-01
2021-11-01,Oil (vegetable),245.0,6.1,5.8,7.0,2.353666666666667,25.23273333333333,31.71406666666668,20.02933333333334,61.54279999999998,4.274666666666668,220.0,218.48,200.0,147.57,25.0,226.93833333333336,222.55916666666667,0.0,240.0,2021-12-01
2021-12-01,Oil (vegetable),240.0,5.62,5.73,7.0,3.16367741935484,23.442774193548384,29.09103225806451,19.034,72.45916129032256,4.153032258064515,245.0,215.815,210.77,156.62,-5.0,235.0,227.4308333333333,0.0,260.0,2022-01-01
2022-01-01,Oil (vegetable),260.0,6.08,5.39,7.0,1.0556129032258066,23.976,30.78348387096775,18.405548387096765,61.97374193548387,3.780967741935484,240.0,220.0,225.29,180.0,20.0,248.33333333333331,233.2158333333333,0.0,265.0,2022-02-01
2022-02-01,Oil (vegetable),265.0,6.23,5.08,7.0,0.751928571428572,25.41328571428572,32.26628571428571,19.74971428571427,57.56485714285712,3.527714285714285,260.0,245.0,218.48,200.0,5.0,255.0,240.96916666666667,0.0,286.67,2022-03-01
2023-01-01,Oil (vegetable),289.33500000000004,7.95,8.98,8.75,0.4614193548387098,24.429354838709678,31.497419354838705,18.43832258064516,57.50322580645159,4.315354838709677,350.0,265.0,245.0,200.0,-60.66499999999997,308.6683333333333,281.8341666666667,1.75,275.555,2023-02-01
2023-02-01,Oil (vegetable),275.555,8.3,9.23,8.75,0.2490714285714285,25.779071428571427,33.53999999999999,19.067071428571435,51.11364285714282,4.3248571428571445,289.33500000000004,286.67,240.0,210.77,-13.78000000000003,304.96333333333337,287.76000000000005,0.0,271.42,2023-03-01
2023-03-01,Oil (vegetable),271.42,8.59,9.19,9.5,2.4013548387096764,25.384516129032253,31.94077419354838,20.057032258064517,60.971677419354855,4.06658064516129,275.555,350.0,260.0,225.29,-4.135000000000048,278.77000000000004,289.66333333333336,0.75,275.0,2023-04-01
2023-04-01,Oil (vegetable),275.0,8.71,7.9,9.5,7.197333333333333,23.745999999999984,29.0422,19.674599999999984,74.81580000000002,3.944533333333332,271.42,289.33500000000004,265.0,218.48,3.580000000000041,273.9916666666666,291.33,0.0,275.0,2023-05-01
2023-05-01,Oil (vegetable),275.0,8.78,8.03,9.5,4.442903225806452,23.30825806451613,29.11400000000001,18.91664516129032,73.83045161290323,4.281419354838708,275.0,275.555,286.67,215.815,0.0,273.8066666666667,289.385,0.0,260.07,2023-06-01
2023-06-01,Oil (vegetable),260.07,8.77,7.88,10.5,2.095133333333332,22.743266666666667,28.554933333333327,18.20666666666667,71.06640000000003,4.183399999999999,275.0,271.42,350.0,220.0,-14.930000000000009,270.0233333333333,274.39666666666665,1.0,258.98,2023-07-01
2023-07-01,Oil (vegetable),258.98,8.68,7.28,10.5,1.2007741935483869,22.377032258064503,28.50600000000001,17.540967741935482,68.09154838709676,4.793741935483872,260.07,275.0,289.33500000000004,245.0,-1.089999999999975,264.68333333333334,269.3375,0.0,265.11,2023-08-01
2023-08-01,Oil (vegetable),265.11,8.52,6.73,10.5,1.2456129032258063,22.88574193548387,29.28122580645161,17.85677419354839,66.17167741935486,5.026322580645161,258.98,275.0,275.555,240.0,6.129999999999996,261.38666666666666,267.59666666666664,0.0,251.25,2023-09-01
2023-09-01,Oil (vegetable),251.25,8.32,6.78,10.5,1.2512666666666667,24.303266666666666,30.885133333333325,19.023200000000013,63.47546666666668,4.6887333333333325,265.11,260.07,271.42,260.0,-13.860000000000014,258.44666666666666,264.235,0.0,290.0,2023-10-01
2023-10-01,Oil (vegetable),290.0,8.1,6.92,10.5,2.628645161290323,24.625612903225804,31.094258064516087,19.54954838709677,65.34103225806454,4.684000000000001,251.25,258.98,275.0,265.0,38.75,268.7866666666667,266.735,0.0,278.995,2023-11-01
2023-11-01,Oil (vegetable),278.995,7.87,6.8,10.5,9.33346666666667,23.02306666666667,27.941599999999973,19.267866666666663,78.72493333333331,3.671533333333332,290.0,265.11,275.0,286.67,-11.004999999999995,273.415,267.4008333333333,0.0,280.33,2023-12-01
2023-12-01,Oil (vegetable),280.33,7.67,6.63,12.5,1.8227741935483872,23.924580645161296,29.33877419354839,19.554838709677423,73.56464516129034,3.545483870967744,278.995,251.25,260.07,350.0,1.3349999999999795,283.1083333333333,270.7775,2.0,270.045,2024-01-01
2024-01-01,Oil (vegetable),270.045,7.5,6.85,12.5,2.3723225806451618,24.25774193548387,29.788000000000004,19.716064516129023,69.22432258064514,3.1272903225806448,280.33,290.0,258.98,289.33500000000004,-10.285000000000023,276.45666666666665,272.62166666666667,0.0,290.0,2024-02-01
2024-02-01,Oil (vegetable),290.0,7.26,6.31,13.0,2.0566896551724128,25.350689655172413,31.520551724137945,20.212275862068964,66.31717241379307,3.741241379310345,270.045,278.995,265.11,275.555,19.95500000000004,280.125,276.77,0.5,266.28,2024-03-01
2024-03-01,Oil (vegetable),266.28,6.97,5.7,13.0,2.327935483870968,25.79329032258065,31.81593548387097,20.99567741935485,66.56761290322584,4.041161290322585,290.0,280.33,251.25,271.42,-23.720000000000027,275.44166666666666,279.275,0.0,250.985,2024-04-01
2024-04-01,Oil (vegetable),250.985,6.73,5.0,13.0,8.986199999999998,23.79073333333333,28.397533333333328,20.36040000000001,78.19506666666669,3.6072,266.28,270.045,290.0,275.0,-15.29499999999996,269.0883333333333,272.7725,0.0,268.75,2024-05-01
2024-05-01,Oil (vegetable),268.75,6.49,5.1,13.0,4.229612903225806,23.623419354838685,28.854064516129032,19.470129032258058,74.99767741935482,4.029419354838709,250.985,290.0,278.995,275.0,17.764999999999986,262.005,271.065,0.0,250.0,2024-06-01
2024-06-01,Oil (vegetable),250.0,4.64,6.22,13.0,1.2621333333333329,22.826733333333344,28.75386666666668,17.97533333333332,68.3048,4.3918,268.75,266.28,280.33,260.07,-18.75,256.5783333333333,266.01,0.0,250.0,2024-07-01
2024-07-01,Oil (vegetable),250.0,5.97,4.31,13.0,1.594709677419355,22.666129032258063,28.35070967741936,18.120193548387093,68.32929032258063,4.065354838709677,250.0,250.985,270.045,258.98,0.0,256.25,262.6691666666666,0.0,250.0,2024-08-01
2024-08-01,Oil (vegetable),250.0,5.77,4.36,12.75,0.9360000000000004,23.02948387096774,29.357999999999997,18.00567741935484,65.19645161290319,4.680645161290326,250.0,268.75,290.0,265.11,0.0,250.0,256.0025,-0.25,258.075,2024-09-01
2024-09-01,Oil (vegetable),258.075,5.5,3.56,12.75,0.904266666666667,24.14846666666667,31.002266666666657,18.607,61.10273333333333,4.912733333333333,250.0,250.0,266.28,251.25,8.074999999999989,252.6916666666667,254.635,0.0,257.5,2024-10-01
2024-10-01,Oil (vegetable),257.5,5.14,2.72,12.0,0.8206451612903226,25.090645161290325,31.86322580645161,19.57612903225806,60.61277419354836,4.586064516129031,258.075,250.0,250.985,290.0,-0.5749999999999886,255.1916666666667,255.72083333333333,-0.75,292.22,2024-11-01
2024-11-01,Oil (vegetable),292.22,4.81,2.75,12.0,5.397466666666665,24.418533333333343,29.939933333333343,20.20926666666666,70.95033333333329,3.6839333333333326,257.5,250.0,268.75,278.995,34.72000000000003,269.26500000000004,259.6325,0.0,293.75,2024-12-01
2024-12-01,Oil (vegetable),293.75,4.5,2.99,11.25,1.8755483870967744,24.34948387096775,30.476387096774182,19.31638709677419,66.94780645161289,3.624516129032257,292.22,258.075,250.0,280.33,1.5299999999999727,281.1566666666667,266.9241666666667,-0.75,306.25,2025-01-01
2025-01-01,Oil (vegetable),306.25,4.21,3.28,11.25,0.7796774193548389,25.158451612903228,32.159225806451616,19.218838709677406,57.03458064516127,3.969612903225807,293.75,257.5,250.0,270.045,12.5,297.4066666666667,276.2991666666667,0.0,300.0,2025-02-01
2025-02-01,Oil (vegetable),300.0,3.98,3.45,10.75,0.1199999999999999,25.695428571428565,33.249857142857124,19.149,54.62171428571431,4.577000000000001,306.25,292.22,250.0,290.0,-6.25,300.0,284.6325,-0.5,300.0,2025-03-01
2025-03-01,Oil (vegetable),300.0,3.81,3.62,10.75,2.4451612903225803,25.729548387096774,31.886129032258072,20.82825806451615,63.927096774193565,3.830387096774193,300.0,293.75,258.075,266.28,0.0,302.0833333333333,291.62,0.0,293.21000000000004,2025-04-01
2025-04-01,Oil (vegetable),293.21000000000004,3.74,4.11,10.0,5.220666666666667,24.250733333333333,29.64446666666668,20.16893333333333,73.82386666666672,3.7092000000000014,300.0,306.25,257.5,250.985,-6.789999999999964,297.7366666666667,297.57166666666666,-0.75,294.49,2025-05-01
2025-05-01,Oil (vegetable),294.49,3.63,3.75,10.0,4.08264516129032,23.566774193548387,28.9805806451613,19.4305806451613,73.60451612903228,4.216258064516128,293.21000000000004,300.0,292.22,268.75,1.2799999999999727,295.90000000000003,297.95,0.0,288.33500000000004,2025-06-01
2025-06-01,Oil (vegetable),288.33500000000004,3.56,3.82,9.75,2.105666666666667,22.760866666666672,28.411133333333336,18.32386666666668,70.13126666666663,4.3168,294.49,300.0,293.75,250.0,-6.154999999999973,292.0116666666667,297.0475,-0.25,270.0,2025-07-01
2025-07-01,Oil (vegetable),270.0,3.55,4.15,9.75,1.677806451612903,22.34941935483871,28.219612903225794,17.61896774193549,67.3152903225806,4.499483870967742,288.33500000000004,293.21000000000004,306.25,250.0,-18.33500000000004,284.27500000000003,291.0058333333333,0.0,280.0,2025-08-01
2025-08-01,Oil (vegetable),280.0,3.56,4.53,9.5,4.021999999999999,22.03522580645161,27.794451612903234,17.444258064516138,68.66664516129035,4.260129032258064,270.0,294.49,300.0,250.0,10.0,279.445,287.6725,-0.25,275.0,2025-09-01
2025-09-01,Oil (vegetable),275.0,3.65,4.58,9.5,0.9335333333333332,23.50606666666667,30.20480000000001,17.999266666666667,62.95826666666672,4.427266666666666,280.0,288.33500000000004,300.0,258.075,-5.0,275.0,283.5058333333333,0.0,270.71500000000003,2025-10-01
2025-10-01,Oil (vegetable),270.71500000000003,3.8,4.56,9.25,2.074903225806452,24.370193548387096,30.639741935483865,19.28787096774194,62.97761290322581,4.31516129032258,275.0,270.0,293.21000000000004,257.5,-4.284999999999968,275.23833333333334,279.75666666666666,-0.25,269.415,2025-11-01
2025-11-01,Oil (vegetable),269.415,3.94,4.46,9.25,1.0433333333333334,24.573666666666664,30.835266666666666,19.537066666666654,65.35886666666669,4.259733333333332,270.71500000000003,280.0,294.49,292.22,-1.3000000000000114,271.71000000000004,275.57750000000004,0.0,244.285,2025-12-01
2025-12-01,Oil (vegetable),244.285,4.07,4.49,9.0,1.8190322580645149,25.00529032258064,31.20554838709679,19.921161290322583,63.28716129032258,3.802903225806451,269.415,275.0,288.33500000000004,293.75,-25.130000000000024,261.4716666666667,268.23583333333335,-0.25,248.4,2026-01-01
2026-01-01,Oil (vegetable),248.4,4.16,4.4,9.0,1.145822580645162,24.324359375000025,30.912066028225794,18.84784173387096,62.25724697580647,3.792182963709665,244.285,270.71500000000003,270.0,306.25,4.115000000000009,254.03333333333333,264.6358333333334,0.0,247.6,2026-02-01
2026-02-01,Oil (vegetable),247.6,4.23,4.25,8.75,0.8548126154556672,25.384638912407667,32.41319515855911,19.4430963092672,58.030784848368256,3.961852101293102,248.4,269.415,280.0,300.0,-0.8000000000000114,246.76166666666663,259.23583333333335,-0.25,275.0,2026-03-01
2026-03-01,Oil (vegetable),275.0,4.29,4.39,8.75,2.038562357124712,25.623604267208552,32.159948691897334,20.32225654051306,61.7244211328422,4.11545948691897,247.6,244.285,275.0,300.0,27.40000000000001,257.0,259.23583333333335,0.0,283.33,2026-04-01
2026-04-01,Oil (vegetable),283.33,4.42,5.59,8.75,5.932325000000009,24.13787371794871,29.4320878205128,20.085883333333346,73.47075320512826,3.949292948717952,275.0,248.4,270.71500000000003,293.21000000000004,8.329999999999984,268.6433333333334,261.3383333333333,0.0,260.9,2026-05-01
2026-05-01,Oil (vegetable),260.9,4.66,6.68,8.75,4.067935483870966,23.4403436950146,28.97188914956016,19.169278592375367,73.17871788856294,4.220569501466271,283.33,247.6,269.415,294.49,-22.430000000000007,273.07666666666665,259.9191666666666,0.0,295.71500000000003,2026-06-01
2026-06-01,Oil (vegetable),295.71500000000003,4.88,6.41,8.75,1.601358260869567,22.64871652173913,28.488699130434828,18.015693913043457,69.15025217391297,4.422414492753631,260.9,275.0,244.285,288.33500000000004,34.815000000000055,279.9816666666667,268.49083333333334,0.0,300.0,2026-07-01
2026-07-01,Oil (vegetable),300.0,5.08,6.49,9.784965034965037,1.390702052785923,22.23961524926686,28.102879765395908,17.588340175953082,67.44304222873895,4.551488563049847,295.71500000000003,283.33,248.4,270.0,4.284999999999968,285.53833333333336,277.09083333333336,1.034965034965035,300.0,2026-08-01
2021-01-01,Onions (dry),574.5,5.74,5.69,7.0,0.7919354838709679,23.90754838709677,30.62400000000001,18.40103225806452,63.9471612903226,3.8561290322580617,,,,,,574.5,574.5,,527.0,2021-02-01
2021-02-01,Onions (dry),527.0,5.16,5.78,7.0,1.0442857142857147,24.79950000000001,31.69057142857141,19.06357142857143,59.52299999999998,3.674142857142858,574.5,,,,-47.5,550.75,550.75,0.0,585.0,2021-03-01
2021-03-01,Onions (dry),585.0,5.17,5.9,7.0,1.7911612903225802,25.173806451612897,31.998322580645176,19.61935483870968,59.83787096774194,4.444709677419353,527.0,,,,58.0,562.1666666666666,562.1666666666666,0.0,769.0,2021-04-01
2021-04-01,Onions (dry),769.0,4.66,5.76,7.0,2.957933333333333,24.55046666666667,30.21866666666668,20.13686666666666,69.45406666666668,4.395666666666665,585.0,574.5,,,184.0,627.0,613.875,0.0,780.0,2021-05-01
2021-05-01,Onions (dry),780.0,5.2,5.87,7.0,4.084645161290321,23.198838709677418,28.791161290322574,18.890903225806447,71.30193548387098,4.230838709677419,769.0,527.0,,,11.0,711.3333333333334,647.1,0.0,780.0,2021-06-01
2021-06-01,Onions (dry),780.0,5.35,6.32,7.0,0.9444,22.28393333333332,28.215866666666678,17.62313333333334,68.38119999999999,4.6206666666666685,780.0,585.0,,,0.0,776.3333333333334,669.25,0.0,650.0,2021-07-01
2021-07-01,Onions (dry),650.0,5.53,6.55,7.0,1.0405161290322589,21.831161290322573,27.556000000000008,17.353354838709674,66.38948387096771,4.6970967741935485,780.0,769.0,574.5,,-130.0,736.6666666666666,681.8333333333334,0.0,625.5,2021-08-01
2021-08-01,Onions (dry),625.5,5.71,6.57,7.0,0.8192258064516129,22.778129032258075,29.13645161290323,17.586645161290317,62.746903225806456,4.781161290322578,650.0,780.0,527.0,,-24.5,685.1666666666666,698.25,0.0,693.0,2021-09-01
2021-09-01,Onions (dry),693.0,5.35,6.91,7.0,0.8566000000000005,23.6962,30.353733333333302,18.39033333333334,61.80706666666668,5.1367999999999965,625.5,780.0,585.0,,67.5,656.1666666666666,716.25,0.0,758.0,2021-10-01
2021-10-01,Onions (dry),758.0,6.07,6.45,7.0,0.9926451612903228,24.777870967741944,31.445612903225797,19.28006451612903,59.91716129032259,4.692838709677422,693.0,650.0,769.0,,65.0,692.1666666666666,714.4166666666666,0.0,780.0,2021-11-01
2021-11-01,Onions (dry),780.0,6.1,5.8,7.0,2.353666666666667,25.23273333333333,31.71406666666668,20.02933333333334,61.54279999999998,4.274666666666668,758.0,625.5,780.0,,22.0,743.6666666666666,714.4166666666666,0.0,935.5,2021-12-01
2021-12-01,Onions (dry),935.5,5.62,5.73,7.0,3.16367741935484,23.442774193548384,29.09103225806451,19.034,72.45916129032256,4.153032258064515,780.0,693.0,780.0,,155.5,824.5,740.3333333333334,0.0,943.0,2022-01-01
2022-01-01,Onions (dry),943.0,6.08,5.39,7.0,1.0556129032258066,23.976,30.78348387096775,18.405548387096765,61.97374193548387,3.780967741935484,935.5,758.0,650.0,574.5,7.5,886.1666666666666,789.1666666666666,0.0,934.37,2022-02-01
2022-02-01,Onions (dry),934.37,6.23,5.08,7.0,0.751928571428572,25.41328571428572,32.26628571428571,19.74971428571427,57.56485714285712,3.527714285714285,943.0,780.0,625.5,527.0,-8.629999999999995,937.6233333333332,840.645,0.0,999.7,2022-03-01
2022-03-01,Onions (dry),999.7,6.29,5.56,7.0,0.9250967741935486,26.167612903225805,33.591612903225816,19.94232258064516,54.837935483870965,4.3436774193548375,934.37,935.5,693.0,585.0,65.33000000000004,959.0233333333332,891.7616666666667,0.0,1105.0,2022-04-01
2022-04-01,Onions (dry),1105.0,6.05,6.47,9.563291139240508,2.7596666666666665,25.13853333333333,31.40686666666665,20.203266666666657,64.05233333333332,4.33646666666667,999.7,943.0,758.0,769.0,105.29999999999995,1013.0233333333334,949.595,2.5632911392405067,1034.585,2022-05-01
2022-05-01,Onions (dry),1034.585,6.16,7.08,9.570552147239264,2.486967741935484,23.872903225806446,29.77129032258064,19.268516129032268,68.47270967741939,4.5590322580645175,1105.0,934.37,780.0,780.0,-70.41499999999996,1046.4283333333333,992.0258333333333,0.0072610079987569,845.0,2022-06-01
2022-06-01,Onions (dry),845.0,6.29,7.91,9.760670731707316,1.2656000000000005,22.705800000000007,28.840666666666664,17.832266666666662,64.76066666666671,4.906466666666667,1034.585,999.7,935.5,780.0,-189.58500000000004,994.8616666666668,976.9425,0.1901185844680526,659.0,2022-07-01
2022-07-01,Onions (dry),659.0,6.45,8.32,9.784965034965037,1.6142580645161289,21.69451612903225,27.7987741935484,16.916645161290322,66.00006451612902,4.918193548387095,845.0,1105.0,943.0,650.0,-186.0,846.195,929.6091666666669,0.0242943032577187,696.585,2022-08-01
2022-08-01,Onions (dry),696.585,6.61,8.53,9.530821917808218,1.6161935483870968,22.14103225806452,28.39174193548388,17.18245161290323,64.63374193548387,4.733870967741937,659.0,1034.585,934.37,625.5,37.58500000000004,733.5283333333333,889.9783333333334,-0.2541431171568167,650.0,2022-09-01
2022-09-01,Onions (dry),650.0,6.81,9.18,9.66546762589928,3.597333333333333,22.768933333333333,29.142666666666663,17.681600000000003,65.41580000000003,4.821066666666665,696.585,845.0,999.7,693.0,-46.58500000000004,668.5283333333333,831.695,0.1346457080910621,666.25,2022-10-01
2022-10-01,Onions (dry),666.25,7.48,9.59,9.49822695035461,0.6903225806451612,23.904774193548374,30.98670967741936,18.17722580645161,59.52890322580646,4.805741935483872,650.0,659.0,1105.0,758.0,16.25,670.945,758.57,-0.1672406755446704,650.0,2022-11-01
2022-11-01,Onions (dry),650.0,7.38,9.48,8.75,2.975200000000001,23.739,29.523866666666667,19.328000000000003,69.0702,4.057933333333334,666.25,696.585,1034.585,780.0,-16.25,655.4166666666666,694.4725,-0.74822695035461,650.0,2022-12-01
2022-12-01,Onions (dry),650.0,7.66,9.06,9.855,1.1950967741935483,24.37070967741937,30.68529032258063,19.27883870967742,64.15438709677423,3.945419354838709,650.0,650.0,845.0,935.5,0.0,655.4166666666666,661.9725,1.1050000000000004,666.5,2023-01-01
2023-01-01,Onions (dry),666.5,7.95,8.98,8.75,0.4614193548387098,24.429354838709678,31.497419354838705,18.43832258064516,57.50322580645159,4.315354838709677,650.0,666.25,659.0,943.0,16.5,655.5,663.2225,-1.1050000000000004,717.49,2023-02-01
2023-02-01,Onions (dry),717.49,8.3,9.23,8.75,0.2490714285714285,25.779071428571427,33.53999999999999,19.067071428571435,51.11364285714282,4.3248571428571445,666.5,650.0,696.585,934.37,50.99000000000001,677.9966666666667,666.7066666666666,0.0,650.0,2023-03-01
2023-03-01,Onions (dry),650.0,8.59,9.19,9.5,2.4013548387096764,25.384516129032253,31.94077419354838,20.057032258064517,60.971677419354855,4.06658064516129,717.49,650.0,650.0,999.7,-67.49000000000001,677.9966666666667,666.7066666666666,0.75,704.165,2023-04-01
2023-04-01,Onions (dry),704.165,8.71,7.9,9.5,7.197333333333333,23.745999999999984,29.0422,19.674599999999984,74.81580000000002,3.944533333333332,650.0,666.5,666.25,1105.0,54.16499999999997,690.5516666666666,673.0258333333333,0.0,902.2,2023-05-01
2023-05-01,Onions (dry),902.2,8.78,8.03,9.5,4.442903225806452,23.30825806451613,29.11400000000001,18.91664516129032,73.83045161290323,4.281419354838708,704.165,717.49,650.0,1034.585,198.03500000000008,752.1216666666666,715.0591666666666,0.0,1060.5,2023-06-01
2023-06-01,Onions (dry),1060.5,8.77,7.88,10.5,2.095133333333332,22.743266666666667,28.554933333333327,18.20666666666667,71.06640000000003,4.183399999999999,902.2,650.0,650.0,845.0,158.29999999999995,888.9549999999999,783.4758333333333,1.0,1494.5,2023-07-01
2023-07-01,Onions (dry),1494.5,8.68,7.28,10.5,1.2007741935483869,22.377032258064503,28.50600000000001,17.540967741935482,68.09154838709676,4.793741935483872,1060.5,704.165,666.5,659.0,434.0,1152.4,921.4758333333332,0.0,1560.0,2023-08-01
2023-08-01,Onions (dry),1560.0,8.52,6.73,10.5,1.2456129032258063,22.88574193548387,29.28122580645161,17.85677419354839,66.17167741935486,5.026322580645161,1494.5,902.2,717.49,696.585,65.5,1371.6666666666667,1061.8941666666667,0.0,1725.1,2023-09-01
2023-09-01,Onions (dry),1725.1,8.32,6.78,10.5,1.2512666666666667,24.303266666666666,30.885133333333325,19.023200000000013,63.47546666666668,4.6887333333333325,1560.0,1060.5,650.0,650.0,165.0999999999999,1593.2,1241.0775,0.0,1560.0,2023-10-01
2023-12-01,Onions (dry),1696.5,7.67,6.63,12.5,1.8227741935483872,23.924580645161296,29.33877419354839,19.554838709677423,73.56464516129034,3.545483870967744,1560.0,1560.0,902.2,650.0,136.5,1660.5333333333335,1516.1,2.0,1727.145,2024-01-01
2024-01-01,Onions (dry),1727.145,7.5,6.85,12.5,2.3723225806451618,24.25774193548387,29.788000000000004,19.716064516129023,69.22432258064514,3.1272903225806448,1696.5,1725.1,1060.5,650.0,30.644999999999985,1661.215,1627.2075000000002,0.0,1690.0,2024-02-01
2024-02-01,Onions (dry),1690.0,7.26,6.31,13.0,2.0566896551724128,25.350689655172413,31.520551724137945,20.212275862068964,66.31717241379307,3.741241379310345,1727.145,1560.0,1494.5,666.5,-37.14499999999998,1704.5483333333334,1659.7908333333337,0.5,1733.0,2024-03-01
2024-03-01,Onions (dry),1733.0,6.97,5.7,13.0,2.327935483870968,25.79329032258065,31.81593548387097,20.99567741935485,66.56761290322584,4.041161290322585,1690.0,1696.5,1560.0,717.49,43.0,1716.715,1688.6241666666667,0.0,1950.0,2024-04-01
2024-04-01,Onions (dry),1950.0,6.73,5.0,13.0,8.986199999999998,23.79073333333333,28.397533333333328,20.36040000000001,78.19506666666669,3.6072,1733.0,1727.145,1725.1,650.0,217.0,1791.0,1726.1075,0.0,1816.5,2024-05-01
2024-05-01,Onions (dry),1816.5,6.49,5.1,13.0,4.229612903225806,23.623419354838685,28.854064516129032,19.470129032258058,74.99767741935482,4.029419354838709,1950.0,1690.0,1560.0,704.165,-133.5,1833.1666666666667,1768.8575,0.0,1560.0,2024-06-01
2024-06-01,Onions (dry),1560.0,4.64,6.22,13.0,1.2621333333333329,22.826733333333344,28.75386666666668,17.97533333333332,68.3048,4.3918,1816.5,1733.0,1696.5,902.2,-256.5,1775.5,1746.1075,0.0,1044.5,2024-07-01
2024-07-01,Onions (dry),1044.5,5.97,4.31,13.0,1.594709677419355,22.666129032258063,28.35070967741936,18.120193548387093,68.32929032258063,4.065354838709677,1560.0,1950.0,1727.145,1060.5,-515.5,1473.6666666666667,1632.3333333333333,0.0,780.0,2024-08-01
2024-08-01,Onions (dry),780.0,5.77,4.36,12.75,0.9360000000000004,23.02948387096774,29.357999999999997,18.00567741935484,65.19645161290319,4.680645161290326,1044.5,1816.5,1690.0,1494.5,-264.5,1128.1666666666667,1480.6666666666667,-0.25,728.0,2024-09-01
2024-09-01,Onions (dry),728.0,5.5,3.56,12.75,0.904266666666667,24.14846666666667,31.002266666666657,18.607,61.10273333333333,4.912733333333333,780.0,1560.0,1733.0,1560.0,-52.0,850.8333333333334,1313.1666666666667,0.0,845.0,2024-10-01
2024-10-01,Onions (dry),845.0,5.14,2.72,12.0,0.8206451612903226,25.090645161290325,31.86322580645161,19.57612903225806,60.61277419354836,4.586064516129031,728.0,1044.5,1950.0,1725.1,117.0,784.3333333333334,1129.0,-0.75,823.29,2024-11-01
2024-11-01,Onions (dry),823.29,4.81,2.75,12.0,5.397466666666665,24.418533333333343,29.939933333333343,20.20926666666666,70.95033333333329,3.6839333333333326,845.0,780.0,1816.5,1560.0,-21.71000000000004,798.7633333333333,963.465,0.0,1055.015,2024-12-01
2024-12-01,Onions (dry),1055.015,4.5,2.99,11.25,1.8755483870967744,24.34948387096775,30.476387096774182,19.31638709677419,66.94780645161289,3.624516129032257,823.29,728.0,1560.0,1696.5,231.7249999999999,907.7683333333332,879.3008333333333,-0.75,1199.9,2025-01-01
2025-01-01,Onions (dry),1199.9,4.21,3.28,11.25,0.7796774193548389,25.158451612903228,32.159225806451616,19.218838709677406,57.03458064516127,3.969612903225807,1055.015,845.0,1044.5,1727.145,144.88500000000022,1026.0683333333334,905.2008333333332,0.0,1088.75,2025-02-01
2025-02-01,Onions (dry),1088.75,3.98,3.45,10.75,0.1199999999999999,25.695428571428565,33.249857142857124,19.149,54.62171428571431,4.577000000000001,1199.9,823.29,780.0,1690.0,-111.15000000000008,1114.555,956.6591666666668,-0.5,899.99,2025-03-01
2025-03-01,Onions (dry),899.99,3.81,3.62,10.75,2.4451612903225803,25.729548387096774,31.886129032258072,20.82825806451615,63.927096774193565,3.830387096774193,1088.75,1055.015,728.0,1733.0,-188.76,1062.88,985.3241666666668,0.0,780.0,2025-04-01
2025-04-01,Onions (dry),780.0,3.74,4.11,10.0,5.220666666666667,24.250733333333333,29.64446666666668,20.16893333333333,73.82386666666672,3.7092000000000014,899.99,1199.9,845.0,1950.0,-119.99,922.9133333333332,974.4908333333332,-0.75,1217.515,2025-05-01
2025-05-01,Onions (dry),1217.515,3.63,3.75,10.0,4.08264516129032,23.566774193548387,28.9805806451613,19.4305806451613,73.60451612903228,4.216258064516128,780.0,1088.75,823.29,1816.5,437.5149999999999,965.835,1040.195,0.0,1170.0,2025-06-01
2025-06-01,Onions (dry),1170.0,3.56,3.82,9.75,2.105666666666667,22.760866666666672,28.411133333333336,18.32386666666668,70.13126666666663,4.3168,1217.515,899.99,1055.015,1560.0,-47.51499999999987,1055.8383333333334,1059.3591666666669,-0.25,1105.0,2025-07-01
2025-07-01,Onions (dry),1105.0,3.55,4.15,9.75,1.677806451612903,22.34941935483871,28.219612903225794,17.61896774193549,67.3152903225806,4.499483870967742,1170.0,780.0,1199.9,1044.5,-65.0,1164.1716666666666,1043.5424999999998,0.0,1170.0,2025-08-01
2025-08-01,Onions (dry),1170.0,3.56,4.53,9.5,4.021999999999999,22.03522580645161,27.794451612903234,17.444258064516138,68.66664516129035,4.260129032258064,1105.0,1217.515,1088.75,780.0,65.0,1148.3333333333333,1057.0841666666668,-0.25,1560.0,2025-09-01
2025-09-01,Onions (dry),1560.0,3.65,4.58,9.5,0.9335333333333332,23.50606666666667,30.20480000000001,17.999266666666667,62.95826666666672,4.427266666666666,1170.0,1170.0,899.99,728.0,390.0,1278.3333333333333,1167.0858333333333,0.0,975.0,2025-10-01
2026-03-01,Onions (dry),1040.0,4.29,4.39,8.75,2.038562357124712,25.623604267208552,32.159948691897334,20.32225654051306,61.7244211328422,4.11545948691897,975.0,1170.0,1217.515,823.29,65.0,1191.6666666666667,1170.0,-0.75,1646.67,2026-04-01
2026-04-01,Onions (dry),1646.67,4.42,5.59,8.75,5.932325000000009,24.13787371794871,29.4320878205128,20.085883333333346,73.47075320512826,3.949292948717952,1040.0,1560.0,1170.0,1055.015,606.6700000000001,1220.5566666666666,1249.445,0.0,1580.02,2026-05-01
2018-12-01,Potatoes (Irish),70.0,4.69,5.71,9.0,2.113506954720328,24.146886060964768,30.01334418467002,19.406097070139086,68.98363302752291,3.786693696359874,,,,,,70.0,70.0,,70.0,2019-01-01
2021-01-01,Potatoes (Irish),50.0,5.74,5.69,7.0,0.7919354838709679,23.90754838709677,30.62400000000001,18.40103225806452,63.9471612903226,3.8561290322580617,61.0,70.0,,,-11.0,60.333333333333336,62.75,-2.0,51.67,2021-02-01
2021-02-01,Potatoes (Irish),51.67,5.16,5.78,7.0,1.0442857142857147,24.79950000000001,31.69057142857141,19.06357142857143,59.52299999999998,3.674142857142858,50.0,70.0,,,1.6700000000000017,54.223333333333336,60.534000000000006,0.0,50.0,2021-03-01
2021-03-01,Potatoes (Irish),50.0,5.17,5.9,7.0,1.7911612903225802,25.173806451612897,31.998322580645176,19.61935483870968,59.83787096774194,4.444709677419353,51.67,61.0,,,-1.6700000000000017,50.55666666666667,58.778333333333336,0.0,55.18,2021-04-01
2021-04-01,Potatoes (Irish),55.18,4.66,5.76,7.0,2.957933333333333,24.55046666666667,30.21866666666668,20.13686666666666,69.45406666666668,4.395666666666665,50.0,50.0,70.0,,5.18,52.28333333333333,56.30833333333334,0.0,50.665,2021-05-01
2021-05-01,Potatoes (Irish),50.665,5.2,5.87,7.0,4.084645161290321,23.198838709677418,28.791161290322574,18.890903225806447,71.30193548387098,4.230838709677419,55.18,51.67,70.0,,-4.515000000000001,51.94833333333333,53.08583333333334,0.0,51.555,2021-06-01
2021-06-01,Potatoes (Irish),51.555,5.35,6.32,7.0,0.9444,22.28393333333332,28.215866666666678,17.62313333333334,68.38119999999999,4.6206666666666685,50.665,50.0,61.0,,0.8900000000000006,52.46666666666667,51.51166666666668,0.0,50.0,2021-07-01
2021-07-01,Potatoes (Irish),50.0,5.53,6.55,7.0,1.0405161290322589,21.831161290322573,27.556000000000008,17.353354838709674,66.38948387096771,4.6970967741935485,51.555,55.18,50.0,,-1.5549999999999995,50.74,51.51166666666666,0.0,50.0,2021-08-01
2021-08-01,Potatoes (Irish),50.0,5.71,6.57,7.0,0.8192258064516129,22.778129032258075,29.13645161290323,17.586645161290317,62.746903225806456,4.781161290322578,50.0,50.665,51.67,,0.0,50.51833333333334,51.23333333333333,0.0,50.0,2021-09-01
2021-09-01,Potatoes (Irish),50.0,5.35,6.91,7.0,0.8566000000000005,23.6962,30.353733333333302,18.39033333333334,61.80706666666668,5.1367999999999965,50.0,51.555,50.0,,0.0,50.0,51.23333333333333,0.0,50.0,2021-10-01
2021-10-01,Potatoes (Irish),50.0,6.07,6.45,7.0,0.9926451612903228,24.777870967741944,31.445612903225797,19.28006451612903,59.91716129032259,4.692838709677422,50.0,50.0,55.18,70.0,0.0,50.0,50.370000000000005,0.0,50.0,2021-11-01
2021-11-01,Potatoes (Irish),50.0,6.1,5.8,7.0,2.353666666666667,25.23273333333333,31.71406666666668,20.02933333333334,61.54279999999998,4.274666666666668,50.0,50.0,50.665,70.0,0.0,50.0,50.259166666666665,0.0,53.915,2021-12-01
2021-12-01,Potatoes (Irish),53.915,5.62,5.73,7.0,3.16367741935484,23.442774193548384,29.09103225806451,19.034,72.45916129032256,4.153032258064515,50.0,50.0,51.555,61.0,3.914999999999999,51.305,50.6525,0.0,50.0,2022-01-01
2022-01-01,Potatoes (Irish),50.0,6.08,5.39,7.0,1.0556129032258066,23.976,30.78348387096775,18.405548387096765,61.97374193548387,3.780967741935484,53.915,50.0,50.0,50.0,-3.914999999999999,51.305,50.6525,0.0,50.0,2022-02-01
2022-02-01,Potatoes (Irish),50.0,6.23,5.08,7.0,0.751928571428572,25.41328571428572,32.26628571428571,19.74971428571427,57.56485714285712,3.527714285714285,50.0,50.0,50.0,51.67,0.0,51.305,50.6525,0.0,100.0,2022-03-01
2023-01-01,Potatoes (Irish),72.5,7.95,8.98,8.75,0.4614193548387098,24.429354838709678,31.497419354838705,18.43832258064516,57.50322580645159,4.315354838709677,50.0,50.0,50.0,50.665,22.5,74.16666666666667,62.735833333333325,1.75,78.94,2023-02-01
2023-02-01,Potatoes (Irish),78.94,8.3,9.23,8.75,0.2490714285714285,25.779071428571427,33.53999999999999,19.067071428571435,51.11364285714282,4.3248571428571445,72.5,100.0,53.915,51.555,6.439999999999998,67.14666666666666,66.90666666666667,0.0,80.0,2023-03-01
2023-03-01,Potatoes (Irish),80.0,8.59,9.19,9.5,2.4013548387096764,25.384516129032253,31.94077419354838,20.057032258064517,60.971677419354855,4.06658064516129,78.94,50.0,50.0,50.0,1.0600000000000025,77.14666666666666,71.90666666666667,0.75,95.995,2023-04-01
2023-04-01,Potatoes (Irish),95.995,8.71,7.9,9.5,7.197333333333333,23.745999999999984,29.0422,19.674599999999984,74.81580000000002,3.944533333333332,80.0,72.5,50.0,50.0,15.995000000000005,84.97833333333334,79.5725,0.0,100.0,2023-05-01
2023-05-01,Potatoes (Irish),100.0,8.78,8.03,9.5,4.442903225806452,23.30825806451613,29.11400000000001,18.91664516129032,73.83045161290323,4.281419354838708,95.995,78.94,100.0,50.0,4.004999999999996,91.99833333333332,79.5725,0.0,80.0,2023-06-01
2023-06-01,Potatoes (Irish),80.0,8.77,7.88,10.5,2.095133333333332,22.743266666666667,28.554933333333327,18.20666666666667,71.06640000000003,4.183399999999999,100.0,80.0,50.0,50.0,-20.0,91.99833333333332,84.5725,1.0,54.6,2023-07-01
2023-07-01,Potatoes (Irish),54.6,8.68,7.28,10.5,1.2007741935483869,22.377032258064503,28.50600000000001,17.540967741935482,68.09154838709676,4.793741935483872,80.0,95.995,72.5,50.0,-25.4,78.2,81.58916666666667,0.0,52.4,2023-08-01
2023-08-01,Potatoes (Irish),52.4,8.52,6.73,10.5,1.2456129032258063,22.88574193548387,29.28122580645161,17.85677419354839,66.17167741935486,5.026322580645161,54.6,100.0,78.94,53.915,-2.200000000000003,62.333333333333336,77.16583333333334,0.0,70.0,2023-09-01
2023-09-01,Potatoes (Irish),70.0,8.32,6.78,10.5,1.2512666666666667,24.303266666666666,30.885133333333325,19.023200000000013,63.47546666666668,4.6887333333333325,52.4,80.0,80.0,50.0,17.6,59.0,75.49916666666667,0.0,86.67,2023-10-01
2023-10-01,Potatoes (Irish),86.67,8.1,6.92,10.5,2.628645161290323,24.625612903225804,31.094258064516087,19.54954838709677,65.34103225806454,4.684000000000001,70.0,54.6,95.995,50.0,16.67,69.69,73.94500000000001,0.0,80.0,2023-11-01
2023-11-01,Potatoes (Irish),80.0,7.87,6.8,10.5,9.33346666666667,23.02306666666667,27.941599999999973,19.267866666666663,78.72493333333331,3.671533333333332,86.67,52.4,100.0,100.0,-6.670000000000002,78.89,70.61166666666666,0.0,74.83500000000001,2023-12-01
2023-12-01,Potatoes (Irish),74.83500000000001,7.67,6.63,12.5,1.8227741935483872,23.924580645161296,29.33877419354839,19.554838709677423,73.56464516129034,3.545483870967744,80.0,70.0,80.0,50.0,-5.164999999999992,80.50166666666668,69.75083333333333,2.0,66.03,2024-01-01
2024-01-01,Potatoes (Irish),66.03,7.5,6.85,12.5,2.3723225806451618,24.25774193548387,29.788000000000004,19.716064516129023,69.22432258064514,3.1272903225806448,74.83500000000001,86.67,54.6,72.5,-8.805000000000007,73.62166666666667,71.65583333333332,0.0,66.32,2024-02-01
2024-02-01,Potatoes (Irish),66.32,7.26,6.31,13.0,2.0566896551724128,25.350689655172413,31.520551724137945,20.212275862068964,66.31717241379307,3.741241379310345,66.03,80.0,52.4,78.94,0.289999999999992,69.06166666666667,73.97583333333333,0.5,79.265,2024-03-01
2024-03-01,Potatoes (Irish),79.265,6.97,5.7,13.0,2.327935483870968,25.79329032258065,31.81593548387097,20.99567741935485,66.56761290322584,4.041161290322585,66.32,74.83500000000001,70.0,80.0,12.945000000000007,70.53833333333334,75.52,0.0,100.0,2024-04-01
2024-04-01,Potatoes (Irish),100.0,6.73,5.0,13.0,8.986199999999998,23.79073333333333,28.397533333333328,20.36040000000001,78.19506666666669,3.6072,79.265,66.03,86.67,95.995,20.735,81.86166666666666,77.74166666666666,0.0,85.0,2024-05-01
2024-05-01,Potatoes (Irish),85.0,6.49,5.1,13.0,4.229612903225806,23.623419354838685,28.854064516129032,19.470129032258058,74.99767741935482,4.029419354838709,100.0,66.32,80.0,100.0,-15.0,88.08833333333332,78.575,0.0,80.0,2024-06-01
2024-06-01,Potatoes (Irish),80.0,4.64,6.22,13.0,1.2621333333333329,22.826733333333344,28.75386666666668,17.97533333333332,68.3048,4.3918,85.0,79.265,74.83500000000001,80.0,-5.0,88.33333333333333,79.43583333333333,0.0,80.0,2024-07-01
2024-07-01,Potatoes (Irish),80.0,5.97,4.31,13.0,1.594709677419355,22.666129032258063,28.35070967741936,18.120193548387093,68.32929032258063,4.065354838709677,80.0,100.0,66.03,54.6,0.0,81.66666666666667,81.76416666666667,0.0,67.905,2024-08-01
2024-08-01,Potatoes (Irish),67.905,5.77,4.36,12.75,0.9360000000000004,23.02948387096774,29.357999999999997,18.00567741935484,65.19645161290319,4.680645161290326,80.0,85.0,66.32,52.4,-12.095,75.96833333333333,82.02833333333332,-0.25,73.78999999999999,2024-09-01
2024-09-01,Potatoes (Irish),73.78999999999999,5.5,3.56,12.75,0.904266666666667,24.14846666666667,31.002266666666657,18.607,61.10273333333333,4.912733333333333,67.905,80.0,79.265,70.0,5.884999999999991,73.89833333333333,81.11583333333333,0.0,72.80000000000001,2024-10-01
2024-10-01,Potatoes (Irish),72.80000000000001,5.14,2.72,12.0,0.8206451612903226,25.090645161290325,31.86322580645161,19.57612903225806,60.61277419354836,4.586064516129031,73.78999999999999,80.0,100.0,86.67,-0.9899999999999808,71.49833333333333,76.5825,-0.75,78.125,2024-11-01
2024-11-01,Potatoes (Irish),78.125,4.81,2.75,12.0,5.397466666666665,24.418533333333343,29.939933333333343,20.20926666666666,70.95033333333329,3.6839333333333326,72.80000000000001,67.905,85.0,80.0,5.324999999999989,74.905,75.43666666666667,0.0,80.0,2024-12-01
2024-12-01,Potatoes (Irish),80.0,4.5,2.99,11.25,1.8755483870967744,24.34948387096775,30.476387096774182,19.31638709677419,66.94780645161289,3.624516129032257,78.125,73.78999999999999,80.0,74.83500000000001,1.875,76.97500000000001,75.43666666666667,-0.75,72.05,2025-01-01
2025-01-01,Potatoes (Irish),72.05,4.21,3.28,11.25,0.7796774193548389,25.158451612903228,32.159225806451616,19.218838709677406,57.03458064516127,3.969612903225807,80.0,72.80000000000001,80.0,66.03,-7.950000000000003,76.72500000000001,74.11166666666666,0.0,75.83500000000001,2025-02-01
2025-02-01,Potatoes (Irish),75.83500000000001,3.98,3.45,10.75,0.1199999999999999,25.695428571428565,33.249857142857124,19.149,54.62171428571431,4.577000000000001,72.05,78.125,67.905,66.32,3.785000000000011,75.96166666666667,75.43333333333334,-0.5,85.0,2025-03-01
2025-03-01,Potatoes (Irish),85.0,3.81,3.62,10.75,2.4451612903225803,25.729548387096774,31.886129032258072,20.82825806451615,63.927096774193565,3.830387096774193,75.83500000000001,80.0,73.78999999999999,79.265,9.164999999999992,77.62833333333333,77.30166666666668,0.0,87.28999999999999,2025-04-01
2025-04-01,Potatoes (Irish),87.28999999999999,3.74,4.11,10.0,5.220666666666667,24.250733333333333,29.64446666666668,20.16893333333333,73.82386666666672,3.7092000000000014,85.0,72.05,72.80000000000001,100.0,2.289999999999992,82.70833333333333,79.71666666666665,-0.75,76.48500000000001,2025-05-01
2025-05-01,Potatoes (Irish),76.48500000000001,3.63,3.75,10.0,4.08264516129032,23.566774193548387,28.9805806451613,19.4305806451613,73.60451612903228,4.216258064516128,87.28999999999999,75.83500000000001,78.125,85.0,-10.804999999999978,82.925,79.44333333333333,0.0,65.83500000000001,2025-06-01
2025-06-01,Potatoes (Irish),65.83500000000001,3.56,3.82,9.75,2.105666666666667,22.760866666666672,28.411133333333336,18.32386666666668,70.13126666666663,4.3168,76.48500000000001,85.0,80.0,80.0,-10.650000000000006,76.53666666666668,77.0825,-0.25,55.9,2025-07-01
2025-07-01,Potatoes (Irish),55.9,3.55,4.15,9.75,1.677806451612903,22.34941935483871,28.219612903225794,17.61896774193549,67.3152903225806,4.499483870967742,65.83500000000001,87.28999999999999,72.05,80.0,-9.93500000000001,66.07333333333334,74.39083333333333,0.0,50.0,2025-08-01
2025-08-01,Potatoes (Irish),50.0,3.56,4.53,9.5,4.021999999999999,22.03522580645161,27.794451612903234,17.444258064516138,68.66664516129035,4.260129032258064,55.9,76.48500000000001,75.83500000000001,67.905,-5.899999999999999,57.245000000000005,70.085,-0.25,60.0,2025-09-01
2025-09-01,Potatoes (Irish),60.0,3.65,4.58,9.5,0.9335333333333332,23.50606666666667,30.20480000000001,17.999266666666667,62.95826666666672,4.427266666666666,50.0,65.83500000000001,85.0,73.78999999999999,10.0,55.3,65.91833333333334,0.0,71.0,2025-10-01
2025-10-01,Potatoes (Irish),71.0,3.8,4.56,9.25,2.074903225806452,24.370193548387096,30.639741935483865,19.28787096774194,62.97761290322581,4.31516129032258,60.0,55.9,87.28999999999999,72.80000000000001,11.0,60.333333333333336,63.20333333333334,-0.25,77.78,2025-11-01
2025-11-01,Potatoes (Irish),77.78,3.94,4.46,9.25,1.0433333333333334,24.573666666666664,30.835266666666666,19.537066666666654,65.35886666666669,4.259733333333332,71.0,50.0,76.48500000000001,78.125,6.780000000000001,69.59333333333333,63.41916666666666,0.0,60.0,2025-12-01
2025-12-01,Potatoes (Irish),60.0,4.07,4.49,9.0,1.8190322580645149,25.00529032258064,31.20554838709679,19.921161290322583,63.28716129032258,3.802903225806451,77.78,60.0,65.83500000000001,80.0,-17.78,69.59333333333333,62.446666666666665,-0.25,64.12,2026-01-01
2026-01-01,Potatoes (Irish),64.12,4.16,4.4,9.0,1.145822580645162,24.324359375000025,30.912066028225794,18.84784173387096,62.25724697580647,3.792182963709665,60.0,71.0,55.9,72.05,4.1200000000000045,67.3,63.81666666666666,0.0,71.07,2026-02-01
2026-02-01,Potatoes (Irish),71.07,4.23,4.25,8.75,0.8548126154556672,25.384638912407667,32.41319515855911,19.4430963092672,58.030784848368256,3.961852101293102,64.12,77.78,50.0,75.83500000000001,6.949999999999989,65.06333333333333,67.32833333333333,-0.25,85.11,2026-03-01
2026-03-01,Potatoes (Irish),85.11,4.29,4.39,8.75,2.038562357124712,25.623604267208552,32.159948691897334,20.32225654051306,61.7244211328422,4.11545948691897,71.07,60.0,60.0,85.0,14.040000000000006,73.43333333333334,71.51333333333334,0.0,96.665,2026-04-01
2026-04-01,Potatoes (Irish),96.665,4.42,5.59,8.75,5.932325000000009,24.13787371794871,29.4320878205128,20.085883333333346,73.47075320512826,3.949292948717952,85.11,64.12,71.0,87.28999999999999,11.554999999999993,84.28166666666667,75.79083333333334,0.0,80.5,2026-05-01
2026-05-01,Potatoes (Irish),80.5,4.66,6.68,8.75,4.067935483870966,23.4403436950146,28.97188914956016,19.169278592375367,73.17871788856294,4.220569501466271,96.665,71.07,77.78,76.48500000000001,-16.164999999999992,87.425,76.24416666666667,0.0,68.75,2026-06-01
2026-06-01,Potatoes (Irish),68.75,4.88,6.41,8.75,1.601358260869567,22.64871652173913,28.488699130434828,18.015693913043457,69.15025217391297,4.422414492753631,80.5,85.11,60.0,65.83500000000001,-11.75,81.97166666666666,77.7025,0.0,80.0,2026-07-01
2026-07-01,Potatoes (Irish),80.0,5.08,6.49,9.784965034965037,1.390702052785923,22.23961524926686,28.102879765395908,17.588340175953082,67.44304222873895,4.551488563049847,68.75,96.665,64.12,55.9,11.25,76.41666666666667,80.34916666666668,1.034965034965035,80.0,2026-08-01
2021-01-01,"Potatoes (Irish, red)",1750.0,5.74,5.69,7.0,0.7919354838709679,23.90754838709677,30.62400000000001,18.40103225806452,63.9471612903226,3.8561290322580617,,,,,,1750.0,1750.0,,1408.5,2021-02-01
2021-02-01,"Potatoes (Irish, red)",1408.5,5.16,5.78,7.0,1.0442857142857147,24.79950000000001,31.69057142857141,19.06357142857143,59.52299999999998,3.674142857142858,1750.0,,,,-341.5,1579.25,1579.25,0.0,1800.0,2021-03-01
2021-03-01,"Potatoes (Irish, red)",1800.0,5.17,5.9,7.0,1.7911612903225802,25.173806451612897,31.998322580645176,19.61935483870968,59.83787096774194,4.444709677419353,1408.5,,,,391.5,1652.8333333333333,1652.8333333333333,0.0,2000.0,2021-04-01
2021-06-01,"Potatoes (Irish, red)",1850.0,5.35,6.32,7.0,0.9444,22.28393333333332,28.215866666666678,17.62313333333334,68.38119999999999,4.6206666666666685,2000.0,1408.5,,,-150.0,1883.3333333333333,1761.7,0.0,1520.75,2021-07-01
2021-07-01,"Potatoes (Irish, red)",1520.75,5.53,6.55,7.0,1.0405161290322589,21.831161290322573,27.556000000000008,17.353354838709674,66.38948387096771,4.6970967741935485,1850.0,1800.0,,,-329.25,1790.25,1721.5416666666667,0.0,1750.0,2021-08-01
2021-08-01,"Potatoes (Irish, red)",1750.0,5.71,6.57,7.0,0.8192258064516129,22.778129032258075,29.13645161290323,17.586645161290317,62.746903225806456,4.781161290322578,1520.75,2000.0,1750.0,,229.25,1706.9166666666667,1721.5416666666667,0.0,1260.5,2021-09-01
2021-09-01,"Potatoes (Irish, red)",1260.5,5.35,6.91,7.0,0.8566000000000005,23.6962,30.353733333333302,18.39033333333334,61.80706666666668,5.1367999999999965,1750.0,1850.0,1408.5,,-489.5,1510.4166666666667,1696.875,0.0,1508.5,2021-10-01
2021-10-01,"Potatoes (Irish, red)",1508.5,6.07,6.45,7.0,0.9926451612903228,24.777870967741944,31.445612903225797,19.28006451612903,59.91716129032259,4.692838709677422,1260.5,1520.75,1800.0,,248.0,1506.3333333333333,1648.2916666666667,0.0,1394.165,2021-11-01
2021-11-01,"Potatoes (Irish, red)",1394.165,6.1,5.8,7.0,2.353666666666667,25.23273333333333,31.71406666666668,20.02933333333334,61.54279999999998,4.274666666666668,1508.5,1750.0,2000.0,,-114.33500000000004,1387.7216666666666,1547.319166666667,0.0,1576.0,2021-12-01
2021-12-01,"Potatoes (Irish, red)",1576.0,5.62,5.73,7.0,3.16367741935484,23.442774193548384,29.09103225806451,19.034,72.45916129032256,4.153032258064515,1394.165,1260.5,1850.0,,181.83500000000004,1492.888333333333,1501.6525,0.0,1914.5,2022-01-01
2022-01-01,"Potatoes (Irish, red)",1914.5,6.08,5.39,7.0,1.0556129032258066,23.976,30.78348387096775,18.405548387096765,61.97374193548387,3.780967741935484,1576.0,1508.5,1520.75,,338.5,1628.2216666666666,1567.2775,0.0,2300.0,2022-02-01
2022-02-01,"Potatoes (Irish, red)",2300.0,6.23,5.08,7.0,0.751928571428572,25.41328571428572,32.26628571428571,19.74971428571427,57.56485714285712,3.527714285714285,1914.5,1394.165,1750.0,1750.0,385.5,1930.1666666666667,1658.944166666667,0.0,2595.0,2022-03-01
2022-05-01,"Potatoes (Irish, red)",2469.165,6.16,7.08,9.570552147239264,2.486967741935484,23.872903225806446,29.77129032258064,19.268516129032268,68.47270967741939,4.5590322580645175,2595.0,1914.5,1508.5,1800.0,-125.83500000000004,2454.721666666667,2041.471666666667,2.570552147239264,2607.5,2022-06-01
2022-06-01,"Potatoes (Irish, red)",2607.5,6.29,7.91,9.760670731707316,1.2656000000000005,22.705800000000007,28.840666666666664,17.832266666666662,64.76066666666671,4.906466666666667,2469.165,2300.0,1394.165,2000.0,138.33500000000004,2557.221666666667,2243.6941666666667,0.1901185844680526,2875.0,2022-07-01
2022-07-01,"Potatoes (Irish, red)",2875.0,6.45,8.32,9.784965034965037,1.6142580645161289,21.69451612903225,27.7987741935484,16.916645161290322,66.00006451612902,4.918193548387095,2607.5,2595.0,1576.0,1850.0,267.5,2650.555,2460.1941666666667,0.0242943032577187,1855.0,2022-08-01
2022-08-01,"Potatoes (Irish, red)",1855.0,6.61,8.53,9.530821917808218,1.6161935483870968,22.14103225806452,28.39174193548388,17.18245161290323,64.63374193548387,4.733870967741937,2875.0,2469.165,1914.5,1520.75,-1020.0,2445.833333333333,2450.2775,-0.2541431171568167,2537.5,2022-09-01
2022-09-01,"Potatoes (Irish, red)",2537.5,6.81,9.18,9.66546762589928,3.597333333333333,22.768933333333333,29.142666666666663,17.681600000000003,65.41580000000003,4.821066666666665,1855.0,2607.5,2300.0,1750.0,682.5,2422.5,2489.8608333333336,0.1346457080910621,2598.0,2022-10-01
2022-10-01,"Potatoes (Irish, red)",2598.0,7.48,9.59,9.49822695035461,0.6903225806451612,23.904774193548374,30.98670967741936,18.17722580645161,59.52890322580646,4.805741935483872,2537.5,2875.0,2595.0,1260.5,60.5,2330.1666666666665,2490.3608333333336,-0.1672406755446704,2840.0,2022-11-01
2022-11-01,"Potatoes (Irish, red)",2840.0,7.38,9.48,8.75,2.975200000000001,23.739,29.523866666666667,19.328000000000003,69.0702,4.057933333333334,2598.0,1855.0,2469.165,1508.5,242.0,2658.5,2552.1666666666665,-0.74822695035461,2650.0,2022-12-01
2022-12-01,"Potatoes (Irish, red)",2650.0,7.66,9.06,9.855,1.1950967741935483,24.37070967741937,30.68529032258063,19.27883870967742,64.15438709677423,3.945419354838709,2840.0,2537.5,2607.5,1394.165,-190.0,2696.0,2559.25,1.1050000000000004,2139.0,2023-01-01
2023-01-01,"Potatoes (Irish, red)",2139.0,7.95,8.98,8.75,0.4614193548387098,24.429354838709678,31.497419354838705,18.43832258064516,57.50322580645159,4.315354838709677,2650.0,2598.0,2875.0,1576.0,-511.0,2543.0,2436.583333333333,-1.1050000000000004,3500.0,2023-02-01
2023-02-01,"Potatoes (Irish, red)",3500.0,8.3,9.23,8.75,0.2490714285714285,25.779071428571427,33.53999999999999,19.067071428571435,51.11364285714282,4.3248571428571445,2139.0,2840.0,1855.0,1914.5,1361.0,2763.0,2710.75,0.0,3325.0,2023-03-01
2023-03-01,"Potatoes (Irish, red)",3325.0,8.59,9.19,9.5,2.4013548387096764,25.384516129032253,31.94077419354838,20.057032258064517,60.971677419354855,4.06658064516129,3500.0,2650.0,2537.5,2300.0,-175.0,2988.0,2842.0,0.75,4688.335,2023-04-01
2023-04-01,"Potatoes (Irish, red)",4688.335,8.71,7.9,9.5,7.197333333333333,23.745999999999984,29.0422,19.674599999999984,74.81580000000002,3.944533333333332,3325.0,2139.0,2598.0,2595.0,1363.335,3837.778333333333,3190.3891666666664,0.0,4250.0,2023-05-01
2023-05-01,"Potatoes (Irish, red)",4250.0,8.78,8.03,9.5,4.442903225806452,23.30825806451613,29.11400000000001,18.91664516129032,73.83045161290323,4.281419354838708,4688.335,3500.0,2840.0,2469.165,-438.335,4087.778333333333,3425.3891666666664,0.0,4000.0,2023-06-01
2023-06-01,"Potatoes (Irish, red)",4000.0,8.77,7.88,10.5,2.095133333333332,22.743266666666667,28.554933333333327,18.20666666666667,71.06640000000003,4.183399999999999,4250.0,3325.0,2650.0,2607.5,-250.0,4312.778333333333,3650.3891666666655,1.0,2198.5,2023-07-01
2023-07-01,"Potatoes (Irish, red)",2198.5,8.68,7.28,10.5,1.2007741935483869,22.377032258064503,28.50600000000001,17.540967741935482,68.09154838709676,4.793741935483872,4000.0,4688.335,2139.0,2875.0,-1801.5,3482.833333333333,3660.305833333333,0.0,3000.0,2023-08-01
2023-12-01,"Potatoes (Irish, red)",3500.0,7.67,6.63,12.5,1.8227741935483872,23.924580645161296,29.33877419354839,19.554838709677423,73.56464516129034,3.545483870967744,3000.0,2198.5,4688.335,2598.0,500.0,3166.6666666666665,3324.75,2.0,3000.0,2024-01-01
2024-01-01,"Potatoes (Irish, red)",3000.0,7.5,6.85,12.5,2.3723225806451618,24.25774193548387,29.788000000000004,19.716064516129023,69.22432258064514,3.1272903225806448,3500.0,3000.0,4250.0,2840.0,-500.0,3166.6666666666665,3116.4166666666665,0.0,2537.5,2024-02-01
2024-02-01,"Potatoes (Irish, red)",2537.5,7.26,6.31,13.0,2.0566896551724128,25.350689655172413,31.520551724137945,20.212275862068964,66.31717241379307,3.741241379310345,3000.0,3000.0,4000.0,2650.0,-462.5,3012.5,2872.6666666666665,0.5,2914.5,2024-03-01
2024-03-01,"Potatoes (Irish, red)",2914.5,6.97,5.7,13.0,2.327935483870968,25.79329032258065,31.81593548387097,20.99567741935485,66.56761290322584,4.041161290322585,2537.5,3500.0,2198.5,2139.0,377.0,2817.333333333333,2992.0,0.0,3250.0,2024-04-01
2024-04-01,"Potatoes (Irish, red)",3250.0,6.73,5.0,13.0,8.986199999999998,23.79073333333333,28.397533333333328,20.36040000000001,78.19506666666669,3.6072,2914.5,3000.0,3000.0,3500.0,335.5,2900.6666666666665,3033.6666666666665,0.0,2584.0,2024-05-01
2024-05-01,"Potatoes (Irish, red)",2584.0,6.49,5.1,13.0,4.229612903225806,23.623419354838685,28.854064516129032,19.470129032258058,74.99767741935482,4.029419354838709,3250.0,2537.5,3000.0,3325.0,-666.0,2916.1666666666665,2964.333333333333,0.0,2583.0,2024-06-01
2024-06-01,"Potatoes (Irish, red)",2583.0,4.64,6.22,13.0,1.2621333333333329,22.826733333333344,28.75386666666668,17.97533333333332,68.3048,4.3918,2584.0,2914.5,3500.0,4688.335,-1.0,2805.6666666666665,2811.5,0.0,3092.0,2024-07-01
2024-07-01,"Potatoes (Irish, red)",3092.0,5.97,4.31,13.0,1.594709677419355,22.666129032258063,28.35070967741936,18.120193548387093,68.32929032258063,4.065354838709677,2583.0,3250.0,3000.0,4250.0,509.0,2753.0,2826.833333333333,0.0,3500.0,2024-08-01
2024-08-01,"Potatoes (Irish, red)",3500.0,5.77,4.36,12.75,0.9360000000000004,23.02948387096774,29.357999999999997,18.00567741935484,65.19645161290319,4.680645161290326,3092.0,2584.0,2537.5,4000.0,408.0,3058.333333333333,2987.25,-0.25,3750.0,2024-09-01
2024-09-01,"Potatoes (Irish, red)",3750.0,5.5,3.56,12.75,0.904266666666667,24.14846666666667,31.002266666666657,18.607,61.10273333333333,4.912733333333333,3500.0,2583.0,2914.5,2198.5,250.0,3447.333333333333,3126.5,0.0,3250.0,2024-10-01
2024-10-01,"Potatoes (Irish, red)",3250.0,5.14,2.72,12.0,0.8206451612903226,25.090645161290325,31.86322580645161,19.57612903225806,60.61277419354836,4.586064516129031,3750.0,3092.0,3250.0,3000.0,-500.0,3500.0,3126.5,-0.75,2666.5,2024-11-01
2024-11-01,"Potatoes (Irish, red)",2666.5,4.81,2.75,12.0,5.397466666666665,24.418533333333343,29.939933333333343,20.20926666666666,70.95033333333329,3.6839333333333326,3250.0,3500.0,2584.0,3000.0,-583.5,3222.1666666666665,3140.25,0.0,2500.0,2024-12-01
2024-12-01,"Potatoes (Irish, red)",2500.0,4.5,2.99,11.25,1.8755483870967744,24.34948387096775,30.476387096774182,19.31638709677419,66.94780645161289,3.624516129032257,2666.5,3750.0,2583.0,3500.0,-166.5,2805.5,3126.4166666666665,-0.75,3000.0,2025-01-01
2025-01-01,"Potatoes (Irish, red)",3000.0,4.21,3.28,11.25,0.7796774193548389,25.158451612903228,32.159225806451616,19.218838709677406,57.03458064516127,3.969612903225807,2500.0,3250.0,3092.0,3000.0,500.0,2722.1666666666665,3111.083333333333,0.0,2187.5,2025-02-01
2025-02-01,"Potatoes (Irish, red)",2187.5,3.98,3.45,10.75,0.1199999999999999,25.695428571428565,33.249857142857124,19.149,54.62171428571431,4.577000000000001,3000.0,2666.5,3500.0,2537.5,-812.5,2562.5,2892.333333333333,-0.5,2833.5,2025-03-01
2025-05-01,"Potatoes (Irish, red)",2500.0,3.63,3.75,10.0,4.08264516129032,23.566774193548387,28.9805806451613,19.4305806451613,73.60451612903228,4.216258064516128,2833.5,3000.0,3250.0,3250.0,-333.5,2507.0,2614.583333333333,-0.75,2500.0,2025-06-01
2025-09-01,"Potatoes (Irish, red)",2500.0,3.65,4.58,9.5,0.9335333333333332,23.50606666666667,30.20480000000001,17.999266666666667,62.95826666666672,4.427266666666666,2500.0,2833.5,2500.0,2583.0,0.0,2500.0,2586.833333333333,-0.5,2500.0,2025-10-01
2026-04-01,"Potatoes (Irish, red)",3000.0,4.42,5.59,8.75,5.932325000000009,24.13787371794871,29.4320878205128,20.085883333333346,73.47075320512826,3.949292948717952,2500.0,2500.0,2187.5,3500.0,500.0,2666.6666666666665,2638.9166666666665,-0.75,3000.0,2026-05-01
2021-01-01,"Potatoes (Irish, white)",1866.5,5.74,5.69,7.0,0.7919354838709679,23.90754838709677,30.62400000000001,18.40103225806452,63.9471612903226,3.8561290322580617,,,,,,1866.5,1866.5,,1608.0,2021-02-01
2021-02-01,"Potatoes (Irish, white)",1608.0,5.16,5.78,7.0,1.0442857142857147,24.79950000000001,31.69057142857141,19.06357142857143,59.52299999999998,3.674142857142858,1866.5,,,,-258.5,1737.25,1737.25,0.0,1450.0,2021-03-01
2021-03-01,"Potatoes (Irish, white)",1450.0,5.17,5.9,7.0,1.7911612903225802,25.173806451612897,31.998322580645176,19.61935483870968,59.83787096774194,4.444709677419353,1608.0,,,,-158.0,1641.5,1641.5,0.0,1968.0,2021-04-01
2021-04-01,"Potatoes (Irish, white)",1968.0,4.66,5.76,7.0,2.957933333333333,24.55046666666667,30.21866666666668,20.13686666666666,69.45406666666668,4.395666666666665,1450.0,1866.5,,,518.0,1675.3333333333333,1723.125,0.0,1193.0,2021-05-01
2021-05-01,"Potatoes (Irish, white)",1193.0,5.2,5.87,7.0,4.084645161290321,23.198838709677418,28.791161290322574,18.890903225806447,71.30193548387098,4.230838709677419,1968.0,1608.0,,,-775.0,1537.0,1617.1,0.0,1575.0,2021-06-01
2021-06-01,"Potatoes (Irish, white)",1575.0,5.35,6.32,7.0,0.9444,22.28393333333332,28.215866666666678,17.62313333333334,68.38119999999999,4.6206666666666685,1193.0,1450.0,,,382.0,1578.6666666666667,1610.0833333333333,0.0,1408.5,2021-07-01
2021-07-01,"Potatoes (Irish, white)",1408.5,5.53,6.55,7.0,1.0405161290322589,21.831161290322573,27.556000000000008,17.353354838709674,66.38948387096771,4.6970967741935485,1575.0,1968.0,1866.5,,-166.5,1392.1666666666667,1533.75,0.0,1150.0,2021-08-01
2021-08-01,"Potatoes (Irish, white)",1150.0,5.71,6.57,7.0,0.8192258064516129,22.778129032258075,29.13645161290323,17.586645161290317,62.746903225806456,4.781161290322578,1408.5,1193.0,1608.0,,-258.5,1377.8333333333333,1457.4166666666667,0.0,1200.0,2021-09-01
2021-09-01,"Potatoes (Irish, white)",1200.0,5.35,6.91,7.0,0.8566000000000005,23.6962,30.353733333333302,18.39033333333334,61.80706666666668,5.1367999999999965,1150.0,1575.0,1450.0,,50.0,1252.8333333333333,1415.75,0.0,1250.0,2021-10-01
2021-10-01,"Potatoes (Irish, white)",1250.0,6.07,6.45,7.0,0.9926451612903228,24.777870967741944,31.445612903225797,19.28006451612903,59.91716129032259,4.692838709677422,1200.0,1408.5,1968.0,,50.0,1200.0,1296.0833333333333,0.0,1750.0,2021-11-01
2021-11-01,"Potatoes (Irish, white)",1750.0,6.1,5.8,7.0,2.353666666666667,25.23273333333333,31.71406666666668,20.02933333333334,61.54279999999998,4.274666666666668,1250.0,1150.0,1193.0,,500.0,1400.0,1388.9166666666667,0.0,1730.0,2021-12-01
2021-12-01,"Potatoes (Irish, white)",1730.0,5.62,5.73,7.0,3.16367741935484,23.442774193548384,29.09103225806451,19.034,72.45916129032256,4.153032258064515,1750.0,1200.0,1575.0,,-20.0,1576.6666666666667,1414.75,0.0,2126.5,2022-01-01
2022-01-01,"Potatoes (Irish, white)",2126.5,6.08,5.39,7.0,1.0556129032258066,23.976,30.78348387096775,18.405548387096765,61.97374193548387,3.780967741935484,1730.0,1250.0,1408.5,1866.5,396.5,1868.8333333333333,1534.4166666666667,0.0,2116.25,2022-02-01
2022-02-01,"Potatoes (Irish, white)",2116.25,6.23,5.08,7.0,0.751928571428572,25.41328571428572,32.26628571428571,19.74971428571427,57.56485714285712,3.527714285714285,2126.5,1750.0,1150.0,1608.0,-10.25,1990.9166666666667,1695.4583333333333,0.0,2070.0,2022-03-01
2022-05-01,"Potatoes (Irish, white)",2825.0,6.16,7.08,9.570552147239264,2.486967741935484,23.872903225806446,29.77129032258064,19.268516129032268,68.47270967741939,4.5590322580645175,2070.0,2126.5,1250.0,1968.0,755.0,2337.083333333333,2102.958333333333,2.570552147239264,2285.0,2022-06-01
2022-06-01,"Potatoes (Irish, white)",2285.0,6.29,7.91,9.760670731707316,1.2656000000000005,22.705800000000007,28.840666666666664,17.832266666666662,64.76066666666671,4.906466666666667,2825.0,2116.25,1750.0,1193.0,-540.0,2393.333333333333,2192.125,0.1901185844680526,2331.5,2022-07-01
2022-07-01,"Potatoes (Irish, white)",2331.5,6.45,8.32,9.784965034965037,1.6142580645161289,21.69451612903225,27.7987741935484,16.916645161290322,66.00006451612902,4.918193548387095,2285.0,2070.0,1730.0,1575.0,46.5,2480.5,2292.375,0.0242943032577187,2238.33,2022-08-01
2022-08-01,"Potatoes (Irish, white)",2238.33,6.61,8.53,9.530821917808218,1.6161935483870968,22.14103225806452,28.39174193548388,17.18245161290323,64.63374193548387,4.733870967741937,2331.5,2825.0,2126.5,1408.5,-93.17000000000009,2284.943333333333,2311.0133333333333,-0.2541431171568167,2270.0,2022-09-01
2022-09-01,"Potatoes (Irish, white)",2270.0,6.81,9.18,9.66546762589928,3.597333333333333,22.768933333333333,29.142666666666663,17.681600000000003,65.41580000000003,4.821066666666665,2238.33,2285.0,2116.25,1150.0,31.670000000000076,2279.943333333333,2336.6383333333333,0.1346457080910621,3406.25,2022-10-01
2022-10-01,"Potatoes (Irish, white)",3406.25,7.48,9.59,9.49822695035461,0.6903225806451612,23.904774193548374,30.98670967741936,18.17722580645161,59.52890322580646,4.805741935483872,2270.0,2331.5,2070.0,1200.0,1136.25,2638.193333333333,2559.346666666667,-0.1672406755446704,3418.0,2022-11-01
2022-11-01,"Potatoes (Irish, white)",3418.0,7.38,9.48,8.75,2.975200000000001,23.739,29.523866666666667,19.328000000000003,69.0702,4.057933333333334,3406.25,2238.33,2825.0,1250.0,11.75,3031.4166666666665,2658.18,-0.74822695035461,2999.0,2022-12-01
2022-12-01,"Potatoes (Irish, white)",2999.0,7.66,9.06,9.855,1.1950967741935483,24.37070967741937,30.68529032258063,19.27883870967742,64.15438709677423,3.945419354838709,3418.0,2270.0,2285.0,1750.0,-419.0,3274.4166666666665,2777.1800000000003,1.1050000000000004,3071.0,2023-01-01
2023-01-01,"Potatoes (Irish, white)",3071.0,7.95,8.98,8.75,0.4614193548387098,24.429354838709678,31.497419354838705,18.43832258064516,57.50322580645159,4.315354838709677,2999.0,3406.25,2331.5,1730.0,72.0,3162.6666666666665,2900.4300000000003,-1.1050000000000004,3170.415,2023-02-01
2023-02-01,"Potatoes (Irish, white)",3170.415,8.3,9.23,8.75,0.2490714285714285,25.779071428571427,33.53999999999999,19.067071428571435,51.11364285714282,4.3248571428571445,3071.0,3418.0,2238.33,2126.5,99.41499999999996,3080.138333333334,3055.7775,0.0,3357.0,2023-03-01
2023-03-01,"Potatoes (Irish, white)",3357.0,8.59,9.19,9.5,2.4013548387096764,25.384516129032253,31.94077419354838,20.057032258064517,60.971677419354855,4.06658064516129,3170.415,2999.0,2270.0,2116.25,186.58500000000004,3199.471666666667,3236.9441666666667,0.75,4130.0,2023-04-01
2023-04-01,"Potatoes (Irish, white)",4130.0,8.71,7.9,9.5,7.197333333333333,23.745999999999984,29.0422,19.674599999999984,74.81580000000002,3.944533333333332,3357.0,3071.0,3406.25,2070.0,773.0,3552.471666666667,3357.5691666666667,0.0,3641.25,2023-05-01
2023-05-01,"Potatoes (Irish, white)",3641.25,8.78,8.03,9.5,4.442903225806452,23.30825806451613,29.11400000000001,18.91664516129032,73.83045161290323,4.281419354838708,4130.0,3170.415,3418.0,2825.0,-488.75,3709.4166666666665,3394.7775,0.0,2722.0,2023-06-01
2023-06-01,"Potatoes (Irish, white)",2722.0,8.77,7.88,10.5,2.095133333333332,22.743266666666667,28.554933333333327,18.20666666666667,71.06640000000003,4.183399999999999,3641.25,3357.0,2999.0,2285.0,-919.25,3497.75,3348.6108333333336,1.0,2238.0,2023-07-01
2023-07-01,"Potatoes (Irish, white)",2238.0,8.68,7.28,10.5,1.2007741935483869,22.377032258064503,28.50600000000001,17.540967741935482,68.09154838709676,4.793741935483872,2722.0,4130.0,3071.0,2331.5,-484.0,2867.083333333333,3209.7775,0.0,2450.0,2023-08-01
2023-08-01,"Potatoes (Irish, white)",2450.0,8.52,6.73,10.5,1.2456129032258063,22.88574193548387,29.28122580645161,17.85677419354839,66.17167741935486,5.026322580645161,2238.0,3641.25,3170.415,2238.33,212.0,2470.0,3089.708333333333,0.0,2085.0,2023-09-01
2023-09-01,"Potatoes (Irish, white)",2085.0,8.32,6.78,10.5,1.2512666666666667,24.303266666666666,30.885133333333325,19.023200000000013,63.47546666666668,4.6887333333333325,2450.0,2722.0,3357.0,2270.0,-365.0,2257.6666666666665,2877.708333333333,0.0,2450.0,2023-10-01
2023-12-01,"Potatoes (Irish, white)",3241.67,7.67,6.63,12.5,1.8227741935483872,23.924580645161296,29.33877419354839,19.554838709677423,73.56464516129034,3.545483870967744,2450.0,2450.0,3641.25,3418.0,791.6700000000001,2592.2233333333334,2531.1116666666667,2.0,3070.0,2024-01-01
2024-01-01,"Potatoes (Irish, white)",3070.0,7.5,6.85,12.5,2.3723225806451618,24.25774193548387,29.788000000000004,19.716064516129023,69.22432258064514,3.1272903225806448,3241.67,2085.0,2722.0,2999.0,-171.67000000000007,2920.556666666667,2589.1116666666667,0.0,3790.0,2024-02-01
2024-02-01,"Potatoes (Irish, white)",3790.0,7.26,6.31,13.0,2.0566896551724128,25.350689655172413,31.520551724137945,20.212275862068964,66.31717241379307,3.741241379310345,3070.0,2450.0,2238.0,3071.0,720.0,3367.2233333333334,2847.778333333333,0.5,2750.0,2024-03-01
2024-03-01,"Potatoes (Irish, white)",2750.0,6.97,5.7,13.0,2.327935483870968,25.79329032258065,31.81593548387097,20.99567741935485,66.56761290322584,4.041161290322585,3790.0,3241.67,2450.0,3170.415,-1040.0,3203.333333333333,2897.778333333333,0.0,2750.0,2024-04-01
2024-04-01,"Potatoes (Irish, white)",2750.0,6.73,5.0,13.0,8.986199999999998,23.79073333333333,28.397533333333328,20.36040000000001,78.19506666666669,3.6072,2750.0,3070.0,2085.0,3357.0,0.0,3096.6666666666665,3008.611666666666,0.0,2900.0,2024-05-01
2024-05-01,"Potatoes (Irish, white)",2900.0,6.49,5.1,13.0,4.229612903225806,23.623419354838685,28.854064516129032,19.470129032258058,74.99767741935482,4.029419354838709,2750.0,3790.0,2450.0,4130.0,150.0,2800.0,3083.611666666666,0.0,2476.5,2024-06-01
2024-06-01,"Potatoes (Irish, white)",2476.5,4.64,6.22,13.0,1.2621333333333329,22.826733333333344,28.75386666666668,17.97533333333332,68.3048,4.3918,2900.0,2750.0,3241.67,3641.25,-423.5,2708.833333333333,2956.083333333333,0.0,2500.0,2024-07-01
2024-07-01,"Potatoes (Irish, white)",2500.0,5.97,4.31,13.0,1.594709677419355,22.666129032258063,28.35070967741936,18.120193548387093,68.32929032258063,4.065354838709677,2476.5,2750.0,3070.0,2722.0,23.5,2625.5,2861.083333333333,0.0,2905.5,2024-08-01
2024-08-01,"Potatoes (Irish, white)",2905.5,5.77,4.36,12.75,0.9360000000000004,23.02948387096774,29.357999999999997,18.00567741935484,65.19645161290319,4.680645161290326,2500.0,2900.0,3790.0,2238.0,405.5,2627.333333333333,2713.6666666666665,-0.25,2475.5,2024-09-01
2024-09-01,"Potatoes (Irish, white)",2475.5,5.5,3.56,12.75,0.904266666666667,24.14846666666667,31.002266666666657,18.607,61.10273333333333,4.912733333333333,2905.5,2476.5,2750.0,2450.0,-430.0,2627.0,2667.9166666666665,0.0,1944.5,2024-10-01
2024-12-01,"Potatoes (Irish, white)",2949.25,4.5,2.99,11.25,1.8755483870967744,24.34948387096775,30.476387096774182,19.31638709677419,66.94780645161289,3.624516129032257,1944.5,2905.5,2900.0,2450.0,1004.75,2456.4166666666665,2541.875,-1.5,4000.0,2025-01-01
2025-01-01,"Potatoes (Irish, white)",4000.0,4.21,3.28,11.25,0.7796774193548389,25.158451612903228,32.159225806451616,19.218838709677406,57.03458064516127,3.969612903225807,2949.25,2475.5,2476.5,3241.67,1050.75,2964.583333333333,2795.7916666666665,0.0,2796.4300000000003,2025-02-01
2025-02-01,"Potatoes (Irish, white)",2796.4300000000003,3.98,3.45,10.75,0.1199999999999999,25.695428571428565,33.249857142857124,19.149,54.62171428571431,4.577000000000001,4000.0,1944.5,2500.0,3070.0,-1203.5699999999997,3248.56,2845.1966666666667,-0.5,3100.0,2025-03-01
2025-03-01,"Potatoes (Irish, white)",3100.0,3.81,3.62,10.75,2.4451612903225803,25.729548387096774,31.886129032258072,20.82825806451615,63.927096774193565,3.830387096774193,2796.4300000000003,2949.25,2905.5,3790.0,303.5699999999997,3298.81,2877.613333333333,0.0,3587.5,2025-04-01
2025-04-01,"Potatoes (Irish, white)",3587.5,3.74,4.11,10.0,5.220666666666667,24.250733333333333,29.64446666666668,20.16893333333333,73.82386666666672,3.7092000000000014,3100.0,4000.0,2475.5,2750.0,487.5,3161.31,3062.9466666666667,-0.75,2479.25,2025-05-01
2025-05-01,"Potatoes (Irish, white)",2479.25,3.63,3.75,10.0,4.08264516129032,23.566774193548387,28.9805806451613,19.4305806451613,73.60451612903228,4.216258064516128,3587.5,2796.4300000000003,1944.5,2750.0,-1108.25,3055.583333333333,3152.0716666666667,0.0,2333.25,2025-06-01
2025-06-01,"Potatoes (Irish, white)",2333.25,3.56,3.82,9.75,2.105666666666667,22.760866666666672,28.411133333333336,18.32386666666668,70.13126666666663,4.3168,2479.25,3100.0,2949.25,2900.0,-146.0,2800.0,3049.405,-0.25,3375.0,2025-07-01
2025-07-01,"Potatoes (Irish, white)",3375.0,3.55,4.15,9.75,1.677806451612903,22.34941935483871,28.219612903225794,17.61896774193549,67.3152903225806,4.499483870967742,2333.25,3587.5,4000.0,2476.5,1041.75,2729.1666666666665,2945.238333333333,0.0,2850.0,2025-08-01
2025-08-01,"Potatoes (Irish, white)",2850.0,3.56,4.53,9.5,4.021999999999999,22.03522580645161,27.794451612903234,17.444258064516138,68.66664516129035,4.260129032258064,3375.0,2479.25,2796.4300000000003,2500.0,-525.0,2852.75,2954.1666666666665,-0.25,3500.0,2025-09-01
2025-09-01,"Potatoes (Irish, white)",3500.0,3.65,4.58,9.5,0.9335333333333332,23.50606666666667,30.20480000000001,17.999266666666667,62.95826666666672,4.427266666666666,2850.0,2333.25,3100.0,2905.5,650.0,3241.6666666666665,3020.833333333333,0.0,2625.0,2025-10-01
2025-10-01,"Potatoes (Irish, white)",2625.0,3.8,4.56,9.25,2.074903225806452,24.370193548387096,30.639741935483865,19.28787096774194,62.97761290322581,4.31516129032258,3500.0,3375.0,3587.5,2475.5,-875.0,2991.6666666666665,2860.4166666666665,-0.25,4300.0,2025-11-01
2025-11-01,"Potatoes (Irish, white)",4300.0,3.94,4.46,9.25,1.0433333333333334,24.573666666666664,30.835266666666666,19.537066666666654,65.35886666666669,4.259733333333332,2625.0,2850.0,2479.25,1944.5,1675.0,3475.0,3163.875,0.0,3850.0,2025-12-01
2025-12-01,"Potatoes (Irish, white)",3850.0,4.07,4.49,9.0,1.8190322580645149,25.00529032258064,31.20554838709679,19.921161290322583,63.28716129032258,3.802903225806451,4300.0,3500.0,2333.25,2949.25,-450.0,3591.6666666666665,3416.6666666666665,-0.25,4750.0,2026-01-01
2026-01-01,"Potatoes (Irish, white)",4750.0,4.16,4.4,9.0,1.145822580645162,24.324359375000025,30.912066028225794,18.84784173387096,62.25724697580647,3.792182963709665,3850.0,2625.0,3375.0,4000.0,900.0,4300.0,3645.8333333333335,0.0,5750.0,2026-02-01
2026-02-01,"Potatoes (Irish, white)",5750.0,4.23,4.25,8.75,0.8548126154556672,25.384638912407667,32.41319515855911,19.4430963092672,58.030784848368256,3.961852101293102,4750.0,4300.0,2850.0,2796.4300000000003,1000.0,4783.333333333333,4129.166666666667,-0.25,5600.0,2026-03-01
2026-03-01,"Potatoes (Irish, white)",5600.0,4.29,4.39,8.75,2.038562357124712,25.623604267208552,32.159948691897334,20.32225654051306,61.7244211328422,4.11545948691897,5750.0,3850.0,3500.0,3100.0,-150.0,5366.666666666667,4479.166666666667,0.0,5500.0,2026-04-01
2026-04-01,"Potatoes (Irish, white)",5500.0,4.42,5.59,8.75,5.932325000000009,24.13787371794871,29.4320878205128,20.085883333333346,73.47075320512826,3.949292948717952,5600.0,4750.0,2625.0,3587.5,-100.0,5616.666666666667,4958.333333333333,0.0,4500.0,2026-05-01
2026-05-01,"Potatoes (Irish, white)",4500.0,4.66,6.68,8.75,4.067935483870966,23.4403436950146,28.97188914956016,19.169278592375367,73.17871788856294,4.220569501466271,5500.0,5750.0,4300.0,2479.25,-1000.0,5200.0,4991.666666666667,0.0,4500.0,2026-06-01
2026-06-01,"Potatoes (Irish, white)",4500.0,4.88,6.41,8.75,1.601358260869567,22.64871652173913,28.488699130434828,18.015693913043457,69.15025217391297,4.422414492753631,4500.0,5600.0,3850.0,2333.25,0.0,4833.333333333333,5100.0,0.0,4580.0,2026-07-01
2018-12-01,Rice,120.0,4.69,5.71,9.0,2.113506954720328,24.146886060964768,30.01334418467002,19.406097070139086,68.98363302752291,3.786693696359874,,,,,,120.0,120.0,,120.0,2019-01-01
2021-01-01,Rice,100.0,5.74,5.69,7.0,0.7919354838709679,23.90754838709677,30.62400000000001,18.40103225806452,63.9471612903226,3.8561290322580617,104.0,120.0,,,-4.0,108.0,111.0,-2.0,100.105,2021-02-01
2021-02-01,Rice,100.105,5.16,5.78,7.0,1.0442857142857147,24.79950000000001,31.69057142857141,19.06357142857143,59.52299999999998,3.674142857142858,100.0,120.0,,,0.1049999999999897,101.36833333333334,108.821,0.0,91.76,2021-03-01
2021-03-01,Rice,91.76,5.17,5.9,7.0,1.7911612903225802,25.173806451612897,31.998322580645176,19.61935483870968,59.83787096774194,4.444709677419353,100.105,104.0,,,-8.344999999999985,97.28833333333334,105.9775,0.0,100.0,2021-04-01
2021-04-01,Rice,100.0,4.66,5.76,7.0,2.957933333333333,24.55046666666667,30.21866666666668,20.13686666666666,69.45406666666668,4.395666666666665,91.76,100.0,120.0,,8.239999999999995,97.28833333333334,102.64416666666666,0.0,100.0,2021-05-01
2021-05-01,Rice,100.0,5.2,5.87,7.0,4.084645161290321,23.198838709677418,28.791161290322574,18.890903225806447,71.30193548387098,4.230838709677419,100.0,100.105,120.0,,0.0,97.25333333333332,99.31083333333332,0.0,100.0,2021-06-01
2021-06-01,Rice,100.0,5.35,6.32,7.0,0.9444,22.28393333333332,28.215866666666678,17.62313333333334,68.38119999999999,4.6206666666666685,100.0,91.76,104.0,,0.0,100.0,98.64416666666666,0.0,100.0,2021-07-01
2021-07-01,Rice,100.0,5.53,6.55,7.0,1.0405161290322589,21.831161290322573,27.556000000000008,17.353354838709674,66.38948387096771,4.6970967741935485,100.0,100.0,100.0,,0.0,100.0,98.64416666666666,0.0,100.0,2021-08-01
2021-08-01,Rice,100.0,5.71,6.57,7.0,0.8192258064516129,22.778129032258075,29.13645161290323,17.586645161290317,62.746903225806456,4.781161290322578,100.0,100.0,100.105,,0.0,100.0,98.62666666666668,0.0,99.125,2021-09-01
2021-09-01,Rice,99.125,5.35,6.91,7.0,0.8566000000000005,23.6962,30.353733333333302,18.39033333333334,61.80706666666668,5.1367999999999965,100.0,100.0,91.76,,-0.875,99.70833333333331,99.85416666666669,0.0,100.0,2021-10-01
2021-10-01,Rice,100.0,6.07,6.45,7.0,0.9926451612903228,24.777870967741944,31.445612903225797,19.28006451612903,59.91716129032259,4.692838709677422,99.125,100.0,100.0,120.0,0.875,99.70833333333331,99.85416666666669,0.0,100.0,2021-11-01
2021-11-01,Rice,100.0,6.1,5.8,7.0,2.353666666666667,25.23273333333333,31.71406666666668,20.02933333333334,61.54279999999998,4.274666666666668,100.0,100.0,100.0,120.0,0.0,99.70833333333331,99.85416666666669,0.0,100.0,2021-12-01
2021-12-01,Rice,100.0,5.62,5.73,7.0,3.16367741935484,23.442774193548384,29.09103225806451,19.034,72.45916129032256,4.153032258064515,100.0,99.125,100.0,104.0,0.0,100.0,99.85416666666669,0.0,100.0,2022-01-01
2022-01-01,Rice,100.0,6.08,5.39,7.0,1.0556129032258066,23.976,30.78348387096775,18.405548387096765,61.97374193548387,3.780967741935484,100.0,100.0,100.0,100.0,0.0,100.0,99.85416666666669,0.0,119.23,2022-02-01
2022-02-01,Rice,119.23,6.23,5.08,7.0,0.751928571428572,25.41328571428572,32.26628571428571,19.74971428571427,57.56485714285712,3.527714285714285,100.0,100.0,100.0,100.105,19.230000000000004,106.41,103.05916666666668,0.0,125.0,2022-03-01
2023-01-01,Rice,136.25,7.95,8.98,8.75,0.4614193548387098,24.429354838709678,31.497419354838705,18.43832258064516,57.50322580645159,4.315354838709677,120.0,119.23,100.0,100.0,16.25,127.08333333333331,116.74666666666668,1.75,128.625,2023-02-01
2023-02-01,Rice,128.625,8.3,9.23,8.75,0.2490714285714285,25.779071428571427,33.53999999999999,19.067071428571435,51.11364285714282,4.3248571428571445,136.25,125.0,100.0,100.0,-7.625,128.29166666666666,121.5175,0.0,135.0,2023-03-01
2023-03-01,Rice,135.0,8.59,9.19,9.5,2.4013548387096764,25.384516129032253,31.94077419354838,20.057032258064517,60.971677419354855,4.06658064516129,128.625,120.0,100.0,100.0,6.375,133.29166666666666,127.35083333333334,0.75,130.0,2023-04-01
2023-04-01,Rice,130.0,8.71,7.9,9.5,7.197333333333333,23.745999999999984,29.0422,19.674599999999984,74.81580000000002,3.944533333333332,135.0,136.25,119.23,100.0,-5.0,131.20833333333334,129.14583333333334,0.0,130.0,2023-05-01
2023-05-01,Rice,130.0,8.78,8.03,9.5,4.442903225806452,23.30825806451613,29.11400000000001,18.91664516129032,73.83045161290323,4.281419354838708,130.0,128.625,125.0,99.125,0.0,131.66666666666666,129.97916666666666,0.0,122.085,2023-06-01
2023-06-01,Rice,122.085,8.77,7.88,10.5,2.095133333333332,22.743266666666667,28.554933333333327,18.20666666666667,71.06640000000003,4.183399999999999,130.0,135.0,120.0,100.0,-7.914999999999992,127.36166666666668,130.32666666666668,1.0,128.12,2023-07-01
2023-07-01,Rice,128.12,8.68,7.28,10.5,1.2007741935483869,22.377032258064503,28.50600000000001,17.540967741935482,68.09154838709676,4.793741935483872,122.085,130.0,136.25,100.0,6.034999999999997,126.735,128.97166666666666,0.0,125.0,2023-08-01
2023-08-01,Rice,125.0,8.52,6.73,10.5,1.2456129032258063,22.88574193548387,29.28122580645161,17.85677419354839,66.17167741935486,5.026322580645161,128.12,130.0,128.625,100.0,-3.1200000000000045,125.06833333333334,128.3675,0.0,150.235,2023-09-01
2023-09-01,Rice,150.235,8.32,6.78,10.5,1.2512666666666667,24.303266666666666,30.885133333333325,19.023200000000013,63.47546666666668,4.6887333333333325,125.0,122.085,135.0,100.0,25.235000000000014,134.45166666666668,130.90666666666667,0.0,150.0,2023-10-01
2023-10-01,Rice,150.0,8.1,6.92,10.5,2.628645161290323,24.625612903225804,31.094258064516087,19.54954838709677,65.34103225806454,4.684000000000001,150.235,128.12,130.0,119.23,-0.2350000000000136,141.745,134.24,0.0,152.655,2023-11-01
2023-11-01,Rice,152.655,7.87,6.8,10.5,9.33346666666667,23.02306666666667,27.941599999999973,19.267866666666663,78.72493333333331,3.671533333333332,150.0,125.0,130.0,125.0,2.655000000000001,150.96333333333334,138.01583333333335,0.0,161.81,2023-12-01
2023-12-01,Rice,161.81,7.67,6.63,12.5,1.8227741935483872,23.924580645161296,29.33877419354839,19.554838709677423,73.56464516129034,3.545483870967744,152.655,150.235,122.085,120.0,9.155,154.82166666666666,144.63666666666666,2.0,151.66500000000002,2024-01-01
2024-01-01,Rice,151.66500000000002,7.5,6.85,12.5,2.3723225806451618,24.25774193548387,29.788000000000004,19.716064516129023,69.22432258064514,3.1272903225806448,161.81,150.0,128.12,136.25,-10.144999999999982,155.3766666666667,148.5608333333333,0.0,150.0,2024-02-01
2024-02-01,Rice,150.0,7.26,6.31,13.0,2.0566896551724128,25.350689655172413,31.520551724137945,20.212275862068964,66.31717241379307,3.741241379310345,151.66500000000002,152.655,125.0,128.625,-1.6650000000000205,154.49166666666667,152.7275,0.5,176.25,2024-03-01
2024-03-01,Rice,176.25,6.97,5.7,13.0,2.327935483870968,25.79329032258065,31.81593548387097,20.99567741935485,66.56761290322584,4.041161290322585,150.0,161.81,150.235,135.0,26.25,159.305,157.06333333333333,0.0,149.08,2024-04-01
2024-04-01,Rice,149.08,6.73,5.0,13.0,8.986199999999998,23.79073333333333,28.397533333333328,20.36040000000001,78.19506666666669,3.6072,176.25,151.66500000000002,150.0,130.0,-27.169999999999987,158.44333333333336,156.91000000000005,0.0,144.16500000000002,2024-05-01
2024-05-01,Rice,144.16500000000002,6.49,5.1,13.0,4.229612903225806,23.623419354838685,28.854064516129032,19.470129032258058,74.99767741935482,4.029419354838709,149.08,150.0,152.655,130.0,-4.914999999999992,156.49833333333336,155.495,0.0,132.72,2024-06-01
2024-06-01,Rice,132.72,4.64,6.22,13.0,1.2621333333333329,22.826733333333344,28.75386666666668,17.97533333333332,68.3048,4.3918,144.16500000000002,176.25,161.81,122.085,-11.445000000000022,141.98833333333334,150.64666666666668,0.0,122.5,2024-07-01
2024-07-01,Rice,122.5,5.97,4.31,13.0,1.594709677419355,22.666129032258063,28.35070967741936,18.120193548387093,68.32929032258063,4.065354838709677,132.72,149.08,151.66500000000002,128.12,-10.22,133.12833333333333,145.78583333333336,0.0,122.5,2024-08-01
2024-08-01,Rice,122.5,5.77,4.36,12.75,0.9360000000000004,23.02948387096774,29.357999999999997,18.00567741935484,65.19645161290319,4.680645161290326,122.5,144.16500000000002,150.0,125.0,0.0,125.90666666666668,141.2025,-0.25,136.66500000000002,2024-09-01
2024-09-01,Rice,136.66500000000002,5.5,3.56,12.75,0.904266666666667,24.14846666666667,31.002266666666657,18.607,61.10273333333333,4.912733333333333,122.5,132.72,176.25,150.235,14.16500000000002,127.22166666666668,134.60500000000002,0.0,120.0,2024-10-01
2024-10-01,Rice,120.0,5.14,2.72,12.0,0.8206451612903226,25.090645161290325,31.86322580645161,19.57612903225806,60.61277419354836,4.586064516129031,136.66500000000002,122.5,149.08,150.0,-16.66500000000002,126.38833333333334,129.75833333333333,-0.75,143.33,2024-11-01
2024-11-01,Rice,143.33,4.81,2.75,12.0,5.397466666666665,24.418533333333343,29.939933333333343,20.20926666666666,70.95033333333329,3.6839333333333326,120.0,122.5,144.16500000000002,152.655,23.330000000000013,133.33166666666668,129.61916666666667,0.0,115.835,2024-12-01
2024-12-01,Rice,115.835,4.5,2.99,11.25,1.8755483870967744,24.34948387096775,30.476387096774182,19.31638709677419,66.94780645161289,3.624516129032257,143.33,136.66500000000002,132.72,161.81,-27.495000000000005,126.38833333333336,126.805,-0.75,117.31,2025-01-01
2025-01-01,Rice,117.31,4.21,3.28,11.25,0.7796774193548389,25.158451612903228,32.159225806451616,19.218838709677406,57.03458064516127,3.969612903225807,115.835,120.0,122.5,151.66500000000002,1.4749999999999943,125.49166666666667,125.94,0.0,129.165,2025-02-01
2025-02-01,Rice,129.165,3.98,3.45,10.75,0.1199999999999999,25.695428571428565,33.249857142857124,19.149,54.62171428571431,4.577000000000001,117.31,143.33,122.5,150.0,11.85499999999999,120.77,127.05083333333334,-0.5,126.25,2025-03-01
2025-03-01,Rice,126.25,3.81,3.62,10.75,2.4451612903225803,25.729548387096774,31.886129032258072,20.82825806451615,63.927096774193565,3.830387096774193,129.165,115.835,136.66500000000002,176.25,-2.914999999999992,124.24166666666667,125.315,0.0,143.33499999999998,2025-04-01
2025-04-01,Rice,143.33499999999998,3.74,4.11,10.0,5.220666666666667,24.250733333333333,29.64446666666668,20.16893333333333,73.82386666666672,3.7092000000000014,126.25,117.31,120.0,149.08,17.08499999999998,132.91666666666666,129.20416666666665,-0.75,132.17000000000002,2025-05-01
2025-05-01,Rice,132.17000000000002,3.63,3.75,10.0,4.08264516129032,23.566774193548387,28.9805806451613,19.4305806451613,73.60451612903228,4.216258064516128,143.33499999999998,129.165,143.33,144.16500000000002,-11.164999999999964,133.91833333333332,127.34416666666668,0.0,130.0,2025-06-01
2025-06-01,Rice,130.0,3.56,3.82,9.75,2.105666666666667,22.760866666666672,28.411133333333336,18.32386666666668,70.13126666666663,4.3168,132.17000000000002,126.25,115.835,132.72,-2.170000000000016,135.16833333333332,129.705,-0.25,128.0,2025-07-01
2025-07-01,Rice,128.0,3.55,4.15,9.75,1.677806451612903,22.34941935483871,28.219612903225794,17.61896774193549,67.3152903225806,4.499483870967742,130.0,143.33499999999998,117.31,122.5,-2.0,130.05666666666667,131.48666666666668,0.0,110.0,2025-08-01
2025-08-01,Rice,110.0,3.56,4.53,9.5,4.021999999999999,22.03522580645161,27.794451612903234,17.444258064516138,68.66664516129035,4.260129032258064,128.0,132.17000000000002,129.165,122.5,-18.0,122.66666666666669,128.2925,-0.25,109.97,2025-09-01
2025-09-01,Rice,109.97,3.65,4.58,9.5,0.9335333333333332,23.50606666666667,30.20480000000001,17.999266666666667,62.95826666666672,4.427266666666666,110.0,130.0,126.25,136.66500000000002,-0.0300000000000011,115.99,125.57916666666668,0.0,110.11,2025-10-01
2025-10-01,Rice,110.11,3.8,4.56,9.25,2.074903225806452,24.370193548387096,30.639741935483865,19.28787096774194,62.97761290322581,4.31516129032258,109.97,128.0,143.33499999999998,120.0,0.1400000000000005,110.02666666666666,120.04166666666669,-0.25,114.4,2025-11-01
2025-11-01,Rice,114.4,3.94,4.46,9.25,1.0433333333333334,24.573666666666664,30.835266666666666,19.537066666666654,65.35886666666669,4.259733333333332,110.11,110.0,132.17000000000002,143.33,4.290000000000006,111.49333333333334,117.08,0.0,108.57,2025-12-01
2025-12-01,Rice,108.57,4.07,4.49,9.0,1.8190322580645149,25.00529032258064,31.20554838709679,19.921161290322583,63.28716129032258,3.802903225806451,114.4,109.97,130.0,115.835,-5.8300000000000125,111.02666666666666,113.50833333333333,-0.25,111.52,2026-01-01
2026-01-01,Rice,111.52,4.16,4.4,9.0,1.145822580645162,24.324359375000025,30.912066028225794,18.84784173387096,62.25724697580647,3.792182963709665,108.57,110.11,128.0,117.31,2.950000000000003,111.49666666666668,110.76166666666666,0.0,111.28,2026-02-01
2026-02-01,Rice,111.28,4.23,4.25,8.75,0.8548126154556672,25.384638912407667,32.41319515855911,19.4430963092672,58.030784848368256,3.961852101293102,111.52,114.4,110.0,129.165,-0.2399999999999948,110.45666666666666,110.975,-0.25,110.8,2026-03-01
2026-03-01,Rice,110.8,4.29,4.39,8.75,2.038562357124712,25.623604267208552,32.159948691897334,20.32225654051306,61.7244211328422,4.11545948691897,111.28,108.57,109.97,126.25,-0.480000000000004,111.2,111.11333333333332,0.0,125.0,2026-04-01
2026-04-01,Rice,125.0,4.42,5.59,8.75,5.932325000000009,24.13787371794871,29.4320878205128,20.085883333333346,73.47075320512826,3.949292948717952,110.8,111.52,110.11,143.33499999999998,14.200000000000005,115.69333333333331,113.59499999999998,0.0,117.19,2026-05-01
2026-05-01,Rice,117.19,4.66,6.68,8.75,4.067935483870966,23.4403436950146,28.97188914956016,19.169278592375367,73.17871788856294,4.220569501466271,125.0,111.28,114.4,132.17000000000002,-7.810000000000002,117.66333333333334,114.06000000000002,0.0,129.82,2026-06-01
2026-06-01,Rice,129.82,4.88,6.41,8.75,1.601358260869567,22.64871652173913,28.488699130434828,18.015693913043457,69.15025217391297,4.422414492753631,117.19,110.8,108.57,130.0,12.629999999999995,124.00333333333332,117.60166666666665,0.0,118.865,2026-07-01
2026-07-01,Rice,118.865,5.08,6.49,9.784965034965037,1.390702052785923,22.23961524926686,28.102879765395908,17.588340175953082,67.44304222873895,4.551488563049847,129.82,125.0,111.52,128.0,-10.954999999999984,121.95833333333331,118.82583333333332,1.034965034965035,120.0,2026-08-01
2021-01-01,Rice (aromatic),5625.0,5.74,5.69,7.0,0.7919354838709679,23.90754838709677,30.62400000000001,18.40103225806452,63.9471612903226,3.8561290322580617,,,,,,5625.0,5625.0,,5542.0,2021-02-01
2021-02-01,Rice (aromatic),5542.0,5.16,5.78,7.0,1.0442857142857147,24.79950000000001,31.69057142857141,19.06357142857143,59.52299999999998,3.674142857142858,5625.0,,,,-83.0,5583.5,5583.5,0.0,6500.0,2021-03-01
2021-03-01,Rice (aromatic),6500.0,5.17,5.9,7.0,1.7911612903225802,25.173806451612897,31.998322580645176,19.61935483870968,59.83787096774194,4.444709677419353,5542.0,,,,958.0,5889.0,5889.0,0.0,6000.0,2021-04-01
2021-04-01,Rice (aromatic),6000.0,4.66,5.76,7.0,2.957933333333333,24.55046666666667,30.21866666666668,20.13686666666666,69.45406666666668,4.395666666666665,6500.0,5625.0,,,-500.0,6014.0,5916.75,0.0,5225.0,2021-05-01
2021-05-01,Rice (aromatic),5225.0,5.2,5.87,7.0,4.084645161290321,23.198838709677418,28.791161290322574,18.890903225806447,71.30193548387098,4.230838709677419,6000.0,5542.0,,,-775.0,5908.333333333333,5778.4,0.0,5000.0,2021-06-01
2021-06-01,Rice (aromatic),5000.0,5.35,6.32,7.0,0.9444,22.28393333333332,28.215866666666678,17.62313333333334,68.38119999999999,4.6206666666666685,5225.0,6500.0,,,-225.0,5408.333333333333,5648.666666666667,0.0,6250.0,2021-07-01
2021-07-01,Rice (aromatic),6250.0,5.53,6.55,7.0,1.0405161290322589,21.831161290322573,27.556000000000008,17.353354838709674,66.38948387096771,4.6970967741935485,5000.0,6000.0,5625.0,,1250.0,5491.666666666667,5752.833333333333,0.0,5500.0,2021-08-01
2021-08-01,Rice (aromatic),5500.0,5.71,6.57,7.0,0.8192258064516129,22.778129032258075,29.13645161290323,17.586645161290317,62.746903225806456,4.781161290322578,6250.0,5225.0,5542.0,,-750.0,5583.333333333333,5745.833333333333,0.0,5550.0,2021-09-01
2021-09-01,Rice (aromatic),5550.0,5.35,6.91,7.0,0.8566000000000005,23.6962,30.353733333333302,18.39033333333334,61.80706666666668,5.1367999999999965,5500.0,5000.0,6500.0,,50.0,5766.666666666667,5587.5,0.0,5375.0,2021-10-01
2021-10-01,Rice (aromatic),5375.0,6.07,6.45,7.0,0.9926451612903228,24.777870967741944,31.445612903225797,19.28006451612903,59.91716129032259,4.692838709677422,5550.0,6250.0,6000.0,,-175.0,5475.0,5483.333333333333,0.0,5775.0,2021-11-01
2021-11-01,Rice (aromatic),5775.0,6.1,5.8,7.0,2.353666666666667,25.23273333333333,31.71406666666668,20.02933333333334,61.54279999999998,4.274666666666668,5375.0,5500.0,5225.0,,400.0,5566.666666666667,5575.0,0.0,5794.5,2021-12-01
2021-12-01,Rice (aromatic),5794.5,5.62,5.73,7.0,3.16367741935484,23.442774193548384,29.09103225806451,19.034,72.45916129032256,4.153032258064515,5775.0,5550.0,5000.0,,19.5,5648.166666666667,5707.416666666667,0.0,6233.0,2022-01-01
2022-01-01,Rice (aromatic),6233.0,6.08,5.39,7.0,1.0556129032258066,23.976,30.78348387096775,18.405548387096765,61.97374193548387,3.780967741935484,5794.5,5375.0,6250.0,5625.0,438.5,5934.166666666667,5704.583333333333,0.0,6416.67,2022-02-01
2022-02-01,Rice (aromatic),6416.67,6.23,5.08,7.0,0.751928571428572,25.41328571428572,32.26628571428571,19.74971428571427,57.56485714285712,3.527714285714285,6233.0,5775.0,5500.0,5542.0,183.67000000000007,6148.056666666666,5857.361666666667,0.0,6400.0,2022-03-01
2022-03-01,Rice (aromatic),6400.0,6.29,5.56,7.0,0.9250967741935486,26.167612903225805,33.591612903225816,19.94232258064516,54.837935483870965,4.3436774193548375,6416.67,5794.5,5550.0,6500.0,-16.670000000000073,6349.889999999999,5999.028333333333,0.0,6562.5,2022-04-01
2022-04-01,Rice (aromatic),6562.5,6.05,6.47,9.563291139240508,2.7596666666666665,25.13853333333333,31.40686666666665,20.203266666666657,64.05233333333332,4.33646666666667,6400.0,6233.0,5375.0,6000.0,162.5,6459.723333333332,6196.945,2.5632911392405067,7000.0,2022-05-01
2022-05-01,Rice (aromatic),7000.0,6.16,7.08,9.570552147239264,2.486967741935484,23.872903225806446,29.77129032258064,19.268516129032268,68.47270967741939,4.5590322580645175,6562.5,6416.67,5775.0,5225.0,437.5,6654.166666666667,6401.111666666667,0.0072610079987569,6317.0,2022-06-01
2022-06-01,Rice (aromatic),6317.0,6.29,7.91,9.760670731707316,1.2656000000000005,22.705800000000007,28.840666666666664,17.832266666666662,64.76066666666671,4.906466666666667,7000.0,6400.0,5794.5,5000.0,-683.0,6626.5,6488.195,0.1901185844680526,6900.0,2022-07-01
2022-07-01,Rice (aromatic),6900.0,6.45,8.32,9.784965034965037,1.6142580645161289,21.69451612903225,27.7987741935484,16.916645161290322,66.00006451612902,4.918193548387095,6317.0,6562.5,6233.0,6250.0,583.0,6739.0,6599.361666666667,0.0242943032577187,7240.0,2022-08-01
2022-08-01,Rice (aromatic),7240.0,6.61,8.53,9.530821917808218,1.6161935483870968,22.14103225806452,28.39174193548388,17.18245161290323,64.63374193548387,4.733870967741937,6900.0,7000.0,6416.67,5500.0,340.0,6819.0,6736.583333333333,-0.2541431171568167,7736.665,2022-09-01
2022-09-01,Rice (aromatic),7736.665,6.81,9.18,9.66546762589928,3.597333333333333,22.768933333333333,29.142666666666663,17.681600000000003,65.41580000000003,4.821066666666665,7240.0,6317.0,6400.0,5550.0,496.665,7292.221666666667,6959.360833333333,0.1346457080910621,8687.5,2022-10-01
2022-10-01,Rice (aromatic),8687.5,7.48,9.59,9.49822695035461,0.6903225806451612,23.904774193548374,30.98670967741936,18.17722580645161,59.52890322580646,4.805741935483872,7736.665,6900.0,6562.5,5375.0,950.835,7888.055,7313.5275,-0.1672406755446704,8372.0,2022-11-01
2022-11-01,Rice (aromatic),8372.0,7.38,9.48,8.75,2.975200000000001,23.739,29.523866666666667,19.328000000000003,69.0702,4.057933333333334,8687.5,7240.0,7000.0,5775.0,-315.5,8265.388333333334,7542.194166666667,-0.74822695035461,9000.0,2022-12-01
2022-12-01,Rice (aromatic),9000.0,7.66,9.06,9.855,1.1950967741935483,24.37070967741937,30.68529032258063,19.27883870967742,64.15438709677423,3.945419354838709,8372.0,7736.665,6317.0,5794.5,628.0,8686.5,7989.360833333333,1.1050000000000004,8666.5,2023-01-01
2023-01-01,Rice (aromatic),8666.5,7.95,8.98,8.75,0.4614193548387098,24.429354838709678,31.497419354838705,18.43832258064516,57.50322580645159,4.315354838709677,9000.0,8687.5,6900.0,6233.0,-333.5,8679.5,8283.7775,-1.1050000000000004,9000.0,2023-02-01
2023-02-01,Rice (aromatic),9000.0,8.3,9.23,8.75,0.2490714285714285,25.779071428571427,33.53999999999999,19.067071428571435,51.11364285714282,4.3248571428571445,8666.5,8372.0,7240.0,6416.67,333.5,8888.833333333334,8577.110833333334,0.0,8317.0,2023-03-01
2023-03-01,Rice (aromatic),8317.0,8.59,9.19,9.5,2.4013548387096764,25.384516129032253,31.94077419354838,20.057032258064517,60.971677419354855,4.06658064516129,9000.0,9000.0,7736.665,6400.0,-683.0,8661.166666666666,8673.833333333334,0.75,9000.0,2023-04-01
2023-04-01,Rice (aromatic),9000.0,8.71,7.9,9.5,7.197333333333333,23.745999999999984,29.0422,19.674599999999984,74.81580000000002,3.944533333333332,8317.0,8666.5,8687.5,6562.5,683.0,8772.333333333334,8725.916666666666,0.0,9350.0,2023-05-01
2023-05-01,Rice (aromatic),9350.0,8.78,8.03,9.5,4.442903225806452,23.30825806451613,29.11400000000001,18.91664516129032,73.83045161290323,4.281419354838708,9000.0,9000.0,8372.0,7000.0,350.0,8889.0,8888.916666666666,0.0,8540.0,2023-06-01
2023-06-01,Rice (aromatic),8540.0,8.77,7.88,10.5,2.095133333333332,22.743266666666667,28.554933333333327,18.20666666666667,71.06640000000003,4.183399999999999,9350.0,8317.0,9000.0,6317.0,-810.0,8963.333333333334,8812.25,1.0,8750.0,2023-07-01
2023-07-01,Rice (aromatic),8750.0,8.68,7.28,10.5,1.2007741935483869,22.377032258064503,28.50600000000001,17.540967741935482,68.09154838709676,4.793741935483872,8540.0,9000.0,8666.5,6900.0,210.0,8880.0,8826.166666666666,0.0,6825.0,2023-08-01
2023-08-01,Rice (aromatic),6825.0,8.52,6.73,10.5,1.2456129032258063,22.88574193548387,29.28122580645161,17.85677419354839,66.17167741935486,5.026322580645161,8750.0,9350.0,9000.0,7240.0,-1925.0,8038.333333333333,8463.666666666666,0.0,8575.0,2023-09-01
2023-09-01,Rice (aromatic),8575.0,8.32,6.78,10.5,1.2512666666666667,24.303266666666666,30.885133333333325,19.023200000000013,63.47546666666668,4.6887333333333325,6825.0,8540.0,8317.0,7736.665,1750.0,8050.0,8506.666666666666,0.0,7500.0,2023-10-01
2023-12-01,Rice (aromatic),8145.835,7.67,6.63,12.5,1.8227741935483872,23.924580645161296,29.33877419354839,19.554838709677423,73.56464516129034,3.545483870967744,7500.0,6825.0,9350.0,8372.0,645.835,8073.611666666667,8055.9725,2.0,8525.0,2024-01-01
2024-01-01,Rice (aromatic),8525.0,7.5,6.85,12.5,2.3723225806451618,24.25774193548387,29.788000000000004,19.716064516129023,69.22432258064514,3.1272903225806448,8145.835,8575.0,8540.0,9000.0,379.165,8056.945,8053.4725,0.0,9000.0,2024-02-01
2024-02-01,Rice (aromatic),9000.0,7.26,6.31,13.0,2.0566896551724128,25.350689655172413,31.520551724137945,20.212275862068964,66.31717241379307,3.741241379310345,8525.0,7500.0,8750.0,8666.5,475.0,8556.945,8095.139166666667,0.5,9266.67,2024-03-01
2024-03-01,Rice (aromatic),9266.67,6.97,5.7,13.0,2.327935483870968,25.79329032258065,31.81593548387097,20.99567741935485,66.56761290322584,4.041161290322585,9000.0,8145.835,6825.0,9000.0,266.6700000000001,8930.556666666665,8502.084166666666,0.0,7875.0,2024-04-01
2024-04-01,Rice (aromatic),7875.0,6.73,5.0,13.0,8.986199999999998,23.79073333333333,28.397533333333328,20.36040000000001,78.19506666666669,3.6072,9266.67,8525.0,8575.0,8317.0,-1391.67,8713.89,8385.4175,0.0,8000.0,2024-05-01
2024-05-01,Rice (aromatic),8000.0,6.49,5.1,13.0,4.229612903225806,23.623419354838685,28.854064516129032,19.470129032258058,74.99767741935482,4.029419354838709,7875.0,9000.0,7500.0,9000.0,125.0,8380.556666666665,8468.750833333334,0.0,7625.0,2024-06-01
2024-06-01,Rice (aromatic),7625.0,4.64,6.22,13.0,1.2621333333333329,22.826733333333344,28.75386666666668,17.97533333333332,68.3048,4.3918,8000.0,9266.67,8145.835,9350.0,-375.0,7833.333333333333,8381.945,0.0,7833.0,2024-07-01
2024-07-01,Rice (aromatic),7833.0,5.97,4.31,13.0,1.594709677419355,22.666129032258063,28.35070967741936,18.120193548387093,68.32929032258063,4.065354838709677,7625.0,7875.0,8525.0,8540.0,208.0,7819.333333333333,8266.611666666666,0.0,9500.0,2024-08-01
2025-01-01,Rice (aromatic),7768.0,4.21,3.28,11.25,0.7796774193548389,25.158451612903228,32.159225806451616,19.218838709677406,57.03458064516127,3.969612903225807,9500.0,7625.0,9266.67,6825.0,-1732.0,8367.0,8100.166666666667,-1.75,7687.5,2025-02-01
2025-02-01,Rice (aromatic),7687.5,3.98,3.45,10.75,0.1199999999999999,25.695428571428565,33.249857142857124,19.149,54.62171428571431,4.577000000000001,7768.0,7833.0,7875.0,8575.0,-80.5,8318.5,8068.916666666667,-0.5,7500.0,2025-03-01
2026-01-01,Rice (aromatic),7875.0,4.16,4.4,9.0,1.145822580645162,24.324359375000025,30.912066028225794,18.84784173387096,62.25724697580647,3.792182963709665,7250.0,8250.0,7768.0,9266.67,625.0,7625.0,7718.75,-1.75,7250.0,2026-02-01
2026-02-01,Rice (aromatic),7250.0,4.23,4.25,8.75,0.8548126154556672,25.384638912407667,32.41319515855911,19.4430963092672,58.030784848368256,3.961852101293102,7875.0,7750.0,7687.5,7875.0,-625.0,7458.333333333333,7645.833333333333,-0.25,9000.0,2026-03-01
2018-12-01,Salt,10.0,4.69,5.71,9.0,2.113506954720328,24.146886060964768,30.01334418467002,19.406097070139086,68.98363302752291,3.786693696359874,,,,,,10.0,10.0,,10.0,2019-01-01
2021-01-01,Salt,10.0,5.74,5.69,7.0,0.7919354838709679,23.90754838709677,30.62400000000001,18.40103225806452,63.9471612903226,3.8561290322580617,10.0,,,,0.0,10.0,10.0,-2.0,10.95,2021-02-01
2021-02-01,Salt,10.95,5.16,5.78,7.0,1.0442857142857147,24.79950000000001,31.69057142857141,19.06357142857143,59.52299999999998,3.674142857142858,10.0,10.0,,,0.9499999999999992,10.316666666666666,10.2375,0.0,10.0,2021-03-01
2021-03-01,Salt,10.0,5.17,5.9,7.0,1.7911612903225802,25.173806451612897,31.998322580645176,19.61935483870968,59.83787096774194,4.444709677419353,10.95,10.0,,,-0.9499999999999992,10.316666666666666,10.19,0.0,10.0,2021-04-01
2021-04-01,Salt,10.0,4.66,5.76,7.0,2.957933333333333,24.55046666666667,30.21866666666668,20.13686666666666,69.45406666666668,4.395666666666665,10.0,10.0,,,0.0,10.316666666666666,10.158333333333331,0.0,10.0,2021-05-01
2021-05-01,Salt,10.0,5.2,5.87,7.0,4.084645161290321,23.198838709677418,28.791161290322574,18.890903225806447,71.30193548387098,4.230838709677419,10.0,10.95,10.0,,0.0,10.0,10.158333333333331,0.0,10.25,2021-06-01
2021-06-01,Salt,10.25,5.35,6.32,7.0,0.9444,22.28393333333332,28.215866666666678,17.62313333333334,68.38119999999999,4.6206666666666685,10.0,10.0,10.0,,0.25,10.083333333333334,10.2,0.0,10.0,2021-07-01
2021-07-01,Salt,10.0,5.53,6.55,7.0,1.0405161290322589,21.831161290322573,27.556000000000008,17.353354838709674,66.38948387096771,4.6970967741935485,10.25,10.0,10.0,,-0.25,10.083333333333334,10.2,0.0,10.0,2021-08-01
2021-08-01,Salt,10.0,5.71,6.57,7.0,0.8192258064516129,22.778129032258075,29.13645161290323,17.586645161290317,62.746903225806456,4.781161290322578,10.0,10.0,10.95,,0.0,10.083333333333334,10.041666666666666,0.0,10.0,2021-09-01
2021-09-01,Salt,10.0,5.35,6.91,7.0,0.8566000000000005,23.6962,30.353733333333302,18.39033333333334,61.80706666666668,5.1367999999999965,10.0,10.25,10.0,,0.0,10.0,10.041666666666666,0.0,10.0,2021-10-01
2021-10-01,Salt,10.0,6.07,6.45,7.0,0.9926451612903228,24.777870967741944,31.445612903225797,19.28006451612903,59.91716129032259,4.692838709677422,10.0,10.0,10.0,,0.0,10.0,10.041666666666666,0.0,10.0,2021-11-01
2021-11-01,Salt,10.0,6.1,5.8,7.0,2.353666666666667,25.23273333333333,31.71406666666668,20.02933333333334,61.54279999999998,4.274666666666668,10.0,10.0,10.0,10.0,0.0,10.0,10.041666666666666,0.0,10.0,2021-12-01
2021-12-01,Salt,10.0,5.62,5.73,7.0,3.16367741935484,23.442774193548384,29.09103225806451,19.034,72.45916129032256,4.153032258064515,10.0,10.0,10.25,10.0,0.0,10.0,10.0,0.0,10.0,2022-01-01
2022-01-01,Salt,10.0,6.08,5.39,7.0,1.0556129032258066,23.976,30.78348387096775,18.405548387096765,61.97374193548387,3.780967741935484,10.0,10.0,10.0,10.0,0.0,10.0,10.0,0.0,10.45,2022-02-01
2022-02-01,Salt,10.45,6.23,5.08,7.0,0.751928571428572,25.41328571428572,32.26628571428571,19.74971428571427,57.56485714285712,3.527714285714285,10.0,10.0,10.0,10.95,0.4499999999999993,10.15,10.075,0.0,20.0,2022-03-01
2023-01-01,Salt,10.0,7.95,8.98,8.75,0.4614193548387098,24.429354838709678,31.497419354838705,18.43832258064516,57.50322580645159,4.315354838709677,10.0,10.45,10.0,10.0,0.0,13.333333333333334,11.741666666666667,1.75,10.0,2023-02-01
2023-02-01,Salt,10.0,8.3,9.23,8.75,0.2490714285714285,25.779071428571427,33.53999999999999,19.067071428571435,51.11364285714282,4.3248571428571445,10.0,20.0,10.0,10.25,0.0,10.0,11.741666666666667,0.0,10.0,2023-03-01
2023-03-01,Salt,10.0,8.59,9.19,9.5,2.4013548387096764,25.384516129032253,31.94077419354838,20.057032258064517,60.971677419354855,4.06658064516129,10.0,10.0,10.0,10.0,0.0,10.0,11.741666666666667,0.75,10.0,2023-04-01
2023-04-01,Salt,10.0,8.71,7.9,9.5,7.197333333333333,23.745999999999984,29.0422,19.674599999999984,74.81580000000002,3.944533333333332,10.0,10.0,10.45,10.0,0.0,10.0,11.666666666666666,0.0,10.0,2023-05-01
2023-05-01,Salt,10.0,8.78,8.03,9.5,4.442903225806452,23.30825806451613,29.11400000000001,18.91664516129032,73.83045161290323,4.281419354838708,10.0,10.0,20.0,10.0,0.0,10.0,10.0,0.0,10.0,2023-06-01
2023-06-01,Salt,10.0,8.77,7.88,10.5,2.095133333333332,22.743266666666667,28.554933333333327,18.20666666666667,71.06640000000003,4.183399999999999,10.0,10.0,10.0,10.0,0.0,10.0,10.0,1.0,10.0,2023-07-01
2023-07-01,Salt,10.0,8.68,7.28,10.5,1.2007741935483869,22.377032258064503,28.50600000000001,17.540967741935482,68.09154838709676,4.793741935483872,10.0,10.0,10.0,10.0,0.0,10.0,10.0,0.0,10.0,2023-08-01
2023-08-01,Salt,10.0,8.52,6.73,10.5,1.2456129032258063,22.88574193548387,29.28122580645161,17.85677419354839,66.17167741935486,5.026322580645161,10.0,10.0,10.0,10.0,0.0,10.0,10.0,0.0,10.0,2023-09-01
2023-09-01,Salt,10.0,8.32,6.78,10.5,1.2512666666666667,24.303266666666666,30.885133333333325,19.023200000000013,63.47546666666668,4.6887333333333325,10.0,10.0,10.0,10.0,0.0,10.0,10.0,0.0,10.0,2023-10-01
2023-10-01,Salt,10.0,8.1,6.92,10.5,2.628645161290323,24.625612903225804,31.094258064516087,19.54954838709677,65.34103225806454,4.684000000000001,10.0,10.0,10.0,10.45,0.0,10.0,10.0,0.0,10.0,2023-11-01
2023-11-01,Salt,10.0,7.87,6.8,10.5,9.33346666666667,23.02306666666667,27.941599999999973,19.267866666666663,78.72493333333331,3.671533333333332,10.0,10.0,10.0,20.0,0.0,10.0,10.0,0.0,11.0,2023-12-01
2023-12-01,Salt,11.0,7.67,6.63,12.5,1.8227741935483872,23.924580645161296,29.33877419354839,19.554838709677423,73.56464516129034,3.545483870967744,10.0,10.0,10.0,10.0,1.0,10.333333333333334,10.166666666666666,2.0,10.0,2024-01-01
2024-01-01,Salt,10.0,7.5,6.85,12.5,2.3723225806451618,24.25774193548387,29.788000000000004,19.716064516129023,69.22432258064514,3.1272903225806448,11.0,10.0,10.0,10.0,-1.0,10.333333333333334,10.166666666666666,0.0,10.0,2024-02-01
2024-02-01,Salt,10.0,7.26,6.31,13.0,2.0566896551724128,25.350689655172413,31.520551724137945,20.212275862068964,66.31717241379307,3.741241379310345,10.0,10.0,10.0,10.0,0.0,10.333333333333334,10.166666666666666,0.5,11.0,2024-03-01
2024-03-01,Salt,11.0,6.97,5.7,13.0,2.327935483870968,25.79329032258065,31.81593548387097,20.99567741935485,66.56761290322584,4.041161290322585,10.0,11.0,10.0,10.0,1.0,10.333333333333334,10.333333333333334,0.0,10.0,2024-04-01
2024-04-01,Salt,10.0,6.73,5.0,13.0,8.986199999999998,23.79073333333333,28.397533333333328,20.36040000000001,78.19506666666669,3.6072,11.0,10.0,10.0,10.0,-1.0,10.333333333333334,10.333333333333334,0.0,10.0,2024-05-01
2024-05-01,Salt,10.0,6.49,5.1,13.0,4.229612903225806,23.623419354838685,28.854064516129032,19.470129032258058,74.99767741935482,4.029419354838709,10.0,10.0,10.0,10.0,0.0,10.333333333333334,10.333333333333334,0.0,11.0,2024-06-01
2024-06-01,Salt,11.0,4.64,6.22,13.0,1.2621333333333329,22.826733333333344,28.75386666666668,17.97533333333332,68.3048,4.3918,10.0,11.0,11.0,10.0,1.0,10.333333333333334,10.333333333333334,0.0,10.0,2024-07-01
2024-07-01,Salt,10.0,5.97,4.31,13.0,1.594709677419355,22.666129032258063,28.35070967741936,18.120193548387093,68.32929032258063,4.065354838709677,11.0,10.0,10.0,10.0,-1.0,10.333333333333334,10.333333333333334,0.0,10.0,2024-08-01
2024-08-01,Salt,10.0,5.77,4.36,12.75,0.9360000000000004,23.02948387096774,29.357999999999997,18.00567741935484,65.19645161290319,4.680645161290326,10.0,10.0,10.0,10.0,0.0,10.333333333333334,10.333333333333334,-0.25,11.0,2024-09-01
2024-09-01,Salt,11.0,5.5,3.56,12.75,0.904266666666667,24.14846666666667,31.002266666666657,18.607,61.10273333333333,4.912733333333333,10.0,11.0,11.0,10.0,1.0,10.333333333333334,10.333333333333334,0.0,10.0,2024-10-01
2024-10-01,Salt,10.0,5.14,2.72,12.0,0.8206451612903226,25.090645161290325,31.86322580645161,19.57612903225806,60.61277419354836,4.586064516129031,11.0,10.0,10.0,10.0,-1.0,10.333333333333334,10.333333333333334,-0.75,10.0,2024-11-01
2024-11-01,Salt,10.0,4.81,2.75,12.0,5.397466666666665,24.418533333333343,29.939933333333343,20.20926666666666,70.95033333333329,3.6839333333333326,10.0,10.0,10.0,10.0,0.0,10.333333333333334,10.333333333333334,0.0,13.0,2024-12-01
2024-12-01,Salt,13.0,4.5,2.99,11.25,1.8755483870967744,24.34948387096775,30.476387096774182,19.31638709677419,66.94780645161289,3.624516129032257,10.0,11.0,11.0,11.0,3.0,11.0,10.666666666666666,-0.75,10.0,2025-01-01
2025-01-01,Salt,10.0,4.21,3.28,11.25,0.7796774193548389,25.158451612903228,32.159225806451616,19.218838709677406,57.03458064516127,3.969612903225807,13.0,10.0,10.0,10.0,-3.0,11.0,10.666666666666666,0.0,10.0,2025-02-01
2025-02-01,Salt,10.0,3.98,3.45,10.75,0.1199999999999999,25.695428571428565,33.249857142857124,19.149,54.62171428571431,4.577000000000001,10.0,10.0,10.0,10.0,0.0,11.0,10.666666666666666,-0.5,11.31,2025-03-01
2025-03-01,Salt,11.31,3.81,3.62,10.75,2.4451612903225803,25.729548387096774,31.886129032258072,20.82825806451615,63.927096774193565,3.830387096774193,10.0,13.0,11.0,11.0,1.3099999999999987,10.436666666666666,10.718333333333334,0.0,10.0,2025-04-01
2025-04-01,Salt,10.0,3.74,4.11,10.0,5.220666666666667,24.250733333333333,29.64446666666668,20.16893333333333,73.82386666666672,3.7092000000000014,11.31,10.0,10.0,10.0,-1.3099999999999987,10.436666666666666,10.718333333333334,-0.75,10.0,2025-05-01
2025-05-01,Salt,10.0,3.63,3.75,10.0,4.08264516129032,23.566774193548387,28.9805806451613,19.4305806451613,73.60451612903228,4.216258064516128,10.0,10.0,10.0,10.0,0.0,10.436666666666666,10.718333333333334,0.0,10.0,2025-06-01
2025-06-01,Salt,10.0,3.56,3.82,9.75,2.105666666666667,22.760866666666672,28.411133333333336,18.32386666666668,70.13126666666663,4.3168,10.0,11.31,13.0,11.0,0.0,10.0,10.218333333333334,-0.25,10.0,2025-07-01
2025-07-01,Salt,10.0,3.55,4.15,9.75,1.677806451612903,22.34941935483871,28.219612903225794,17.61896774193549,67.3152903225806,4.499483870967742,10.0,10.0,10.0,10.0,0.0,10.0,10.218333333333334,0.0,10.0,2025-08-01
2025-08-01,Salt,10.0,3.56,4.53,9.5,4.021999999999999,22.03522580645161,27.794451612903234,17.444258064516138,68.66664516129035,4.260129032258064,10.0,10.0,10.0,10.0,0.0,10.0,10.218333333333334,-0.25,12.875,2025-09-01
2025-09-01,Salt,12.875,3.65,4.58,9.5,0.9335333333333332,23.50606666666667,30.20480000000001,17.999266666666667,62.95826666666672,4.427266666666666,10.0,10.0,11.31,11.0,2.875,10.958333333333334,10.479166666666666,0.0,12.75,2025-10-01
2025-10-01,Salt,12.75,3.8,4.56,9.25,2.074903225806452,24.370193548387096,30.639741935483865,19.28787096774194,62.97761290322581,4.31516129032258,12.875,10.0,10.0,10.0,-0.125,11.875,10.9375,-0.25,12.345,2025-11-01
2025-11-01,Salt,12.345,3.94,4.46,9.25,1.0433333333333334,24.573666666666664,30.835266666666666,19.537066666666654,65.35886666666669,4.259733333333332,12.75,10.0,10.0,10.0,-0.4050000000000011,12.656666666666666,11.328333333333331,0.0,20.0,2025-12-01
2025-12-01,Salt,20.0,4.07,4.49,9.0,1.8190322580645149,25.00529032258064,31.20554838709679,19.921161290322583,63.28716129032258,3.802903225806451,12.345,12.875,10.0,13.0,7.655000000000001,15.031666666666666,12.995,-0.25,13.79,2026-01-01
2026-01-01,Salt,13.79,4.16,4.4,9.0,1.145822580645162,24.324359375000025,30.912066028225794,18.84784173387096,62.25724697580647,3.792182963709665,20.0,12.75,10.0,10.0,-6.210000000000001,15.378333333333332,13.626666666666663,0.0,11.86,2026-02-01
2026-02-01,Salt,11.86,4.23,4.25,8.75,0.8548126154556672,25.384638912407667,32.41319515855911,19.4430963092672,58.030784848368256,3.961852101293102,13.79,12.345,10.0,10.0,-1.93,15.216666666666669,13.936666666666666,-0.25,15.0,2026-03-01
2026-03-01,Salt,15.0,4.29,4.39,8.75,2.038562357124712,25.623604267208552,32.159948691897334,20.32225654051306,61.7244211328422,4.11545948691897,11.86,20.0,12.875,11.31,3.140000000000001,13.55,14.290833333333332,0.0,15.0,2026-04-01
2026-04-01,Salt,15.0,4.42,5.59,8.75,5.932325000000009,24.13787371794871,29.4320878205128,20.085883333333346,73.47075320512826,3.949292948717952,15.0,13.79,12.75,10.0,0.0,13.953333333333331,14.665833333333332,0.0,11.28,2026-05-01
2026-05-01,Salt,11.28,4.66,6.68,8.75,4.067935483870966,23.4403436950146,28.97188914956016,19.169278592375367,73.17871788856294,4.220569501466271,15.0,11.86,12.345,10.0,-3.7200000000000006,13.76,14.488333333333337,0.0,14.635,2026-06-01
2026-06-01,Salt,14.635,4.88,6.41,8.75,1.601358260869567,22.64871652173913,28.488699130434828,18.015693913043457,69.15025217391297,4.422414492753631,11.28,15.0,20.0,10.0,3.3550000000000004,13.638333333333334,13.594166666666666,0.0,15.0,2026-07-01
2026-07-01,Salt,15.0,5.08,6.49,9.784965034965037,1.390702052785923,22.23961524926686,28.102879765395908,17.588340175953082,67.44304222873895,4.551488563049847,14.635,15.0,13.79,10.0,0.3650000000000002,13.638333333333334,13.795833333333334,1.034965034965035,15.0,2026-08-01
2021-01-01,Sorghum,65.0,5.74,5.69,7.0,0.7919354838709679,23.90754838709677,30.62400000000001,18.40103225806452,63.9471612903226,3.8561290322580617,84.0,,,,-19.0,74.5,74.5,,56.665,2021-02-01
2021-02-01,Sorghum,56.665,5.16,5.78,7.0,1.0442857142857147,24.79950000000001,31.69057142857141,19.06357142857143,59.52299999999998,3.674142857142858,65.0,,,,-8.335,68.55499999999999,68.55499999999999,0.0,53.75,2021-03-01
2021-03-01,Sorghum,53.75,5.17,5.9,7.0,1.7911612903225802,25.173806451612897,31.998322580645176,19.61935483870968,59.83787096774194,4.444709677419353,56.665,84.0,,,-2.914999999999999,58.47166666666666,64.85374999999999,0.0,65.91,2021-04-01
2021-04-01,Sorghum,65.91,4.66,5.76,7.0,2.957933333333333,24.55046666666667,30.21866666666668,20.13686666666666,69.45406666666668,4.395666666666665,53.75,65.0,,,12.159999999999997,58.775,65.06499999999998,0.0,50.0,2021-05-01
2021-05-01,Sorghum,50.0,5.2,5.87,7.0,4.084645161290321,23.198838709677418,28.791161290322574,18.890903225806447,71.30193548387098,4.230838709677419,65.91,56.665,,,-15.909999999999997,56.553333333333335,62.55416666666665,0.0,40.0,2021-06-01
2021-06-01,Sorghum,40.0,5.35,6.32,7.0,0.9444,22.28393333333332,28.215866666666678,17.62313333333334,68.38119999999999,4.6206666666666685,50.0,53.75,84.0,,-10.0,51.97,55.22083333333333,0.0,47.0,2021-07-01
2021-07-01,Sorghum,47.0,5.53,6.55,7.0,1.0405161290322589,21.831161290322573,27.556000000000008,17.353354838709674,66.38948387096771,4.6970967741935485,40.0,65.91,65.0,,7.0,45.66666666666666,52.22083333333333,0.0,72.56,2021-08-01
2021-08-01,Sorghum,72.56,5.71,6.57,7.0,0.8192258064516129,22.778129032258075,29.13645161290323,17.586645161290317,62.746903225806456,4.781161290322578,47.0,50.0,56.665,,25.56,53.18666666666667,54.87,0.0,73.33,2021-09-01
2021-09-01,Sorghum,73.33,5.35,6.91,7.0,0.8566000000000005,23.6962,30.353733333333302,18.39033333333334,61.80706666666668,5.1367999999999965,72.56,40.0,53.75,,0.769999999999996,64.29666666666667,58.13333333333333,0.0,71.625,2021-10-01
2021-10-01,Sorghum,71.625,6.07,6.45,7.0,0.9926451612903228,24.777870967741944,31.445612903225797,19.28006451612903,59.91716129032259,4.692838709677422,73.33,47.0,65.91,,-1.7049999999999983,72.505,59.08583333333333,0.0,80.0,2021-11-01
2021-11-01,Sorghum,80.0,6.1,5.8,7.0,2.353666666666667,25.23273333333333,31.71406666666668,20.02933333333334,61.54279999999998,4.274666666666668,71.625,72.56,50.0,,8.375,74.985,64.08583333333333,0.0,80.0,2021-12-01
2021-12-01,Sorghum,80.0,5.62,5.73,7.0,3.16367741935484,23.442774193548384,29.09103225806451,19.034,72.45916129032256,4.153032258064515,80.0,73.33,40.0,84.0,0.0,77.20833333333333,70.7525,0.0,80.0,2022-01-01
2022-01-01,Sorghum,80.0,6.08,5.39,7.0,1.0556129032258066,23.976,30.78348387096775,18.405548387096765,61.97374193548387,3.780967741935484,80.0,71.625,47.0,65.0,0.0,80.0,76.2525,0.0,45.0,2022-02-01
2023-01-01,Sorghum,65.0,7.95,8.98,8.75,0.4614193548387098,24.429354838709678,31.497419354838705,18.43832258064516,57.50322580645159,4.315354838709677,45.0,80.0,73.33,53.75,20.0,63.333333333333336,70.27083333333333,1.75,62.5,2023-02-01
2023-02-01,Sorghum,62.5,8.3,9.23,8.75,0.2490714285714285,25.779071428571427,33.53999999999999,19.067071428571435,51.11364285714282,4.3248571428571445,65.0,80.0,71.625,65.91,-2.5,57.5,68.75,0.0,70.0,2023-03-01
2023-03-01,Sorghum,70.0,8.59,9.19,9.5,2.4013548387096764,25.384516129032253,31.94077419354838,20.057032258064517,60.971677419354855,4.06658064516129,62.5,45.0,80.0,50.0,7.5,65.83333333333333,67.08333333333333,0.75,40.0,2023-04-01
2023-04-01,Sorghum,40.0,8.71,7.9,9.5,7.197333333333333,23.745999999999984,29.0422,19.674599999999984,74.81580000000002,3.944533333333332,70.0,65.0,80.0,40.0,-30.0,57.5,60.41666666666666,0.0,75.0,2023-05-01
2023-05-01,Sorghum,75.0,8.78,8.03,9.5,4.442903225806452,23.30825806451613,29.11400000000001,18.91664516129032,73.83045161290323,4.281419354838708,40.0,62.5,80.0,47.0,35.0,61.66666666666666,59.583333333333336,0.0,70.0,2023-06-01
2023-06-01,Sorghum,70.0,8.77,7.88,10.5,2.095133333333332,22.743266666666667,28.554933333333327,18.20666666666667,71.06640000000003,4.183399999999999,75.0,70.0,45.0,72.56,-5.0,61.66666666666666,63.75,1.0,75.0,2023-07-01
2023-07-01,Sorghum,75.0,8.68,7.28,10.5,1.2007741935483869,22.377032258064503,28.50600000000001,17.540967741935482,68.09154838709676,4.793741935483872,70.0,40.0,65.0,73.33,5.0,73.33333333333333,65.41666666666667,0.0,70.0,2023-08-01
2023-08-01,Sorghum,70.0,8.52,6.73,10.5,1.2456129032258063,22.88574193548387,29.28122580645161,17.85677419354839,66.17167741935486,5.026322580645161,75.0,75.0,62.5,71.625,-5.0,71.66666666666667,66.66666666666667,0.0,80.0,2023-09-01
2023-09-01,Sorghum,80.0,8.32,6.78,10.5,1.2512666666666667,24.303266666666666,30.885133333333325,19.023200000000013,63.47546666666668,4.6887333333333325,70.0,70.0,70.0,80.0,10.0,75.0,68.33333333333333,0.0,80.0,2023-10-01
2023-10-01,Sorghum,80.0,8.1,6.92,10.5,2.628645161290323,24.625612903225804,31.094258064516087,19.54954838709677,65.34103225806454,4.684000000000001,80.0,75.0,40.0,80.0,0.0,76.66666666666667,75.0,0.0,83.53999999999999,2023-11-01
2023-11-01,Sorghum,83.53999999999999,7.87,6.8,10.5,9.33346666666667,23.02306666666667,27.941599999999973,19.267866666666663,78.72493333333331,3.671533333333332,80.0,70.0,75.0,80.0,3.539999999999992,81.17999999999999,76.42333333333333,0.0,70.0,2023-12-01
2023-12-01,Sorghum,70.0,7.67,6.63,12.5,1.8227741935483872,23.924580645161296,29.33877419354839,19.554838709677423,73.56464516129034,3.545483870967744,83.53999999999999,80.0,70.0,45.0,-13.539999999999992,77.84666666666666,76.42333333333333,2.0,75.0,2024-01-01
2024-01-01,Sorghum,75.0,7.5,6.85,12.5,2.3723225806451618,24.25774193548387,29.788000000000004,19.716064516129023,69.22432258064514,3.1272903225806448,70.0,80.0,75.0,65.0,5.0,76.17999999999999,76.42333333333333,0.0,77.5,2024-02-01
2024-02-01,Sorghum,77.5,7.26,6.31,13.0,2.0566896551724128,25.350689655172413,31.520551724137945,20.212275862068964,66.31717241379307,3.741241379310345,75.0,83.53999999999999,70.0,62.5,2.5,74.16666666666667,77.67333333333333,0.5,50.0,2024-03-01
2024-03-01,Sorghum,50.0,6.97,5.7,13.0,2.327935483870968,25.79329032258065,31.81593548387097,20.99567741935485,66.56761290322584,4.041161290322585,77.5,70.0,80.0,70.0,-27.5,67.5,72.67333333333333,0.0,60.0,2024-04-01
2024-04-01,Sorghum,60.0,6.73,5.0,13.0,8.986199999999998,23.79073333333333,28.397533333333328,20.36040000000001,78.19506666666669,3.6072,50.0,75.0,80.0,40.0,10.0,62.5,69.33999999999999,0.0,60.0,2024-05-01
2024-05-01,Sorghum,60.0,6.49,5.1,13.0,4.229612903225806,23.623419354838685,28.854064516129032,19.470129032258058,74.99767741935482,4.029419354838709,60.0,77.5,83.53999999999999,75.0,0.0,56.66666666666666,65.41666666666667,0.0,57.5,2024-06-01
2024-06-01,Sorghum,57.5,4.64,6.22,13.0,1.2621333333333329,22.826733333333344,28.75386666666668,17.97533333333332,68.3048,4.3918,60.0,50.0,70.0,70.0,-2.5,59.16666666666666,63.333333333333336,0.0,52.5,2024-07-01
2024-07-01,Sorghum,52.5,5.97,4.31,13.0,1.594709677419355,22.666129032258063,28.35070967741936,18.120193548387093,68.32929032258063,4.065354838709677,57.5,60.0,75.0,75.0,-5.0,56.66666666666666,59.583333333333336,0.0,60.0,2024-08-01
2024-08-01,Sorghum,60.0,5.77,4.36,12.75,0.9360000000000004,23.02948387096774,29.357999999999997,18.00567741935484,65.19645161290319,4.680645161290326,52.5,60.0,77.5,70.0,7.5,56.66666666666666,56.66666666666666,-0.25,50.0,2024-09-01
2024-09-01,Sorghum,50.0,5.5,3.56,12.75,0.904266666666667,24.14846666666667,31.002266666666657,18.607,61.10273333333333,4.912733333333333,60.0,57.5,50.0,80.0,-10.0,54.16666666666666,56.66666666666666,0.0,62.5,2024-10-01
2024-10-01,Sorghum,62.5,5.14,2.72,12.0,0.8206451612903226,25.090645161290325,31.86322580645161,19.57612903225806,60.61277419354836,4.586064516129031,50.0,52.5,60.0,80.0,12.5,57.5,57.083333333333336,-0.75,60.0,2024-11-01
2024-11-01,Sorghum,60.0,4.81,2.75,12.0,5.397466666666665,24.418533333333343,29.939933333333343,20.20926666666666,70.95033333333329,3.6839333333333326,62.5,60.0,60.0,83.53999999999999,-2.5,57.5,57.083333333333336,0.0,90.0,2024-12-01
2024-12-01,Sorghum,90.0,4.5,2.99,11.25,1.8755483870967744,24.34948387096775,30.476387096774182,19.31638709677419,66.94780645161289,3.624516129032257,60.0,50.0,57.5,70.0,30.0,70.83333333333333,62.5,-0.75,45.0,2025-01-01
2025-01-01,Sorghum,45.0,4.21,3.28,11.25,0.7796774193548389,25.158451612903228,32.159225806451616,19.218838709677406,57.03458064516127,3.969612903225807,90.0,62.5,52.5,75.0,-45.0,65.0,61.25,0.0,80.0,2025-02-01
2025-02-01,Sorghum,80.0,3.98,3.45,10.75,0.1199999999999999,25.695428571428565,33.249857142857124,19.149,54.62171428571431,4.577000000000001,45.0,60.0,60.0,77.5,35.0,71.66666666666667,64.58333333333333,-0.5,60.0,2025-03-01
2025-03-01,Sorghum,60.0,3.81,3.62,10.75,2.4451612903225803,25.729548387096774,31.886129032258072,20.82825806451615,63.927096774193565,3.830387096774193,80.0,90.0,50.0,50.0,-20.0,61.66666666666666,66.25,0.0,75.0,2025-04-01
2025-04-01,Sorghum,75.0,3.74,4.11,10.0,5.220666666666667,24.250733333333333,29.64446666666668,20.16893333333333,73.82386666666672,3.7092000000000014,60.0,45.0,62.5,60.0,15.0,71.66666666666667,68.33333333333333,-0.75,55.0,2025-05-01
2025-05-01,Sorghum,55.0,3.63,3.75,10.0,4.08264516129032,23.566774193548387,28.9805806451613,19.4305806451613,73.60451612903228,4.216258064516128,75.0,80.0,60.0,60.0,-20.0,63.333333333333336,67.5,0.0,65.0,2025-06-01
2025-06-01,Sorghum,65.0,3.56,3.82,9.75,2.105666666666667,22.760866666666672,28.411133333333336,18.32386666666668,70.13126666666663,4.3168,55.0,60.0,90.0,57.5,10.0,65.0,63.333333333333336,-0.25,80.0,2025-07-01
2025-07-01,Sorghum,80.0,3.55,4.15,9.75,1.677806451612903,22.34941935483871,28.219612903225794,17.61896774193549,67.3152903225806,4.499483870967742,65.0,75.0,45.0,52.5,15.0,66.66666666666667,69.16666666666667,0.0,80.0,2025-08-01
2025-08-01,Sorghum,80.0,3.56,4.53,9.5,4.021999999999999,22.03522580645161,27.794451612903234,17.444258064516138,68.66664516129035,4.260129032258064,80.0,55.0,80.0,60.0,0.0,75.0,69.16666666666667,-0.25,90.0,2025-09-01
2025-09-01,Sorghum,90.0,3.65,4.58,9.5,0.9335333333333332,23.50606666666667,30.20480000000001,17.999266666666667,62.95826666666672,4.427266666666666,80.0,65.0,60.0,50.0,10.0,83.33333333333333,74.16666666666667,0.0,80.0,2025-10-01
2025-10-01,Sorghum,80.0,3.8,4.56,9.25,2.074903225806452,24.370193548387096,30.639741935483865,19.28787096774194,62.97761290322581,4.31516129032258,90.0,80.0,75.0,62.5,-10.0,83.33333333333333,75.0,-0.25,84.72,2025-11-01
2026-03-01,Sorghum,85.0,4.29,4.39,8.75,2.038562357124712,25.623604267208552,32.159948691897334,20.32225654051306,61.7244211328422,4.11545948691897,84.72,90.0,65.0,90.0,0.2800000000000011,83.24,83.28666666666668,-0.5,85.0,2026-04-01
2026-04-01,Sorghum,85.0,4.42,5.59,8.75,5.932325000000009,24.13787371794871,29.4320878205128,20.085883333333346,73.47075320512826,3.949292948717952,85.0,80.0,80.0,45.0,0.0,84.90666666666667,84.12,0.0,100.0,2026-05-01
2026-05-01,Sorghum,100.0,4.66,6.68,8.75,4.067935483870966,23.4403436950146,28.97188914956016,19.169278592375367,73.17871788856294,4.220569501466271,85.0,84.72,80.0,80.0,15.0,90.0,87.45333333333333,0.0,50.0,2026-06-01
2026-06-01,Sorghum,50.0,4.88,6.41,8.75,1.601358260869567,22.64871652173913,28.488699130434828,18.015693913043457,69.15025217391297,4.422414492753631,100.0,85.0,90.0,60.0,-50.0,78.33333333333333,80.78666666666668,0.0,45.0,2026-07-01
2026-07-01,Sorghum,45.0,5.08,6.49,9.784965034965037,1.390702052785923,22.23961524926686,28.102879765395908,17.588340175953082,67.44304222873895,4.551488563049847,50.0,85.0,80.0,75.0,-5.0,65.0,74.95333333333333,1.034965034965035,44.165,2026-08-01
2018-12-01,Sugar,120.0,4.69,5.71,9.0,2.113506954720328,24.146886060964768,30.01334418467002,19.406097070139086,68.98363302752291,3.786693696359874,,,,,,120.0,120.0,,120.0,2019-01-01
2021-01-01,Sugar,111.665,5.74,5.69,7.0,0.7919354838709679,23.90754838709677,30.62400000000001,18.40103225806452,63.9471612903226,3.8561290322580617,107.0,120.0,,,4.664999999999992,112.88833333333332,114.66625,-2.0,116.46,2021-02-01
2021-02-01,Sugar,116.46,5.16,5.78,7.0,1.0442857142857147,24.79950000000001,31.69057142857141,19.06357142857143,59.52299999999998,3.674142857142858,111.665,120.0,,,4.795000000000016,111.70833333333331,115.025,0.0,110.0,2021-03-01
2021-03-01,Sugar,110.0,5.17,5.9,7.0,1.7911612903225802,25.173806451612897,31.998322580645176,19.61935483870968,59.83787096774194,4.444709677419353,116.46,107.0,,,-6.460000000000008,112.70833333333331,114.1875,0.0,109.965,2021-04-01
2021-04-01,Sugar,109.965,4.66,5.76,7.0,2.957933333333333,24.55046666666667,30.21866666666668,20.13686666666666,69.45406666666668,4.395666666666665,110.0,111.665,120.0,,-0.0349999999999965,112.14166666666668,112.515,0.0,111.11,2021-05-01
2021-05-01,Sugar,111.11,5.2,5.87,7.0,4.084645161290321,23.198838709677418,28.791161290322574,18.890903225806447,71.30193548387098,4.230838709677419,109.965,116.46,120.0,,1.144999999999996,110.35833333333332,111.03333333333336,0.0,109.33,2021-06-01
2021-06-01,Sugar,109.33,5.35,6.32,7.0,0.9444,22.28393333333332,28.215866666666678,17.62313333333334,68.38119999999999,4.6206666666666685,111.11,110.0,107.0,,-1.7800000000000011,110.135,111.42166666666668,0.0,106.67,2021-07-01
2021-07-01,Sugar,106.67,5.53,6.55,7.0,1.0405161290322589,21.831161290322573,27.556000000000008,17.353354838709674,66.38948387096771,4.6970967741935485,109.33,109.965,111.665,,-2.6599999999999966,109.03666666666668,110.58916666666666,0.0,109.21,2021-08-01
2021-08-01,Sugar,109.21,5.71,6.57,7.0,0.8192258064516129,22.778129032258075,29.13645161290323,17.586645161290317,62.746903225806456,4.781161290322578,106.67,111.11,116.46,,2.539999999999992,108.40333333333332,109.38083333333331,0.0,108.5,2021-09-01
2021-09-01,Sugar,108.5,5.35,6.91,7.0,0.8566000000000005,23.6962,30.353733333333302,18.39033333333334,61.80706666666668,5.1367999999999965,109.21,109.33,110.0,,-0.7099999999999937,108.12666666666668,109.13083333333331,0.0,106.5,2021-10-01
2021-10-01,Sugar,106.5,6.07,6.45,7.0,0.9926451612903228,24.777870967741944,31.445612903225797,19.28006451612903,59.91716129032259,4.692838709677422,108.5,106.67,109.965,120.0,-2.0,108.07,108.55333333333331,0.0,122.0,2021-11-01
2021-11-01,Sugar,122.0,6.1,5.8,7.0,2.353666666666667,25.23273333333333,31.71406666666668,20.02933333333334,61.54279999999998,4.274666666666668,106.5,109.21,111.11,120.0,15.5,112.33333333333331,110.36833333333334,0.0,123.275,2021-12-01
2021-12-01,Sugar,123.275,5.62,5.73,7.0,3.16367741935484,23.442774193548384,29.09103225806451,19.034,72.45916129032256,4.153032258064515,122.0,108.5,109.33,107.0,1.2750000000000057,117.25833333333333,112.6925,0.0,127.47,2022-01-01
2022-01-01,Sugar,127.47,6.08,5.39,7.0,1.0556129032258066,23.976,30.78348387096775,18.405548387096765,61.97374193548387,3.780967741935484,123.275,106.5,106.67,111.665,4.194999999999993,124.24833333333332,116.15916666666668,0.0,127.69,2022-02-01
2022-02-01,Sugar,127.69,6.23,5.08,7.0,0.751928571428572,25.41328571428572,32.26628571428571,19.74971428571427,57.56485714285712,3.527714285714285,127.47,122.0,109.21,116.46,0.2199999999999988,126.145,119.23916666666666,0.0,136.67,2022-03-01
2023-01-01,Sugar,157.5,7.95,8.98,8.75,0.4614193548387098,24.429354838709678,31.497419354838705,18.43832258064516,57.50322580645159,4.315354838709677,124.0,127.69,122.0,111.11,33.5,139.39,132.7675,1.75,149.765,2023-02-01
2023-02-01,Sugar,149.765,8.3,9.23,8.75,0.2490714285714285,25.779071428571427,33.53999999999999,19.067071428571435,51.11364285714282,4.3248571428571445,157.5,136.67,123.275,109.33,-7.735000000000014,143.755,137.18249999999998,0.0,165.0,2023-03-01
2023-03-01,Sugar,165.0,8.59,9.19,9.5,2.4013548387096764,25.384516129032253,31.94077419354838,20.057032258064517,60.971677419354855,4.06658064516129,149.765,124.0,127.47,106.67,15.235000000000014,157.42166666666665,143.4375,0.75,175.0,2023-04-01
2023-04-01,Sugar,175.0,8.71,7.9,9.5,7.197333333333333,23.745999999999984,29.0422,19.674599999999984,74.81580000000002,3.944533333333332,165.0,157.5,127.69,109.21,10.0,163.255,151.3225,0.0,210.0,2023-05-01
2023-05-01,Sugar,210.0,8.78,8.03,9.5,4.442903225806452,23.30825806451613,29.11400000000001,18.91664516129032,73.83045161290323,4.281419354838708,175.0,149.765,136.67,108.5,35.0,183.33333333333331,163.54416666666663,0.0,200.0,2023-06-01
2023-06-01,Sugar,200.0,8.77,7.88,10.5,2.095133333333332,22.743266666666667,28.554933333333327,18.20666666666667,71.06640000000003,4.183399999999999,210.0,165.0,124.0,106.5,-10.0,195.0,176.2108333333333,1.0,224.06,2023-07-01
2023-07-01,Sugar,224.06,8.68,7.28,10.5,1.2007741935483869,22.377032258064503,28.50600000000001,17.540967741935482,68.09154838709676,4.793741935483872,200.0,175.0,157.5,122.0,24.06,211.35333333333327,187.30416666666667,0.0,235.0,2023-08-01
2023-08-01,Sugar,235.0,8.52,6.73,10.5,1.2456129032258063,22.88574193548387,29.28122580645161,17.85677419354839,66.17167741935486,5.026322580645161,224.06,210.0,149.765,123.275,10.939999999999998,219.68666666666664,201.51,0.0,215.0,2023-09-01
2023-09-01,Sugar,215.0,8.32,6.78,10.5,1.2512666666666667,24.303266666666666,30.885133333333325,19.023200000000013,63.47546666666668,4.6887333333333325,235.0,200.0,165.0,127.47,-20.0,224.68666666666664,209.84333333333333,0.0,209.0,2023-10-01
2023-10-01,Sugar,209.0,8.1,6.92,10.5,2.628645161290323,24.625612903225804,31.094258064516087,19.54954838709677,65.34103225806454,4.684000000000001,215.0,224.06,175.0,127.69,-6.0,219.66666666666663,215.51,0.0,215.43,2023-11-01
2023-11-01,Sugar,215.43,7.87,6.8,10.5,9.33346666666667,23.02306666666667,27.941599999999973,19.267866666666663,78.72493333333331,3.671533333333332,209.0,235.0,210.0,136.67,6.430000000000007,213.14333333333332,216.415,0.0,215.0,2023-12-01
2023-12-01,Sugar,215.0,7.67,6.63,12.5,1.8227741935483872,23.924580645161296,29.33877419354839,19.554838709677423,73.56464516129034,3.545483870967744,215.43,215.0,200.0,124.0,-0.4300000000000068,213.14333333333332,218.915,2.0,194.165,2024-01-01
2024-01-01,Sugar,194.165,7.5,6.85,12.5,2.3723225806451618,24.25774193548387,29.788000000000004,19.716064516129023,69.22432258064514,3.1272903225806448,215.0,209.0,224.06,157.5,-20.83499999999998,208.19833333333332,213.9325,0.0,193.33,2024-02-01
2024-02-01,Sugar,193.33,7.26,6.31,13.0,2.0566896551724128,25.350689655172413,31.520551724137945,20.212275862068964,66.31717241379307,3.741241379310345,194.165,215.43,235.0,149.765,-0.835000000000008,200.83166666666668,206.9875,0.5,180.0,2024-03-01
2024-03-01,Sugar,180.0,6.97,5.7,13.0,2.327935483870968,25.79329032258065,31.81593548387097,20.99567741935485,66.56761290322584,4.041161290322585,193.33,215.0,215.0,165.0,-13.330000000000013,189.165,201.15416666666667,0.0,151.36,2024-04-01
2024-04-01,Sugar,151.36,6.73,5.0,13.0,8.986199999999998,23.79073333333333,28.397533333333328,20.36040000000001,78.19506666666669,3.6072,180.0,194.165,209.0,175.0,-28.639999999999983,174.89666666666668,191.5475,0.0,163.33499999999998,2024-05-01
2024-05-01,Sugar,163.33499999999998,6.49,5.1,13.0,4.229612903225806,23.623419354838685,28.854064516129032,19.470129032258058,74.99767741935482,4.029419354838709,151.36,193.33,215.43,210.0,11.974999999999966,164.89833333333334,182.865,0.0,159.0,2024-06-01
2024-06-01,Sugar,159.0,4.64,6.22,13.0,1.2621333333333329,22.826733333333344,28.75386666666668,17.97533333333332,68.3048,4.3918,163.33499999999998,180.0,215.0,200.0,-4.33499999999998,157.89833333333334,173.53166666666667,0.0,140.0,2024-07-01
2024-07-01,Sugar,140.0,5.97,4.31,13.0,1.594709677419355,22.666129032258063,28.35070967741936,18.120193548387093,68.32929032258063,4.065354838709677,159.0,151.36,194.165,224.06,-19.0,154.11166666666665,164.5041666666667,0.0,137.85000000000002,2024-08-01
2024-08-01,Sugar,137.85000000000002,5.77,4.36,12.75,0.9360000000000004,23.02948387096774,29.357999999999997,18.00567741935484,65.19645161290319,4.680645161290326,140.0,163.33499999999998,193.33,235.0,-2.1499999999999773,145.61666666666667,155.2575,-0.25,145.0,2024-09-01
2024-09-01,Sugar,145.0,5.5,3.56,12.75,0.904266666666667,24.14846666666667,31.002266666666657,18.607,61.10273333333333,4.912733333333333,137.85000000000002,159.0,180.0,215.0,7.149999999999977,140.95000000000002,149.42416666666665,0.0,130.0,2024-10-01
2024-10-01,Sugar,130.0,5.14,2.72,12.0,0.8206451612903226,25.090645161290325,31.86322580645161,19.57612903225806,60.61277419354836,4.586064516129031,145.0,140.0,151.36,209.0,-15.0,137.61666666666667,145.86416666666665,-0.75,147.5,2024-11-01
2024-11-01,Sugar,147.5,4.81,2.75,12.0,5.397466666666665,24.418533333333343,29.939933333333343,20.20926666666666,70.95033333333329,3.6839333333333326,130.0,137.85000000000002,163.33499999999998,215.43,17.5,140.83333333333334,143.225,0.0,157.0,2024-12-01
2024-12-01,Sugar,157.0,4.5,2.99,11.25,1.8755483870967744,24.34948387096775,30.476387096774182,19.31638709677419,66.94780645161289,3.624516129032257,147.5,145.0,159.0,215.0,9.5,144.83333333333334,142.89166666666668,-0.75,158.33,2025-01-01
2025-01-01,Sugar,158.33,4.21,3.28,11.25,0.7796774193548389,25.158451612903228,32.159225806451616,19.218838709677406,57.03458064516127,3.969612903225807,157.0,130.0,140.0,194.165,1.3300000000000125,154.27666666666667,145.9466666666667,0.0,162.5,2025-02-01
2025-02-01,Sugar,162.5,3.98,3.45,10.75,0.1199999999999999,25.695428571428565,33.249857142857124,19.149,54.62171428571431,4.577000000000001,158.33,147.5,137.85000000000002,193.33,4.169999999999988,159.27666666666667,150.055,-0.5,155.0,2025-03-01
2025-03-01,Sugar,155.0,3.81,3.62,10.75,2.4451612903225803,25.729548387096774,31.886129032258072,20.82825806451615,63.927096774193565,3.830387096774193,162.5,157.0,145.0,180.0,-7.5,158.61,151.72166666666666,0.0,161.66500000000002,2025-04-01
2025-04-01,Sugar,161.66500000000002,3.74,4.11,10.0,5.220666666666667,24.250733333333333,29.64446666666668,20.16893333333333,73.82386666666672,3.7092000000000014,155.0,158.33,130.0,151.36,6.6650000000000205,159.72166666666666,156.9991666666667,-0.75,174.16500000000002,2025-05-01
2025-05-01,Sugar,174.16500000000002,3.63,3.75,10.0,4.08264516129032,23.566774193548387,28.9805806451613,19.4305806451613,73.60451612903228,4.216258064516128,161.66500000000002,162.5,147.5,163.33499999999998,12.5,163.61,161.44333333333336,0.0,173.5,2025-06-01
2025-06-01,Sugar,173.5,3.56,3.82,9.75,2.105666666666667,22.760866666666672,28.411133333333336,18.32386666666668,70.13126666666663,4.3168,174.16500000000002,155.0,157.0,159.0,-0.6650000000000205,169.77666666666667,164.19333333333336,-0.25,162.0,2025-07-01
2025-07-01,Sugar,162.0,3.55,4.15,9.75,1.677806451612903,22.34941935483871,28.219612903225794,17.61896774193549,67.3152903225806,4.499483870967742,173.5,161.66500000000002,158.33,140.0,-11.5,169.88833333333335,164.805,0.0,170.0,2025-08-01
2025-08-01,Sugar,170.0,3.56,4.53,9.5,4.021999999999999,22.03522580645161,27.794451612903234,17.444258064516138,68.66664516129035,4.260129032258064,162.0,174.16500000000002,162.5,137.85000000000002,8.0,168.5,166.055,-0.25,169.83,2025-09-01
2025-09-01,Sugar,169.83,3.65,4.58,9.5,0.9335333333333332,23.50606666666667,30.20480000000001,17.999266666666667,62.95826666666672,4.427266666666666,170.0,173.5,155.0,145.0,-0.1699999999999875,167.27666666666667,168.52666666666667,0.0,160.0,2025-10-01
2025-10-01,Sugar,160.0,3.8,4.56,9.25,2.074903225806452,24.370193548387096,30.639741935483865,19.28787096774194,62.97761290322581,4.31516129032258,169.83,162.0,161.66500000000002,130.0,-9.830000000000013,166.61,168.24916666666667,-0.25,158.70499999999998,2025-11-01
2025-11-01,Sugar,158.70499999999998,3.94,4.46,9.25,1.0433333333333334,24.573666666666664,30.835266666666666,19.537066666666654,65.35886666666669,4.259733333333332,160.0,170.0,174.16500000000002,147.5,-1.295000000000016,162.845,165.6725,0.0,147.0,2025-12-01
2025-12-01,Sugar,147.0,4.07,4.49,9.0,1.8190322580645149,25.00529032258064,31.20554838709679,19.921161290322583,63.28716129032258,3.802903225806451,158.70499999999998,169.83,173.5,157.0,-11.704999999999984,155.235,161.25583333333336,-0.25,116.6,2026-01-01
2026-01-01,Sugar,116.6,4.16,4.4,9.0,1.145822580645162,24.324359375000025,30.912066028225794,18.84784173387096,62.25724697580647,3.792182963709665,147.0,160.0,162.0,158.33,-30.40000000000001,140.76833333333332,153.6891666666667,0.0,116.6,2026-02-01
2026-02-01,Sugar,116.6,4.23,4.25,8.75,0.8548126154556672,25.384638912407667,32.41319515855911,19.4430963092672,58.030784848368256,3.961852101293102,116.6,158.70499999999998,170.0,162.5,0.0,126.73333333333336,144.7891666666667,-0.25,156.5,2026-03-01
2026-03-01,Sugar,156.5,4.29,4.39,8.75,2.038562357124712,25.623604267208552,32.159948691897334,20.32225654051306,61.7244211328422,4.11545948691897,116.6,147.0,169.83,155.0,39.900000000000006,129.9,142.5675,0.0,150.0,2026-04-01
2026-04-01,Sugar,150.0,4.42,5.59,8.75,5.932325000000009,24.13787371794871,29.4320878205128,20.085883333333346,73.47075320512826,3.949292948717952,156.5,116.6,160.0,161.66500000000002,-6.5,141.03333333333333,140.90083333333334,0.0,120.93,2026-05-01
2026-05-01,Sugar,120.93,4.66,6.68,8.75,4.067935483870966,23.4403436950146,28.97188914956016,19.169278592375367,73.17871788856294,4.220569501466271,150.0,116.6,158.70499999999998,174.16500000000002,-29.069999999999997,142.47666666666666,134.60500000000002,0.0,150.0,2026-06-01
2026-06-01,Sugar,150.0,4.88,6.41,8.75,1.601358260869567,22.64871652173913,28.488699130434828,18.015693913043457,69.15025217391297,4.422414492753631,120.93,156.5,147.0,173.5,29.069999999999997,140.31,135.10500000000002,0.0,154.72,2026-07-01
2026-07-01,Sugar,154.72,5.08,6.49,9.784965034965037,1.390702052785923,22.23961524926686,28.102879765395908,17.588340175953082,67.44304222873895,4.551488563049847,150.0,150.0,116.6,162.0,4.719999999999999,141.88333333333333,141.45833333333334,1.034965034965035,157.5,2026-08-01
2021-01-01,Tomatoes,2697.0,5.74,5.69,7.0,0.7919354838709679,23.90754838709677,30.62400000000001,18.40103225806452,63.9471612903226,3.8561290322580617,,,,,,2697.0,2697.0,,3744.0,2021-02-01
2021-02-01,Tomatoes,3744.0,5.16,5.78,7.0,1.0442857142857147,24.79950000000001,31.69057142857141,19.06357142857143,59.52299999999998,3.674142857142858,2697.0,,,,1047.0,3220.5,3220.5,0.0,3136.0,2021-03-01
2021-03-01,Tomatoes,3136.0,5.17,5.9,7.0,1.7911612903225802,25.173806451612897,31.998322580645176,19.61935483870968,59.83787096774194,4.444709677419353,3744.0,,,,-608.0,3192.333333333333,3192.333333333333,0.0,4480.0,2021-04-01
2021-04-01,Tomatoes,4480.0,4.66,5.76,7.0,2.957933333333333,24.55046666666667,30.21866666666668,20.13686666666666,69.45406666666668,4.395666666666665,3136.0,2697.0,,,1344.0,3786.6666666666665,3514.25,0.0,4480.0,2021-05-01
2021-05-01,Tomatoes,4480.0,5.2,5.87,7.0,4.084645161290321,23.198838709677418,28.791161290322574,18.890903225806447,71.30193548387098,4.230838709677419,4480.0,3744.0,,,0.0,4032.0,3707.4,0.0,3430.5,2021-06-01
2021-06-01,Tomatoes,3430.5,5.35,6.32,7.0,0.9444,22.28393333333332,28.215866666666678,17.62313333333334,68.38119999999999,4.6206666666666685,4480.0,3136.0,,,-1049.5,4130.166666666667,3661.25,0.0,3408.0,2021-07-01
2021-07-01,Tomatoes,3408.0,5.53,6.55,7.0,1.0405161290322589,21.831161290322573,27.556000000000008,17.353354838709674,66.38948387096771,4.6970967741935485,3430.5,4480.0,2697.0,,-22.5,3772.8333333333335,3779.75,0.0,3200.0,2021-08-01
2021-08-01,Tomatoes,3200.0,5.71,6.57,7.0,0.8192258064516129,22.778129032258075,29.13645161290323,17.586645161290317,62.746903225806456,4.781161290322578,3408.0,4480.0,3744.0,,-208.0,3346.1666666666665,3689.0833333333335,0.0,3360.0,2021-09-01
2021-09-01,Tomatoes,3360.0,5.35,6.91,7.0,0.8566000000000005,23.6962,30.353733333333302,18.39033333333334,61.80706666666668,5.1367999999999965,3200.0,3430.5,3136.0,,160.0,3322.6666666666665,3726.4166666666665,0.0,3328.0,2021-10-01
2021-10-01,Tomatoes,3328.0,6.07,6.45,7.0,0.9926451612903228,24.777870967741944,31.445612903225797,19.28006451612903,59.91716129032259,4.692838709677422,3360.0,3408.0,4480.0,,-32.0,3296.0,3534.4166666666665,0.0,3192.0,2021-11-01
2021-11-01,Tomatoes,3192.0,6.1,5.8,7.0,2.353666666666667,25.23273333333333,31.71406666666668,20.02933333333334,61.54279999999998,4.274666666666668,3328.0,3200.0,4480.0,,-136.0,3293.333333333333,3319.75,0.0,3053.5,2021-12-01
2021-12-01,Tomatoes,3053.5,5.62,5.73,7.0,3.16367741935484,23.442774193548384,29.09103225806451,19.034,72.45916129032256,4.153032258064515,3192.0,3360.0,3430.5,,-138.5,3191.1666666666665,3256.9166666666665,0.0,3093.0,2022-01-01
2022-01-01,Tomatoes,3093.0,6.08,5.39,7.0,1.0556129032258066,23.976,30.78348387096775,18.405548387096765,61.97374193548387,3.780967741935484,3053.5,3328.0,3408.0,2697.0,39.5,3112.833333333333,3204.4166666666665,0.0,3066.4,2022-02-01
2022-02-01,Tomatoes,3066.4,6.23,5.08,7.0,0.751928571428572,25.41328571428572,32.26628571428571,19.74971428571427,57.56485714285712,3.527714285714285,3093.0,3192.0,3200.0,3744.0,-26.59999999999991,3070.9666666666667,3182.15,0.0,3200.0,2022-03-01
2022-03-01,Tomatoes,3200.0,6.29,5.56,7.0,0.9250967741935486,26.167612903225805,33.591612903225816,19.94232258064516,54.837935483870965,4.3436774193548375,3066.4,3053.5,3360.0,3136.0,133.5999999999999,3119.8,3155.4833333333336,0.0,3628.125,2022-04-01
2022-04-01,Tomatoes,3628.125,6.05,6.47,9.563291139240508,2.7596666666666665,25.13853333333333,31.40686666666665,20.203266666666657,64.05233333333332,4.33646666666667,3200.0,3093.0,3328.0,4480.0,428.125,3298.175,3205.504166666667,2.5632911392405067,3441.87,2022-05-01
2022-05-01,Tomatoes,3441.87,6.16,7.08,9.570552147239264,2.486967741935484,23.872903225806446,29.77129032258064,19.268516129032268,68.47270967741939,4.5590322580645175,3628.125,3066.4,3192.0,4480.0,-186.2550000000001,3423.3316666666665,3247.1491666666666,0.0072610079987569,4500.0,2022-06-01
2022-06-01,Tomatoes,4500.0,6.29,7.91,9.760670731707316,1.2656000000000005,22.705800000000007,28.840666666666664,17.832266666666662,64.76066666666671,4.906466666666667,3441.87,3200.0,3053.5,3430.5,1058.13,3856.665,3488.2325,0.1901185844680526,3732.0,2022-07-01
2022-07-01,Tomatoes,3732.0,6.45,8.32,9.784965034965037,1.6142580645161289,21.69451612903225,27.7987741935484,16.916645161290322,66.00006451612902,4.918193548387095,4500.0,3628.125,3093.0,3408.0,-768.0,3891.29,3594.7325,0.0242943032577187,3264.0,2022-08-01
2022-08-01,Tomatoes,3264.0,6.61,8.53,9.530821917808218,1.6161935483870968,22.14103225806452,28.39174193548388,17.18245161290323,64.63374193548387,4.733870967741937,3732.0,3441.87,3066.4,3200.0,-468.0,3832.0,3627.665833333333,-0.2541431171568167,3040.0,2022-09-01
2022-09-01,Tomatoes,3040.0,6.81,9.18,9.66546762589928,3.597333333333333,22.768933333333333,29.142666666666663,17.681600000000003,65.41580000000003,4.821066666666665,3264.0,4500.0,3200.0,3360.0,-224.0,3345.333333333333,3600.9991666666665,0.1346457080910621,2707.925,2022-10-01
2022-10-01,Tomatoes,2707.925,7.48,9.59,9.49822695035461,0.6903225806451612,23.904774193548374,30.98670967741936,18.17722580645161,59.52890322580646,4.805741935483872,3040.0,3732.0,3628.125,3328.0,-332.0749999999998,3003.975,3447.6325,-0.1672406755446704,2645.5,2022-11-01
2022-11-01,Tomatoes,2645.5,7.38,9.48,8.75,2.975200000000001,23.739,29.523866666666667,19.328000000000003,69.0702,4.057933333333334,2707.925,3264.0,3441.87,3192.0,-62.42500000000018,2797.808333333333,3314.9041666666667,-0.74822695035461,3321.5,2022-12-01
2022-12-01,Tomatoes,3321.5,7.66,9.06,9.855,1.1950967741935483,24.37070967741937,30.68529032258063,19.27883870967742,64.15438709677423,3.945419354838709,2645.5,3040.0,4500.0,3053.5,676.0,2891.6416666666664,3118.4875,1.1050000000000004,3920.0,2023-01-01
2023-01-01,Tomatoes,3920.0,7.95,8.98,8.75,0.4614193548387098,24.429354838709678,31.497419354838705,18.43832258064516,57.50322580645159,4.315354838709677,3321.5,2707.925,3732.0,3093.0,598.5,3295.6666666666665,3149.820833333333,-1.1050000000000004,4180.0,2023-02-01
2023-02-01,Tomatoes,4180.0,8.3,9.23,8.75,0.2490714285714285,25.779071428571427,33.53999999999999,19.067071428571435,51.11364285714282,4.3248571428571445,3920.0,2645.5,3264.0,3066.4,260.0,3807.1666666666665,3302.4875,0.0,3571.0,2023-03-01
2023-03-01,Tomatoes,3571.0,8.59,9.19,9.5,2.4013548387096764,25.384516129032253,31.94077419354838,20.057032258064517,60.971677419354855,4.06658064516129,4180.0,3321.5,3040.0,3200.0,-609.0,3890.3333333333335,3390.9875,0.75,3200.0,2023-04-01
2023-04-01,Tomatoes,3200.0,8.71,7.9,9.5,7.197333333333333,23.745999999999984,29.0422,19.674599999999984,74.81580000000002,3.944533333333332,3571.0,3920.0,2707.925,3628.125,-371.0,3650.3333333333335,3473.0,0.0,3264.0,2023-05-01
2023-05-01,Tomatoes,3264.0,8.78,8.03,9.5,4.442903225806452,23.30825806451613,29.11400000000001,18.91664516129032,73.83045161290323,4.281419354838708,3200.0,4180.0,2645.5,3441.87,64.0,3345.0,3576.083333333333,0.0,3860.0,2023-06-01
2023-06-01,Tomatoes,3860.0,8.77,7.88,10.5,2.095133333333332,22.743266666666667,28.554933333333327,18.20666666666667,71.06640000000003,4.183399999999999,3264.0,3571.0,3321.5,4500.0,596.0,3441.333333333333,3665.8333333333335,1.0,3008.0,2023-07-01
2023-07-01,Tomatoes,3008.0,8.68,7.28,10.5,1.2007741935483869,22.377032258064503,28.50600000000001,17.540967741935482,68.09154838709676,4.793741935483872,3860.0,3200.0,3920.0,3732.0,-852.0,3377.333333333333,3513.833333333333,0.0,3200.0,2023-08-01
2023-08-01,Tomatoes,3200.0,8.52,6.73,10.5,1.2456129032258063,22.88574193548387,29.28122580645161,17.85677419354839,66.17167741935486,5.026322580645161,3008.0,3264.0,4180.0,3264.0,192.0,3356.0,3350.5,0.0,3747.2,2023-09-01
2023-09-01,Tomatoes,3747.2,8.32,6.78,10.5,1.2512666666666667,24.303266666666666,30.885133333333325,19.023200000000013,63.47546666666668,4.6887333333333325,3200.0,3860.0,3571.0,3040.0,547.1999999999998,3318.4,3379.866666666667,0.0,3530.0,2023-10-01
2023-12-01,Tomatoes,4800.0,7.67,6.63,12.5,1.8227741935483872,23.924580645161296,29.33877419354839,19.554838709677423,73.56464516129034,3.545483870967744,3530.0,3200.0,3264.0,2645.5,1270.0,4025.7333333333336,3690.866666666667,2.0,4288.0,2024-01-01
2024-01-01,Tomatoes,4288.0,7.5,6.85,12.5,2.3723225806451618,24.25774193548387,29.788000000000004,19.716064516129023,69.22432258064514,3.1272903225806448,4800.0,3747.2,3860.0,3321.5,-512.0,4206.0,3762.2,0.0,3671.68,2024-02-01
2024-02-01,Tomatoes,3671.68,7.26,6.31,13.0,2.0566896551724128,25.350689655172413,31.520551724137945,20.212275862068964,66.31717241379307,3.741241379310345,4288.0,3530.0,3008.0,3920.0,-616.3200000000002,4253.2266666666665,3872.8133333333335,0.5,3000.0,2024-03-01
2024-03-01,Tomatoes,3000.0,6.97,5.7,13.0,2.327935483870968,25.79329032258065,31.81593548387097,20.99567741935485,66.56761290322584,4.041161290322585,3671.68,4800.0,3200.0,4180.0,-671.6799999999998,3653.226666666667,3839.48,0.0,4038.0,2024-04-01
2024-04-01,Tomatoes,4038.0,6.73,5.0,13.0,8.986199999999998,23.79073333333333,28.397533333333328,20.36040000000001,78.19506666666669,3.6072,3000.0,4288.0,3747.2,3571.0,1038.0,3569.893333333333,3887.9466666666663,0.0,5008.0,2024-05-01
2024-05-01,Tomatoes,5008.0,6.49,5.1,13.0,4.229612903225806,23.623419354838685,28.854064516129032,19.470129032258058,74.99767741935482,4.029419354838709,4038.0,3671.68,3530.0,3200.0,970.0,4015.3333333333335,4134.28,0.0,4960.0,2024-06-01
2024-06-01,Tomatoes,4960.0,4.64,6.22,13.0,1.2621333333333329,22.826733333333344,28.75386666666668,17.97533333333332,68.3048,4.3918,5008.0,3000.0,4800.0,3264.0,-48.0,4668.666666666667,4160.946666666667,0.0,3723.0,2024-07-01
2024-07-01,Tomatoes,3723.0,5.97,4.31,13.0,1.594709677419355,22.666129032258063,28.35070967741936,18.120193548387093,68.32929032258063,4.065354838709677,4960.0,4038.0,4288.0,3860.0,-1237.0,4563.666666666667,4066.78,0.0,2720.0,2024-08-01
2024-08-01,Tomatoes,2720.0,5.77,4.36,12.75,0.9360000000000004,23.02948387096774,29.357999999999997,18.00567741935484,65.19645161290319,4.680645161290326,3723.0,5008.0,3671.68,3008.0,-1003.0,3801.0,3908.1666666666665,-0.25,2667.0,2024-09-01
2024-09-01,Tomatoes,2667.0,5.5,3.56,12.75,0.904266666666667,24.14846666666667,31.002266666666657,18.607,61.10273333333333,4.912733333333333,2720.0,4960.0,3000.0,3200.0,-53.0,3036.6666666666665,3852.6666666666665,0.0,2400.0,2024-10-01
2024-12-01,Tomatoes,5158.08,4.5,2.99,11.25,1.8755483870967744,24.34948387096775,30.476387096774182,19.31638709677419,66.94780645161289,3.624516129032257,2400.0,2720.0,5008.0,3530.0,2758.08,3408.36,3604.68,-1.5,5120.0,2025-01-01
2025-01-01,Tomatoes,5120.0,4.21,3.28,11.25,0.7796774193548389,25.158451612903228,32.159225806451616,19.218838709677406,57.03458064516127,3.969612903225807,5158.08,2667.0,4960.0,4800.0,-38.07999999999993,4226.026666666667,3631.346666666667,0.0,4680.0,2025-02-01
2025-02-01,Tomatoes,4680.0,3.98,3.45,10.75,0.1199999999999999,25.695428571428565,33.249857142857124,19.149,54.62171428571431,4.577000000000001,5120.0,2400.0,3723.0,4288.0,-440.0,4986.026666666667,3790.846666666667,-0.5,4160.0,2025-03-01
2025-03-01,Tomatoes,4160.0,3.81,3.62,10.75,2.4451612903225803,25.729548387096774,31.886129032258072,20.82825806451615,63.927096774193565,3.830387096774193,4680.0,5158.08,2720.0,3671.68,-520.0,4653.333333333333,4030.846666666667,0.0,10628.48,2025-04-01
2025-04-01,Tomatoes,10628.48,3.74,4.11,10.0,5.220666666666667,24.250733333333333,29.64446666666668,20.16893333333333,73.82386666666672,3.7092000000000014,4160.0,5120.0,2667.0,3000.0,6468.48,6489.493333333333,5357.76,-0.75,4878.08,2025-05-01
2025-05-01,Tomatoes,4878.08,3.63,3.75,10.0,4.08264516129032,23.566774193548387,28.9805806451613,19.4305806451613,73.60451612903228,4.216258064516128,10628.48,4680.0,2400.0,4038.0,-5750.4,6555.52,5770.7733333333335,0.0,4874.88,2025-06-01
2025-06-01,Tomatoes,4874.88,3.56,3.82,9.75,2.105666666666667,22.760866666666672,28.411133333333336,18.32386666666668,70.13126666666663,4.3168,4878.08,4160.0,5158.08,5008.0,-3.199999999999818,6793.813333333333,5723.573333333333,-0.25,7086.08,2025-07-01
2025-07-01,Tomatoes,7086.08,3.55,4.15,9.75,1.677806451612903,22.34941935483871,28.219612903225794,17.61896774193549,67.3152903225806,4.499483870967742,4874.88,10628.48,5120.0,4960.0,2211.2,5613.013333333333,6051.253333333333,0.0,6521.815,2025-08-01
2025-08-01,Tomatoes,6521.815,3.56,4.53,9.5,4.021999999999999,22.03522580645161,27.794451612903234,17.444258064516138,68.66664516129035,4.260129032258064,7086.08,4878.08,4680.0,3723.0,-564.2650000000003,6160.924999999999,6358.2225,-0.25,6628.48,2025-09-01
2025-09-01,Tomatoes,6628.48,3.65,4.58,9.5,0.9335333333333332,23.50606666666667,30.20480000000001,17.999266666666667,62.95826666666672,4.427266666666666,6521.815,4874.88,4160.0,2720.0,106.66499999999996,6745.458333333333,6769.635833333334,0.0,3040.0,2025-10-01
2025-10-01,Tomatoes,3040.0,3.8,4.56,9.25,2.074903225806452,24.370193548387096,30.639741935483865,19.28787096774194,62.97761290322581,4.31516129032258,6628.48,7086.08,10628.48,2667.0,-3588.48,5396.764999999999,5504.889166666667,-0.25,8114.5,2025-11-01
2025-11-01,Tomatoes,8114.5,3.94,4.46,9.25,1.0433333333333334,24.573666666666664,30.835266666666666,19.537066666666654,65.35886666666669,4.259733333333332,3040.0,6521.815,4878.08,2400.0,5074.5,5927.66,6044.2925,0.0,5180.8,2025-12-01
2025-12-01,Tomatoes,5180.8,4.07,4.49,9.0,1.8190322580645149,25.00529032258064,31.20554838709679,19.921161290322583,63.28716129032258,3.802903225806451,8114.5,6628.48,4874.88,5158.08,-2933.7,5445.099999999999,6095.279166666667,-0.25,4940.8,2026-01-01
2026-01-01,Tomatoes,4940.8,4.16,4.4,9.0,1.145822580645162,24.324359375000025,30.912066028225794,18.84784173387096,62.25724697580647,3.792182963709665,5180.8,3040.0,7086.08,5120.0,-240.0,6078.7,5737.732499999999,0.0,5701.120000000001,2026-02-01
2026-02-01,Tomatoes,5701.120000000001,4.23,4.25,8.75,0.8548126154556672,25.384638912407667,32.41319515855911,19.4430963092672,58.030784848368256,3.961852101293102,4940.8,8114.5,6521.815,4680.0,760.3200000000006,5274.240000000001,5600.95,-0.25,6217.15,2026-03-01
2026-03-01,Tomatoes,6217.15,4.29,4.39,8.75,2.038562357124712,25.623604267208552,32.159948691897334,20.32225654051306,61.7244211328422,4.11545948691897,5701.120000000001,5180.8,6628.48,4160.0,516.0299999999988,5619.69,5532.395,0.0,7847.575,2026-04-01
2026-04-01,Tomatoes,7847.575,4.42,5.59,8.75,5.932325000000009,24.13787371794871,29.4320878205128,20.085883333333346,73.47075320512826,3.949292948717952,6217.15,4940.8,3040.0,10628.48,1630.4250000000002,6588.615000000001,6333.6575,0.0,8731.52,2026-05-01
2026-05-01,Tomatoes,8731.52,4.66,6.68,8.75,4.067935483870966,23.4403436950146,28.97188914956016,19.169278592375367,73.17871788856294,4.220569501466271,7847.575,5701.120000000001,8114.5,4878.08,883.9450000000006,7598.748333333333,6436.494166666667,0.0,6856.96,2026-06-01
2026-06-01,Tomatoes,6856.96,4.88,6.41,8.75,1.601358260869567,22.64871652173913,28.488699130434828,18.015693913043457,69.15025217391297,4.422414492753631,8731.52,6217.15,5180.8,4874.88,-1874.5600000000004,7812.018333333333,6715.854166666667,0.0,7337.09,2026-07-01
2018-12-01,Wheat flour,102.86,4.69,5.71,9.0,2.113506954720328,24.146886060964768,30.01334418467002,19.406097070139086,68.98363302752291,3.786693696359874,,,,,,102.86,102.86,,102.86,2019-01-01
2021-01-01,Wheat flour,68.33,5.74,5.69,7.0,0.7919354838709679,23.90754838709677,30.62400000000001,18.40103225806452,63.9471612903226,3.8561290322580617,62.0,102.86,,,6.329999999999998,77.73,84.0125,-2.0,72.6,2021-02-01
2021-02-01,Wheat flour,72.6,5.16,5.78,7.0,1.0442857142857147,24.79950000000001,31.69057142857141,19.06357142857143,59.52299999999998,3.674142857142858,68.33,102.86,,,4.269999999999996,67.64333333333333,81.72999999999999,0.0,70.56,2021-03-01
2021-03-01,Wheat flour,70.56,5.17,5.9,7.0,1.7911612903225802,25.173806451612897,31.998322580645176,19.61935483870968,59.83787096774194,4.444709677419353,72.6,62.0,,,-2.039999999999992,70.49666666666667,79.86833333333333,0.0,69.97,2021-04-01
2021-04-01,Wheat flour,69.97,4.66,5.76,7.0,2.957933333333333,24.55046666666667,30.21866666666668,20.13686666666666,69.45406666666668,4.395666666666665,70.56,68.33,102.86,,-0.5900000000000034,71.04333333333334,74.38666666666666,0.0,70.0,2021-05-01
2021-05-01,Wheat flour,70.0,5.2,5.87,7.0,4.084645161290321,23.198838709677418,28.791161290322574,18.890903225806447,71.30193548387098,4.230838709677419,69.97,72.6,102.86,,0.0300000000000011,70.17666666666666,68.91000000000001,0.0,70.0,2021-06-01
2021-06-01,Wheat flour,70.0,5.35,6.32,7.0,0.9444,22.28393333333332,28.215866666666678,17.62313333333334,68.38119999999999,4.6206666666666685,70.0,70.56,62.0,,0.0,69.99,70.24333333333334,0.0,70.0,2021-07-01
2021-07-01,Wheat flour,70.0,5.53,6.55,7.0,1.0405161290322589,21.831161290322573,27.556000000000008,17.353354838709674,66.38948387096771,4.6970967741935485,70.0,69.97,68.33,,0.0,70.0,70.52166666666666,0.0,69.645,2021-08-01
2021-08-01,Wheat flour,69.645,5.71,6.57,7.0,0.8192258064516129,22.778129032258075,29.13645161290323,17.586645161290317,62.746903225806456,4.781161290322578,70.0,70.0,72.6,,-0.355000000000004,69.88166666666666,70.02916666666665,0.0,68.89,2021-09-01
2021-09-01,Wheat flour,68.89,5.35,6.91,7.0,0.8566000000000005,23.6962,30.353733333333302,18.39033333333334,61.80706666666668,5.1367999999999965,69.645,70.0,70.56,,-0.7549999999999955,69.51166666666666,69.75083333333333,0.0,70.83500000000001,2021-10-01
2021-10-01,Wheat flour,70.83500000000001,6.07,6.45,7.0,0.9926451612903228,24.777870967741944,31.445612903225797,19.28006451612903,59.91716129032259,4.692838709677422,68.89,70.0,69.97,102.86,1.9450000000000076,69.79,69.895,0.0,73.47,2021-11-01
2021-11-01,Wheat flour,73.47,6.1,5.8,7.0,2.353666666666667,25.23273333333333,31.71406666666668,20.02933333333334,61.54279999999998,4.274666666666668,70.83500000000001,69.645,70.0,102.86,2.634999999999991,71.06500000000001,70.47333333333334,0.0,73.44,2021-12-01
2021-12-01,Wheat flour,73.44,5.62,5.73,7.0,3.16367741935484,23.442774193548384,29.09103225806451,19.034,72.45916129032256,4.153032258064515,73.47,68.89,70.0,62.0,-0.0300000000000011,72.58166666666666,71.04666666666667,0.0,74.69,2022-01-01
2022-01-01,Wheat flour,74.69,6.08,5.39,7.0,1.0556129032258066,23.976,30.78348387096775,18.405548387096765,61.97374193548387,3.780967741935484,73.44,70.83500000000001,70.0,68.33,1.25,73.86666666666666,71.82833333333333,0.0,77.69,2022-02-01
2022-02-01,Wheat flour,77.69,6.23,5.08,7.0,0.751928571428572,25.41328571428572,32.26628571428571,19.74971428571427,57.56485714285712,3.527714285714285,74.69,73.47,69.645,72.6,3.0,75.27333333333333,73.16916666666667,0.0,88.33,2022-03-01
2023-01-01,Wheat flour,110.625,7.95,8.98,8.75,0.4614193548387098,24.429354838709678,31.497419354838705,18.43832258064516,57.50322580645159,4.315354838709677,120.0,77.69,73.47,70.0,-9.375,106.31833333333331,90.79583333333332,1.75,113.54,2023-02-01
2023-02-01,Wheat flour,113.54,8.3,9.23,8.75,0.2490714285714285,25.779071428571427,33.53999999999999,19.067071428571435,51.11364285714282,4.3248571428571445,110.625,88.33,73.44,70.0,2.914999999999992,114.72166666666664,97.47916666666669,0.0,109.64,2023-03-01
2023-03-01,Wheat flour,109.64,8.59,9.19,9.5,2.4013548387096764,25.384516129032253,31.94077419354838,20.057032258064517,60.971677419354855,4.06658064516129,113.54,120.0,74.69,70.0,-3.899999999999992,111.26833333333332,103.30416666666666,0.75,110.0,2023-04-01
2023-04-01,Wheat flour,110.0,8.71,7.9,9.5,7.197333333333333,23.745999999999984,29.0422,19.674599999999984,74.81580000000002,3.944533333333332,109.64,110.625,77.69,69.645,0.3599999999999994,111.06,108.68916666666668,0.0,110.0,2023-05-01
2023-05-01,Wheat flour,110.0,8.78,8.03,9.5,4.442903225806452,23.30825806451613,29.11400000000001,18.91664516129032,73.83045161290323,4.281419354838708,110.0,113.54,88.33,68.89,0.0,109.88,112.30083333333332,0.0,110.0,2023-06-01
2023-06-01,Wheat flour,110.0,8.77,7.88,10.5,2.095133333333332,22.743266666666667,28.554933333333327,18.20666666666667,71.06640000000003,4.183399999999999,110.0,109.64,120.0,70.83500000000001,0.0,110.0,110.63416666666669,1.0,109.28,2023-07-01
2023-07-01,Wheat flour,109.28,8.68,7.28,10.5,1.2007741935483869,22.377032258064503,28.50600000000001,17.540967741935482,68.09154838709676,4.793741935483872,110.0,110.0,110.625,73.47,-0.7199999999999989,109.76,110.41,0.0,105.0,2023-08-01
2023-08-01,Wheat flour,105.0,8.52,6.73,10.5,1.2456129032258063,22.88574193548387,29.28122580645161,17.85677419354839,66.17167741935486,5.026322580645161,109.28,110.0,113.54,73.44,-4.280000000000001,108.09333333333332,108.98666666666666,0.0,102.655,2023-09-01
2023-09-01,Wheat flour,102.655,8.32,6.78,10.5,1.2512666666666667,24.303266666666666,30.885133333333325,19.023200000000013,63.47546666666668,4.6887333333333325,105.0,110.0,109.64,74.69,-2.344999999999999,105.645,107.8225,0.0,105.895,2023-10-01
2023-10-01,Wheat flour,105.895,8.1,6.92,10.5,2.628645161290323,24.625612903225804,31.094258064516087,19.54954838709677,65.34103225806454,4.684000000000001,102.655,109.28,110.0,77.69,3.240000000000009,104.51666666666668,107.13833333333332,0.0,105.415,2023-11-01
2023-11-01,Wheat flour,105.415,7.87,6.8,10.5,9.33346666666667,23.02306666666667,27.941599999999973,19.267866666666663,78.72493333333331,3.671533333333332,105.895,105.0,110.0,88.33,-0.4800000000000182,104.65500000000002,106.37416666666664,0.0,120.0,2023-12-01
2023-12-01,Wheat flour,120.0,7.67,6.63,12.5,1.8227741935483872,23.924580645161296,29.33877419354839,19.554838709677423,73.56464516129034,3.545483870967744,105.415,102.655,110.0,120.0,14.585000000000008,110.43666666666668,108.04083333333334,2.0,102.915,2024-01-01
2024-01-01,Wheat flour,102.915,7.5,6.85,12.5,2.3723225806451618,24.25774193548387,29.788000000000004,19.716064516129023,69.22432258064514,3.1272903225806448,120.0,105.895,109.28,110.625,-17.085000000000008,109.44333333333331,106.98,0.0,103.33,2024-02-01
2024-02-01,Wheat flour,103.33,7.26,6.31,13.0,2.0566896551724128,25.350689655172413,31.520551724137945,20.212275862068964,66.31717241379307,3.741241379310345,102.915,105.415,105.0,113.54,0.4150000000000062,108.74833333333332,106.70166666666668,0.5,119.5,2024-03-01
2024-03-01,Wheat flour,119.5,6.97,5.7,13.0,2.327935483870968,25.79329032258065,31.81593548387097,20.99567741935485,66.56761290322584,4.041161290322585,103.33,120.0,102.655,109.64,16.17,108.58166666666666,109.50916666666669,0.0,100.0,2024-04-01
2024-04-01,Wheat flour,100.0,6.73,5.0,13.0,8.986199999999998,23.79073333333333,28.397533333333328,20.36040000000001,78.19506666666669,3.6072,119.5,102.915,105.895,110.0,-19.5,107.61,108.52666666666666,0.0,100.0,2024-05-01
2024-05-01,Wheat flour,100.0,6.49,5.1,13.0,4.229612903225806,23.623419354838685,28.854064516129032,19.470129032258058,74.99767741935482,4.029419354838709,100.0,103.33,105.415,110.0,0.0,106.5,107.62416666666668,0.0,114.0,2024-06-01
2024-06-01,Wheat flour,114.0,4.64,6.22,13.0,1.2621333333333329,22.826733333333344,28.75386666666668,17.97533333333332,68.3048,4.3918,100.0,119.5,120.0,110.0,14.0,104.66666666666669,106.62416666666668,0.0,95.0,2024-07-01
2024-07-01,Wheat flour,95.0,5.97,4.31,13.0,1.594709677419355,22.666129032258063,28.35070967741936,18.120193548387093,68.32929032258063,4.065354838709677,114.0,100.0,102.915,109.28,-19.0,103.0,105.305,0.0,94.165,2024-08-01
2024-08-01,Wheat flour,94.165,5.77,4.36,12.75,0.9360000000000004,23.02948387096774,29.357999999999997,18.00567741935484,65.19645161290319,4.680645161290326,95.0,100.0,103.33,105.0,-0.835000000000008,101.055,103.7775,-0.25,107.0,2024-09-01
2024-09-01,Wheat flour,107.0,5.5,3.56,12.75,0.904266666666667,24.14846666666667,31.002266666666657,18.607,61.10273333333333,4.912733333333333,94.165,114.0,119.5,102.655,12.835000000000008,98.72166666666664,101.69416666666666,0.0,90.0,2024-10-01
2024-10-01,Wheat flour,90.0,5.14,2.72,12.0,0.8206451612903226,25.090645161290325,31.86322580645161,19.57612903225806,60.61277419354836,4.586064516129031,107.0,95.0,100.0,105.895,-17.0,97.055,100.0275,-0.75,91.43,2024-11-01
2024-11-01,Wheat flour,91.43,4.81,2.75,12.0,5.397466666666665,24.418533333333343,29.939933333333343,20.20926666666666,70.95033333333329,3.6839333333333326,90.0,94.165,100.0,105.415,1.4300000000000068,96.14333333333332,98.59916666666668,0.0,104.5,2024-12-01
2024-12-01,Wheat flour,104.5,4.5,2.99,11.25,1.8755483870967744,24.34948387096775,30.476387096774182,19.31638709677419,66.94780645161289,3.624516129032257,91.43,107.0,114.0,120.0,13.069999999999991,95.31,97.01583333333332,-0.75,95.0,2025-01-01
2025-01-01,Wheat flour,95.0,4.21,3.28,11.25,0.7796774193548389,25.158451612903228,32.159225806451616,19.218838709677406,57.03458064516127,3.969612903225807,104.5,90.0,95.0,102.915,-9.5,96.97666666666667,97.01583333333332,0.0,96.67,2025-02-01
2025-02-01,Wheat flour,96.67,3.98,3.45,10.75,0.1199999999999999,25.695428571428565,33.249857142857124,19.149,54.62171428571431,4.577000000000001,95.0,91.43,94.165,103.33,1.6700000000000017,98.72333333333334,97.43333333333334,-0.5,98.0,2025-03-01
2025-03-01,Wheat flour,98.0,3.81,3.62,10.75,2.4451612903225803,25.729548387096774,31.886129032258072,20.82825806451615,63.927096774193565,3.830387096774193,96.67,104.5,107.0,119.5,1.3299999999999983,96.55666666666669,95.93333333333334,0.0,86.53999999999999,2025-04-01
2025-04-01,Wheat flour,86.53999999999999,3.74,4.11,10.0,5.220666666666667,24.250733333333333,29.64446666666668,20.16893333333333,73.82386666666672,3.7092000000000014,98.0,95.0,90.0,100.0,-11.460000000000008,93.73666666666668,95.35666666666668,-0.75,88.33500000000001,2025-05-01
2025-05-01,Wheat flour,88.33500000000001,3.63,3.75,10.0,4.08264516129032,23.566774193548387,28.9805806451613,19.4305806451613,73.60451612903228,4.216258064516128,86.53999999999999,96.67,91.43,100.0,1.795000000000016,90.95833333333331,94.84083333333336,0.0,95.0,2025-06-01
2025-06-01,Wheat flour,95.0,3.56,3.82,9.75,2.105666666666667,22.760866666666672,28.411133333333336,18.32386666666668,70.13126666666663,4.3168,88.33500000000001,98.0,104.5,114.0,6.664999999999992,89.95833333333333,93.2575,-0.25,82.0,2025-07-01
2025-07-01,Wheat flour,82.0,3.55,4.15,9.75,1.677806451612903,22.34941935483871,28.219612903225794,17.61896774193549,67.3152903225806,4.499483870967742,95.0,86.53999999999999,95.0,95.0,-13.0,88.44500000000001,91.09083333333336,0.0,90.0,2025-08-01
2025-08-01,Wheat flour,90.0,3.56,4.53,9.5,4.021999999999999,22.03522580645161,27.794451612903234,17.444258064516138,68.66664516129035,4.260129032258064,82.0,88.33500000000001,96.67,94.165,8.0,89.0,89.97916666666667,-0.25,100.0,2025-09-01
2025-09-01,Wheat flour,100.0,3.65,4.58,9.5,0.9335333333333332,23.50606666666667,30.20480000000001,17.999266666666667,62.95826666666672,4.427266666666666,90.0,95.0,98.0,107.0,10.0,90.66666666666669,90.3125,0.0,88.33500000000001,2025-10-01
2025-10-01,Wheat flour,88.33500000000001,3.8,4.56,9.25,2.074903225806452,24.370193548387096,30.639741935483865,19.28787096774194,62.97761290322581,4.31516129032258,100.0,82.0,86.53999999999999,90.0,-11.664999999999992,92.77833333333336,90.61166666666668,-0.25,88.255,2025-11-01
2025-11-01,Wheat flour,88.255,3.94,4.46,9.25,1.0433333333333334,24.573666666666664,30.835266666666666,19.537066666666654,65.35886666666669,4.259733333333332,88.33500000000001,90.0,88.33500000000001,91.43,-0.0800000000000125,92.19666666666669,90.59833333333334,0.0,100.0,2025-12-01
2025-12-01,Wheat flour,100.0,4.07,4.49,9.0,1.8190322580645149,25.00529032258064,31.20554838709679,19.921161290322583,63.28716129032258,3.802903225806451,88.255,100.0,95.0,104.5,11.745000000000005,92.19666666666669,91.43166666666669,-0.25,99.57,2026-01-01
2026-01-01,Wheat flour,99.57,4.16,4.4,9.0,1.145822580645162,24.324359375000025,30.912066028225794,18.84784173387096,62.25724697580647,3.792182963709665,100.0,88.33500000000001,82.0,95.0,-0.4300000000000068,95.94166666666666,94.36,0.0,100.0,2026-02-01
2026-02-01,Wheat flour,100.0,4.23,4.25,8.75,0.8548126154556672,25.384638912407667,32.41319515855911,19.4430963092672,58.030784848368256,3.961852101293102,99.57,88.255,90.0,96.67,0.4300000000000068,99.85666666666668,96.02666666666669,-0.25,100.0,2026-03-01
2026-03-01,Wheat flour,100.0,4.29,4.39,8.75,2.038562357124712,25.623604267208552,32.159948691897334,20.32225654051306,61.7244211328422,4.11545948691897,100.0,100.0,100.0,98.0,0.0,99.85666666666668,96.02666666666669,0.0,90.0,2026-04-01
2026-04-01,Wheat flour,90.0,4.42,5.59,8.75,5.932325000000009,24.13787371794871,29.4320878205128,20.085883333333346,73.47075320512826,3.949292948717952,100.0,99.57,88.33500000000001,86.53999999999999,-10.0,96.66666666666669,96.30416666666667,0.0,98.75,2026-05-01
2026-05-01,Wheat flour,98.75,4.66,6.68,8.75,4.067935483870966,23.4403436950146,28.97188914956016,19.169278592375367,73.17871788856294,4.220569501466271,90.0,100.0,88.255,88.33500000000001,8.75,96.25,98.05333333333331,0.0,92.915,2026-06-01
2026-06-01,Wheat flour,92.915,4.88,6.41,8.75,1.601358260869567,22.64871652173913,28.488699130434828,18.015693913043457,69.15025217391297,4.422414492753631,98.75,100.0,100.0,95.0,-5.835000000000008,93.88833333333332,96.8725,0.0,91.39,2026-07-01
2026-07-01,Wheat flour,91.39,5.08,6.49,9.784965034965037,1.390702052785923,22.23961524926686,28.102879765395908,17.588340175953082,67.44304222873895,4.551488563049847,92.915,90.0,99.57,82.0,-1.5249999999999917,94.35166666666667,95.50916666666666,1.034965034965035,90.555,2026-08-01
